OmDhofarAA001,DHO1A01,16201T 16223T 16265G 16519C
OmDhofarAA002,DHO1A02,16069T 16126C 16145A 16185T 16222T 16261T
OmDhofarAA003,DHO1A03,16126C 16153A 16355T 16362C
OmDhofarAA004,DHO1A04,16126C 16355T 16362C
OmDhofarAA005,DHO1A05,15886T 16172C 16220C 16354T
OmDhofarAA006,DHO1A06,
OmDhofarAA007,DHO1A07,
OmDhofarAA008,DHO1A08,
OmDhofarAA009,DHO1A09,
OmDhofarAA010,DHO1A10,16201T 16223T 16265G 16519C
OmDhofarAA011,DHO1A11,16304C 16362C 16519C
OmDhofarAA012,DHO1A12,16362C
OmDhofarAA013,DHO1B01,16071T 16169T 16519C
OmDhofarAA014,DHO1B02,16126C 16304C 16362C
OmDhofarAA015,DHO1B03,16192T 16256T 16270T 16311C 16399G
OmDhofarAA016,DHO1B05,
OmDhofarAA017,DHO1B06,15928A 16126C 16294T 16296T 16362C 16519C
OmDhofarAA018,DHO1B07,16223T 16278T 16294T 16309G 16390A 16519C
OmDhofarAA019,DHO1B08,
OmDhofarAA020,DHO1B09,15924G 16129A 16148T 16223T 16391A 16519C
OmDhofarAA021,DHO1B10,16201T 16223T 16265G 16519C
OmDhofarAA022,DHO1B11,16148T 16172C 16187T 16188G 16189C 16223T 16230G 16311C 16320T 16356C 16519C
OmDhofarAA023,DHO1B12,16071T 16519C
OmDhofarAA024,DHO1C01,16069T 16126C
OmDhofarAA025,DHO1C02,16069T 16126C
OmDhofarAA026,DHO1C03,15928A 16126C 16153A 16294T 16296T 16327A 16519C
OmDhofarAA027,DHO1C05,
OmDhofarAA028,DHO1C06,15928A 16126C 16294T 16296T 16362C 16519C
OmDhofarAA029,DHO1C07,16071T 16249A 16519C
OmDhofarAA030,DHO1C08,16111T 16129A 16148T 16166G 16187T 16189C 16223T 16254G 16278T 16335G 16360T
OmDhofarAA031,DHO1C09,15924G 16129A 16148T 16223T 16391A 16519C
OmDhofarAA032,DHO1C10,16201T 16223T 16265G 16519C
OmDhofarAA033,DHO1C11,15928A 16126C 16153A 16294T 16296T 16327A 16519C
OmDhofarAA034,DHO1C12,16183C 16189C 16223T 16278T 16519C
OmDhofarAA035,DHO1D01,15928A 16126C 16153A 16183C 16189C 16294T 16296T 16327A 16519C
OmDhofarAA036,DHO1D02,16126C 16172C 16355T 16362C 16519C
OmDhofarAA037,DHO1D03,15942C 16223T 16325d 16327T 16400T
OmDhofarAA038,DHO1D05,15886T 16172C 16354T
OmDhofarAA039,DHO1D06,16071T 16169T 16519C
OmDhofarAA040,DHO1D07,16145A 16192T 16223T 16300G 16316G 16519C
OmDhofarAA041,DHO1D08,16274A 16311C 16343G 16390A 16519C
OmDhofarAA042,DHO1D09,15924G 16129A 16148T 16223T 16391A 16519C
OmDhofarAA043,DHO1D10,15924G 16129A 16148T 16223T 16391A 16519C
OmDhofarAA044,DHO1D11,16114A 16129A 16213A 16223T 16278T 16355T 16362C 16390A
OmDhofarAA045,DHO1D12,15942C 16223T 16325d 16327T 16400T
OmDhofarAA046,DHO1E01,16069T 16126C 16145A 16185T 16222T 16261T
OmDhofarAA047,DHO1E02,15928A 16126C 16146G 16189C 16265C 16292T 16294T 16296T 16519C
OmDhofarAA048,DHO1E03,
OmDhofarAA049,DHO1E04,15928A 16126C 16153A 16183C 16189C 16294T 16296T 16327A 16519C
OmDhofarAA050,DHO1E05,15927A 16129A 16223T 16311C 16519C
OmDhofarAA051,DHO1E06,16069T 16126C 16182G 16297C
OmDhofarAA052,DHO1E07,15924G 15968C 16129A 16148T 16223T 16391A 16519C
OmDhofarAA053,DHO1E08,
OmDhofarAA054,DHO1E09,15928A 16126C 16294T 16296T 16362C 16519C
OmDhofarAA055,DHO1E10,16126C 16172C 16355T 16362C
OmDhofarAA056,DHO1E11,16148T 16172C 16187T 16188G 16189C 16223T 16230G 16311C 16320T 16519C
OmDhofarAA057,DHO1E12,16183C 16189C 16223T 16249C 16311C 16519C
OmDhofarAA058,DHO1F01,16126C 16172C 16355T 16362C
OmDhofarAA059,DHO1F02,16201T 16223T 16265G 16519C
OmDhofarAA060,DHO1F03,15928A 16126C 16294T 16296T 16362C 16519C
OmDhofarAA061,DHO1F04,16126C 16172C 16355T 16362C
OmDhofarAA062,DHO1F05,15928A 16086C 16126C 16294T 16296T 16362C 16519C
OmDhofarAA063,DHO1F06,16126C 16172C 16355T 16362C
OmDhofarAA064,DHO1F07,16249A
OmDhofarAA065,DHO1F08,15928A 16124C 16126C 16146G 16183C 16189C 16294T 16296T 16519C
OmDhofarAA066,DHO1F09,15928A 16126C 16294T 16296T 16362C 16519C
OmDhofarAA067,DHO1F10,16126C 16172C 16355T 16362C
OmDhofarAA068,DHO1F11,16148T 16172C 16187T 16188G 16189C 16223T 16230G 16311C 16320T 16519C
OmDhofarAA069,DHO1F12,15928A 16126C 16153A 16183C 16189C 16294T 16296T 16327A 16519C
OmDhofarAA070,DHO1G01,16201T 16223T 16265G 16519C
OmDhofarAA071,DHO1G02,16126C 16153A 16355T 16362C
OmDhofarAA072,DHO1G04,
OmDhofarAA073,DHO1G05,15928A 16124C 16126C 16146G 16183C 16189C 16294T 16296T 16519C
OmDhofarAA074,DHO1G06,16069T 16126C 16145A 16185T 16222T 16261T
OmDhofarAA075,DHO1G07,16126C 16355T 16362C
OmDhofarAA076,DHO1G08,15928A 16124C 16126C 16146G 16183C 16189C 16294T 16296T 16519C
OmDhofarAA077,DHO1G09,
OmDhofarAA078,DHO1G10,16126C 16172C 16355T 16362C
OmDhofarAA079,DHO1G11,16114A 16129A 16213A 16223T 16278T 16355T 16362C 16390A
OmDhofarAA080,DHO1G12,16201T 16223T 16265G 16519C
OmDhofarAA081,DHO1H01,16223T 16264T 16265T 16519C
OmDhofarAA082,DHO1H02,16126C 16153A 16355T 16362C
OmDhofarAA083,DHO1H04,16126C 16223T
OmDhofarAA084,DHO1H05,15928A 16086C 16126C 16294T 16296T 16362C 16519C
OmDhofarAA085,DHO1H06,
OmDhofarAA086,DHO1H07,16129A 16183C 16189C 16223T 16249C 16311C 16359C 16519C
OmDhofarAA087,DHO1H08,16069T 16126C 16297C
OmDhofarAA088,DHO1H09,16201T 16223T 16265G 16519C
OmDhofarAA089,DHO1H10,16304C 16362C 16519C
OmDhofarAA090,DHO1H11,16362C
OmDhofarAA091,DHO1H12,16169T 16223T 16256T 16278T 16311C 16519C
OmDhofarAA092,DHO2A01,16126C 16172C 16355T 16362C
OmDhofarAA093,DHO2A02,15951G 16169T 16189C 16223T 16278T 16298C 16311C 16519C
OmDhofarAA094,DHO2A03,16201T 16223T 16265G 16519C
OmDhofarAA095,DHO2A04,15900C 16126C 16362C 16519C
OmDhofarAA096,DHO2A05,16071T 16519C
OmDhofarAA097,DHO2A06,
OmDhofarAA098,DHO2A07,16071T 16320T 16519C
OmDhofarAA099,DHO2A09,16201T 16223T 16265G 16519C
OmDhofarAA100,DHO2A10,16126C 16172C 16325C 16355T 16362C
OmDhofarAA101,DHO2A11,16071T 16286T 16320T 16519C
OmDhofarAA102,DHO2A12,16071T 16093C 16148T 16172C 16187T 16188A 16189C 16192T 16223T 16230G 16233C 16234T 16290T 16311C 16320T 16519C
OmDhofarAA103,DHO2B01,16201T 16223T 16265G 16519C
OmDhofarAA104,DHO2B03,16071T 16519C
OmDhofarAA105,DHO2B04,16126C 16172C 16184A 16362C
OmDhofarAA106,DHO2B05,16126C 16304C 16362C
OmDhofarAA107,DHO2B06,
OmDhofarAA108,DHO2B07,15883A 15944d 16082G 16124C 16223T 16278T 16362C 16519C
OmDhofarAA109,DHO2B08,
OmDhofarAA110,DHO2B09,16201T 16223T 16265G 16519C
OmDhofarAA111,DHO2B10,16071T 16519C
OmDhofarAA112,DHO2B11,16201T 16223T 16265G 16519C
OmDhofarAA113,DHO2B12,16148T 16172C 16187T 16188G 16189C 16223T 16230G 16311C 16320T 16519C
OmDhofarAA114,DHO2C01,16129A 16148T 16168T 16172C 16187T 16188G 16189C 16223T 16230G 16311C 16320T
OmDhofarAA115,DHO2C02,15924G 16129A 16148T 16223T 16391A 16519C
OmDhofarAA116,DHO2C03,16126C 16362C
OmDhofarAA117,DHO2C04,16071T 16519C
OmDhofarAA118,DHO2C05,16126C 16304C 16362C
OmDhofarAA119,DHO2C06,
OmDhofarAA120,DHO2C08,16148T 16189C 16223T 16270T 16274A 16319A 16352C 16519C
OmDhofarAA121,DHO2C09,
OmDhofarAA122,DHO2C10,16069T 16126C 16145A 16185T 16222T 16223T 16261T
OmDhofarAA123,DHO2C11,16126C 16172C 16355T 16362C
OmDhofarAA124,DHO2C12,16126C 16172C 16355T 16362C
OmDhofarAA125,DHO2D01,
OmDhofarAA126,DHO2D02,16126C 16172C 16355T 16362C
OmDhofarAA127,DHO2D03,16201T 16223T 16265G 16519C
OmDhofarAA128,DHO2D04,
OmDhofarAA129,DHO2D05,16126C 16304C 16362C
OmDhofarAA130,DHO2D06,16126C 16304C 16362C
OmDhofarAA131,DHO2D08,16126C 16172C 16355T 16362C
OmDhofarAA132,DHO2D09,16069T 16126C
OmDhofarAA133,DHO2D11,16048A 16129A 16223T 16287T 16390A 16519C
OmDhofarAA134,DHO2D12,16069T 16126C 16145A 16185T 16222T 16261T
OmDhofarAA135,DHO2E01,16126C 16172C 16355T 16362C
OmDhofarAA136,DHO2E02,15924G 16129A 16148T 16223T 16391A 16519C
OmDhofarAA137,DHO2E03,16224C 16311C 16519C
OmDhofarAA138,DHO2E04,
OmDhofarAA139,DHO2E05,16126C 16304C 16362C
OmDhofarAA140,DHO2E06,16126C 16304C 16362C
OmDhofarAA141,DHO2E07,16071T 16169T 16519C
OmDhofarAA142,DHO2E08,
OmDhofarAA143,DHO2E09,16126C 16172C 16325C 16355T 16362C
OmDhofarAA144,DHO2E10,16071T 16519C
OmDhofarAA145,DHO2E11,16071T 16169T 16519C
OmDhofarAA146,DHO2E12,15924G 15959A 15968C 16129A 16148T 16188T 16223T 16391A 16519C
OmDhofarAA147,DHO2F01,
OmDhofarAA148,DHO2F02,16201T 16223T 16265G 16519C
OmDhofarAA149,DHO2F03,16126C 16362C
OmDhofarAA150,DHO2F04,16071T 16519C
OmDhofarAA151,DHO2F05,16126C 16304C 16362C
OmDhofarAA152,DHO2F06,16126C 16304C 16362C
OmDhofarAA153,DHO2F07,16069T 16126C 16241G 16362C
OmDhofarAA154,DHO2F08,15886T 16172C 16354T
OmDhofarAA155,DHO2F09,16201T 16223T 16265G 16365T 16519C
OmDhofarAA156,DHO2F10,15928A 16126C 16294T 16296T 16362C 16519C
OmDhofarAA157,DHO2F11,15928A 16086C 16126C 16294T 16296T 16362C 16519C
OmDhofarAA158,DHO2F12,16201T 16223T 16265G 16519C
OmDhofarAA159,DHO2G01,16069T 16126C
OmDhofarAA160,DHO2G02,16201T 16223T 16265G 16519C
OmDhofarAA161,DHO2G03,16126C 16153A 16355T 16362C
OmDhofarAA162,DHO2G04,16069T 16126C 16193T 16258G 16288C 16300G 16309G
OmDhofarAA163,DHO2G05,
OmDhofarAA164,DHO2G06,16126C 16304C 16362C
OmDhofarAA165,DHO2G07,16201T 16223T 16265G 16519C
OmDhofarAA166,DHO2G08,16201T 16223T 16265G 16519C
OmDhofarAA167,DHO2G09,16071T 16286T 16320T 16519C
OmDhofarAA168,DHO2G10,
OmDhofarAA169,DHO2G11,15924G 15968C 16129A 16148T 16223T 16391A 16519C
OmDhofarAA170,DHO2H02,16126C 16249A 16362C
OmDhofarAA171,DHO2H03,16126C 16362C
OmDhofarAA172,DHO2H04,16071T 16169T 16519C
OmDhofarAA173,DHO2H05,16126C 16304C 16362C
OmDhofarAA174,DHO2H06,16071T 16519C
OmDhofarAA175,DHO2H07,16223T 16265T
OmDhofarAA176,DHO2H08,16069T 16126C 16145A 16184T 16261T 16304C
OmDhofarAA177,DHO2H09,15886T 16172C 16239T 16249A 16354T
OmDhofarAA178,DHO2H10,16223T 16265T 16519C
OmDhofarAA179,DHO2H11,16223T 16278T 16294T 16390A
OmDhofarAA180,DHO3A02,15942C 16223T 16249A 16325d 16327T 16400T
OmDhofarAA181,DHO3B01,
OmDhofarAA182,DHO3B02,16201T 16223T 16249A 16265G 16519C
OmDhofarAA183,DHO3B03,15942C 16223T 16327T
OmDhofarAA184,DHO3C01,16071T 16169T 16519C
OmDhofarAA185,DHO3C02,16126C 16172C 16355T 16362C
OmDhofarAA186,DHO3D01,16126C 16304C 16362C
OmDhofarAA187,DHO3D02,15883A 15944d 16124C 16223T 16278T 16362C 16519C
OmDhofarAA188,DHO3D03,16126C 16362C
OmDhofarAA189,DHO3E01,16201T 16223T 16265G 16519C
OmDhofarAA190,DHO3E02,16069T 16126C 16145A 16185T 16222T 16261T
OmDhofarAA191,DHO3E03,15886T 16172C 16249A 16354T
OmDhofarAA192,DHO3F01,16126C 16172C 16249A 16355T 16362C
OmDhofarAA193,DHO3F03,15928A 16126C 16294T 16296T 16362C 16519C
OmDhofarAA194,DHO3G01,16071T 16519C
OmDhofarAA195,DHO3H01,15928A 16124C 16126C 16146G 16183C 16189C 16294T 16296T 16519C
OmDhofarAA196,DHO3H02,16126C 16172C 16355T 16362C
YeMahraAA001,AMA305,16129A 16148T 16168T 16172C 16187T 16188G 16189C 16223T 16230G 16311C 16320T
YeMahraAA002,AMA306,16126C 16207G 16362C
YeMahraAA003,AMA307,
YeMahraAA004,AMA308,16126C 16362C
YeMahraAA005,AMA309,16223T 16265T
YeMahraAA006,AMA310,16126C 16325C 16355T 16362C
YeMahraAA007,AMA311,16126C 16153A 16294T 16296T 16327A 16G
YeMahraAA008,AMA312,
YeMahraAA009,AMA313,16126C 16325C 16355T 16362C
YeMahraAA010,AMA314,16126C 16172C 16355T 16362C 16G
YeMahraAA011,AMA315,
YeMahraAA012,AMA316,16126C 16325C 16355T 16362C
YeMahraAA013,AMA317,16069T 16126C 16241G 16362C
YeMahraAA014,AMA318,16126C 16172C 16355T 16362C
YeMahraAA015,AMA319,16071T
YeMahraAA016,AMA320,
YeMahraAA017,AMA321,16126C 16325C 16355T 16362C
YeMahraAA018,AMA322,16126C 16153A 16294T 16296T 16327A
YeMahraAA019,AMA323,16071T 16129A 16145A 16187T 16189C 16213A 16223T 16234T 16265C 16278T 16286G 16294T 16311C 16360T
YeMahraAA020,AMA324,
YeMahraAA021,AMA325,16071T
YeMahraAA022,AMA326,16126C 16311C 16362C
YeMahraAA023,AMA327,16078G 16129A 16187T 16189C 16223T 16265C 16286A 16294T 16311C 16320T 16360T
YeMahraAA024,AMA328,16126C 16362C
YeMahraAA025,AMA329,16124C 16223T 16278T 16362C
YeMahraAA026,AMA330,16126C 16172C 16355T 16362C
YeMahraAA027,AMA331,
YeMahraAA028,AMA332,16069T 16126C 16241G 16311C 16362C
YeMahraAA029,AMA333,16176G 16223T 16258C 16390A
YeMahraAA030,AMA334,16129A 16148T 16168T 16172C 16187T 16188G 16189C 16223T 16230G 16278T 16293G 16311C 16320T
YeMahraAA031,AMA335,16129A 16148T 16168T 16172C 16187T 16188G 16189C 16223T 16230G 16311C 16320T
YeMahraAA032,AMA336,16069T 16126C 16241G 16362C
YeMahraAA033,AMA337,16071T 16265G
YeMahraAA034,AMA338,16129A 16148T 16168T 16172C 16187T 16188G 16189C 16223T 16230G 16278T 16293G 16311C 16320T
YeMahraAA035,AMA339,16069T 16126C 16193T 16300G 16309G
YeMahraAA036,AMA340,16201T 16223T 16265G
YeMahraAA037,AMA341,16069T 16126C 16241G 16362C
YeMahraAA038,AMA342,16126C 16153A 16294T 16296T 16327A
YeMahraAA039,AMA343,16107G 16131G 16172C 16183C 16189C 16219G 16278T
YeMahraAA040,AMA344,16126C 16172C 16355T 16362C
YeMahraAA041,AMA345,16071T
YeMahraAA042,AMA346,
YeMahraAA043,AMA347,16224C 16311C
YeMahraAA044,AMA348,16126C 16231C 16318C
YeMahraAA045,AMA349,16189C 16223T 16278T 16294T 16309G 16390A
YeMahraAA046,AMA350,16124C 16223T 16278T 16362C
YeMahraAA047,AMA351,16051G 16129A 16259T 16278T 16291T
YeMahraAA048,AMA352,16071T
YeMahraAA049,AMA353,
YeMahraAA050,AMA354,16189C 16223T 16278T 16294T 16309G 16390A
YeMahraAA051,AMA355,16126C 16185T 16355T 16362C
YeMahraAA052,AMA356,16126C 16185T 16355T 16362C
YeMahraAA053,AMA357,16071T 16286T 16320T
YeMahraAA054,AMA358,16148T 16172C 16187T 16188G 16189C 16223T 16230G 16249A 16311C 16320T
YeMahraAA055,AMA359,16052T 16169T 16172C 16187T 16188T 16189C 16223T 16230G 16278T 16290T 16311C 16325C 16327T 16354T 16368C
YeMahraAA056,AMA360,16071T 16362C
YeMahraAA057,AMA361,16126C 16189C 16207G 16362C
YeMahraAA058,AMA362,16071T
YeMahraAA059,AMA363,
YeMahraAA060,AMA364,16126C 16207G 16362C
YeMahraAA061,AMA365,16124C 16223T 16319A
YeMahraAA062,AMA366,16071T
YeMahraAA063,AMA367,16069T 16126C 16231C 16319A
YeMahraAA064,AMA368,16069T 16126C 16241G 16362C
YeMahraAA065,AMA369,16126C 16362C
YeMahraAA066,AMA370,16124C 16223T 16319A
YeMahraAA067,AMA371,16126C 16183C 16189C 16207G 16362C
YeMahraAA068,AMA372,16223T 16278T 16294T 16309G 16390A
YeMahraAA069,AMA373,16129A 16148T 16172C 16187T 16188G 16189C 16223T 16230G 16311C 16320T
YeMahraAA070,AMA374,16201T 16223T 16265G
YeBabAlMandebAA001,YBA044,15928A 16093C 16126C 16163G 16186T 16189C 16294T 16300G 16519C
YeBabAlMandebAA002,YBA045,15944d 16223T 16260T 16311C 16519C
YeBabAlMandebAA003,YBA046,15944d 16223T 16260T 16311C 16519C
YeBabAlMandebAA004,YBA047,16069T 16126C 16183C 16189C 16360T
YeBabAlMandebAA005,YBA048,15944d 16223T 16260T 16311C 16519C
YeBabAlMandebAA006,YBA049,15928A 16126C 16163G 16185T 16186T 16189C 16294T 16300G 16519C
YeBabAlMandebAA007,YBA050,16069T 16126C 16145A 16241G
YeBabAlMandebAA008,YBA051,15944d 16223T 16260T 16311C 16519C
YeBabAlMandebAA009,YBA052,15944d 16223T 16260T 16311C 16519C
YeBabAlMandebAA010,YBA053,15954C 16111T 16214A 16249C 16327T
YeBabAlMandebAA011,YBA054,16126C 16355T 16362C
YeBabAlMandebAA012,YBA055,16183C 16189C 16223T 16278T 16519C
YeBabAlMandebAA013,YBA056,16129A 16183C 16189C 16223T 16249C 16311C 16359C 16519C
YeBabAlMandebAA014,YBA057,16126C 16355T 16362C
YeBabAlMandebAA015,YBA058,16069T 16126C 16183C 16189C 16360T
YeBabAlMandebAA016,YBA059,16126C 16355T 16362C 16519C
YeBabAlMandebAA017,YBA060,16169T 16189C 16356C 16519C
YeBabAlMandebAA018,YBA061,15928A 16126C 16288C 16292T 16294T 16296T 16311C
YeBabAlMandebAA019,YBA062,16223T 16234T 16519C
YeBabAlMandebAA020,YBA063,16089A 16126C 16193T 16256T 16300G 16309G
YeBabAlMandebAA021,YBA064,16223T 16234T 16249C 16278T 16294T 16390A
YeBabAlMandebAA022,YBA065,16172C 16192T 16239T
YeBabAlMandebAA023,YBA066,16223T 16234T 16519C
YeBabAlMandebAA024,YBA067,16126C 16355T 16362C 16519C
YeBabAlMandebAA025,YBA068,16069T 16126C 16193T 16300G 16309G
YeBabAlMandebAA026,YBA069,15928A 16093C 16126C 16163G 16186T 16189C 16294T 16300G 16519C
YeBabAlMandebAA027,YBA070,16519C
YeBabAlMandebAA028,YBA071,16223T 16234T 16519C
YeBabAlMandebAA029,YBA072,16069T 16126C 16300G 16309G
YeBabAlMandebAA030,YBA073,16189C 16223T 16278T 16294T 16390A
KeTurkanaAA001,TK2_01,16093C 16207C 16223T 16260T 16311C 16519C 73G 152C 195C 198T 263G 309.1C 315.1C 325T 510T
KeTurkanaAA002,TK2_02,16223T 16293T 16301T 16311C 16355T 16362C 16399G 16519C 73G 146C 244G 263G 315.1C 455.1T 513A
KeTurkanaAA003,TK2_03,15924G 16066G 16153A 16174T 16219G 16223T 16319A 73G 150T 263G 315.1C
KeTurkanaAA004,TK2_04,15883A 15944d 16124C 16223T 16278T 16362C 16519C 73G 263G 309.1C 315.1C 523d 524d
KeTurkanaAA005,TK2_05,16129A 16148T 16168T 16172C 16187T 16188G 16189C 16223T 16230G 16293G 16311C 16519C 89C 93G 95C 152C 185A 189G 195C 236C 247A 263G 309.1C 315.1C 523d 524d 553T
KeTurkanaAA006,TK2_06,16129A 16182C 16183C 16189C 16223T 16249C 16311C 16519C 73G 195C 198T 263G 309.1C 309.2C 315.1C 489C
KeTurkanaAA007,TK2_07,16111T 16129A 16184T 16223T 16304C 16519C 73G 150T 152C 182T 195C 263G 315.1C 523d 524d 573.1T
KeTurkanaAA008,TK2_08,16224C 16311C 16519C 73G 204C 263G 309.1C 315.1C 485C 497T 524.1A 524.2C 524.3A 524.4C
KeTurkanaAA009,TK2_09,16223T 16278T 16294T 16309G 16390A 73G 143A 146C 152C 195C 263G 309.1C 315.1C 523d 524d
KeTurkanaAA010,TK2_10,16172C 16254G 16519C 73G 152C 199C 263G 310C 315.1C 315.2C 523d 524d 574T
KeTurkanaAA011,TK2_11,16169T 16189C 16223T 16278T 16293G 16298C 16311C 16519C 73G 150T 199C 204C 263G 309.1C 315.1C 409T 573.1C
KeTurkanaAA012,TK2_12,15944d 16223T 16260T 16311C 16519C 73G 150T 152C 189G 263G 315.1C 504C 523d 524d
KeTurkanaAA013,TK2_13,16093C 16207C 16223T 16260T 16311C 16519C 73G 152C 195C 198T 263G 309.1C 315.1C 325T 510T 573.1C
KeTurkanaAA014,TK2_14,16129A 16148T 16168T 16172C 16187T 16188G 16189C 16223T 16230G 16293G 16311C 93G 151T 152C 185A 189G 236C 247A 263G 315.1C 523d 524d 553T
KeTurkanaAA015,TK2_15,15913T 16051G 16063C 16148T 16164G 16172C 16182C 16183C 16185T 16189C 16193d 16223T 16230G 16278T 16311C 93G 146C 152C 195C 236C 247A 263G 315.1C 523d 524d
KeTurkanaAA016,TK2_16,16223T 16224C 16278T 16295T 16309G 16519C 73G 146C 151T 152C 182T 195C 215G 263G 315.1C 511T 524.1A 524.2C 537T
KeTurkanaAA017,TK2_19,16183C 16189C 16254G 16316G 16519C 73G 152C 182T 263G 315.1C 523d 524d 573T
KeTurkanaAA018,TK2_20,16124C 16223T 16256T 16278T 16368C 16399G 73G 152C 263G 309.1C 315.1C 523d 524d
KeTurkanaAA019,TK2_21,16183C 16189C 16254G 16316G 16519C 73G 152C 182T 263G 315.1C 523d 524d 574T
KeTurkanaAA020,TK2_22,16124C 16223T 16256T 16278T 16368C 16399G 73G 152C 263G 310C 315.1C 315.2C 523d 524d
KeTurkanaAA021,TK2_23,16183C 16189C 16254G 16316G 16519C 73G 152C 182T 263G 315.1C 523d 524d 574T
KeTurkanaAA022,TK2_24,16183C 16189C 16254G 16316G 16519C 73G 152C 182T 263G 315.1C 523d 524d 574T
KeTurkanaAA023,TK2_25,16124C 16223T 16256T 16278T 16368C 16399G 73G 152C 263G 309.1C 315.1C 523d 524d
KeTurkanaAA024,TK2_26,16124C 16223T 16256T 16278T 16368C 16399G 73G 152C 263G 309.1C 315.1C 523d 524d
SoSomaliAA001,SO_04,15929G 16111A 16129A 16172C 16223T 16248T 16291T 16311C 16527T 73G 152C 199C 204C 263G 315.1C 338T 523d 524d
SoSomaliAA002,SO_05,15924G 16183C 16189C 16192T 16223T 16278T 16294T 16390A 73G 143A 146C 152C 195C 263G 309.1C 315.1C
SoSomaliAA003,SO_06,15944d 16111A 16209C 16223T 16286T 16311C 73G 152C 263G 315.1C
SoSomaliAA004,SO_07,16093C 16129A 16189C 16223T 16249C 16291T 16311C 16359C 16519C 73G 150T 195C 198T 263G 310C 315.1C 315.2C 489C 523d 524d
SoSomaliAA005,SO_10,16129A 16148T 16168T 16172C 16187T 16188G 16189C 16223T 16230G 16311C 93G 152C 185A 189G 236C 247A 263G 315.1C 523d 524d 553T
SoSomaliAA006,SO_11,15944d 16126C 16172C 16209C 16223T 16519C 73G 228A 263G 309.1C 315.1C
SoSomaliAA007,SO_12,16111T 16184T 16223T 16304C 16519C 73G 150T 195C 263G 315.1C 318C 523d 524d
SoSomaliAA008,SO_13,16093C 16129A 16189C 16223T 16249C 16311C 16359C 16519C 73G 150T 195C 198T 263G 310C 315.1C 315.2C 489C 523d 524d
SoSomaliAA009,SO_17,16223T 16316G 16519C 73G 152C 263G 315.1C 523d 524d 573T
