EsCanaryIslandsFP001,1,16336A
EsCanaryIslandsFP002,2,16260T
EsCanaryIslandsFP003,2,16260T
EsCanaryIslandsFP004,3,16019G 16126C 16161C 16163G 16185T 16189C 16284G 16294T
EsCanaryIslandsFP005,4,16019A 16027A 16041G 16223T
EsCanaryIslandsFP006,5,16126C 16183T 16187T 16189C 16223T 16264T 16270T 16278T 16311C
MaBerberFP001,6,
MaBerberFP002,6,
EsCanaryIslandsFP007,6,
EsCanaryIslandsFP008,6,
EsCanaryIslandsFP009,6,
EsCanaryIslandsFP010,6,
EsCanaryIslandsFP011,6,
EsCanaryIslandsFP012,6,
EsCanaryIslandsFP013,6,
EsCanaryIslandsFP014,6,
EsCanaryIslandsFP015,7,16163G 16172C 16219G
EsCanaryIslandsFP016,8,16092C 16163G 16172C 16219G
EsCanaryIslandsFP017,9,16172C 16183C 16189C 16270T 16274A 16311C 16325C 16357C
EsCanaryIslandsFP018,10,16167T
EsCanaryIslandsFP019,11,16223T 16292T
EsCanaryIslandsFP020,13,16163G 16172C 16219G 16311C
EsCanaryIslandsFP021,14,16107T 16111G 16187T 16257G 16268T
EsCanaryIslandsFP022,16,16129A 16163G 16172C 16219G 16311C
EsCanaryIslandsFP023,18,16163G 16219G
EsCanaryIslandsFP024,19,16093C 16224C 16270T
EsCanaryIslandsFP025,20,16183C 16189C 16223T 16255A 16278T
EsCanaryIslandsFP026,21,16126C 16163G 16186T 16189C 16261T 16294T
EsCanaryIslandsFP027,22,16093C 16183C 16189C 16293G
MaBerberFP003,23,16362C
EsCanaryIslandsFP028,23,16362C
EsCanaryIslandsFP029,24,16126C 16240T 16241G 16294T 16304C
EsCanaryIslandsFP030,26,16126C 16187T 16189C 16223T 16264T 16270T 16278T 16311C
MaBerberFP004,27,16311C
EsCanaryIslandsFP031,27,16311C
EsCanaryIslandsFP032,28,16183C 16189C 16257T 16356C
EsCanaryIslandsFP033,28,16183C 16189C 16257T 16356C
EsCanaryIslandsFP034,30,16223T 16298C 16325C 16327T
EsCanaryIslandsFP035,31,16209C 16223T 16311C
GqFangFP001,31,16209C 16223T 16311C
GqFangFP002,31,16209C 16223T 16311C
EsCanaryIslandsFP036,33,16189C 16270T
EsCanaryIslandsFP037,34,16223T 16278T 16294T 16309G 16390A
EsCanaryIslandsFP038,35,16048A 16162C 16192A 16224C 16311C
EsCanaryIslandsFP039,38,16256T 16270T
MaBerberFP005,39,16069T 16126C
MaBerberFP006,39,16069T 16126C
EsCanaryIslandsFP040,39,16069T 16126C
EsCanaryIslandsFP041,41,16189C 16260T
EsCanaryIslandsFP042,42,16092C 16163G 16172C 16219G 16311C
EsCanaryIslandsFP043,43,16069T 16163G 16261T
EsCanaryIslandsFP044,44,16163G 16189C 16270T
EsCanaryIslandsFP045,47,16126C 16234T 16292T 16294T
EsCanaryIslandsFP046,48,16222G
EsCanaryIslandsFP047,49,16093C 16189C 16192T 16223T 16260T 16278T 16294T 16309G 16390A
EsCanaryIslandsFP048,50,16126C 16163G 16186T 16189C 16249C 16294T
EsCanaryIslandsFP049,51,16248T 16294T
EsCanaryIslandsFP050,52,16298C
EsCanaryIslandsFP051,52,16298C
EsCanaryIslandsFP052,54,16189C 16255A 16278T
MaBerberFP007,64,16305G
GqFangFP003,73,16086C 16129A 16145A 16187T 16189C 16213A 16223T 16265C 16278T 16286G 16294T 16311C 16360T
GqFangFP004,75,16129A 16148T 16168T 16172C 16187T 16188G 16189C 16223T 16230G 16311C 16320T
GqFangFP005,76,16025C 16126C 16187T 16189C 16223T 16264T 16270T 16278T 16311C
GqFangFP006,77,16025C 16167G 16278T 16295T 16390A
GqFangFP007,79,16111T 16126C 16187T 16189C 16223T 16239T 16270T 16278T 16293G 16311C
GqFangFP008,80,16129A 16183C 16189C 16215G 16223T 16294T 16360T
GqFangFP009,81,16172C 16183C 16189C 16223T
GqFangFP010,82,16129A 16187T 16189C 16209C 16223T 16278T 16294T 16311C 16358T 16360T
GqFangFP011,83,16209C 16223T 16247G 16311C
MaBerberFP008,84,16126C 16220G 16292T
MaBerberFP009,86,16126C 16304C
MaBerberFP010,87,16069T 16126C 16150T 16163G
MaBerberFP011,91,16145A 16172C 16219G 16235G 16278T 16311C
MaBerberFP012,92,16169T
MaBerberFP013,93,16111T 16172C 16189C 16219G 16278T 16293G
MaBerberFP014,95,16153A 16298C
MaBerberFP015,95,16153A 16298C
MaBerberFP016,96,16224C 16311C
MaBerberFP017,97,16172C 16189C 16219G 16278T
MaBerberFP018,98,16126C 16294T
