EtEthiopianJewsAN001,etjw1137,16129A 16189C 16223T 16249C 16311C 16359C
EtEthiopianJewsAN002,etjw1354,16114A 16129A 16145A 16213A 16223T 16278T
EtEthiopianJewsAN003,etjw1427,16170G 16223T 16293T 16311C 16355T 16362C
EtEthiopianJewsAN004,etjw1570,16183C 16249C
EtEthiopianJewsAN005,etjw1574,16166G 16192T 16223T 16292T 16343G
EtEthiopianJewsAN006,etjw1610,16182C 16183C 16189C 16223T 16249C 16260T 16311C 16320T
EtEthiopianJewsAN007,etjw1613,16169T 16231C 16278T 16311C
EtEthiopianJewsAN008,etjw1683,16189C 16223T 16249C 16260T 16311C 16320T
EtEthiopianJewsAN009,etjw1729,16189C 16192T 16223T 16278T 16294T
EtEthiopianJewsAN010,etjw1749,16129A 16169T 16172C 16173T 16187T 16189C 16223T 16230G 16239T 16278T 16311C 16327T 16368C
EtEthiopianJewsAN011,etjw1804,16093C 16124C 16223T 16278T 16311C 16362C
EtEthiopianJewsAN012,etjw1818,16129A 16148T 16168T 16172C 16187T 16188G 16189C 16223T 16230G 16293G 16311C
EtEthiopianJewsAN013,etjw1831,16148T 16192T 16223T 16234T 16311C
EtEthiopianJewsAN014,etjw1859,16093C 16129A 16189C 16223T 16278T 16294T 16309G
EtEthiopianJewsAN015,etjw2224,16172C 16223T 16287T 16293T 16311C 16355T 16362C
EtEthiopianJewsAN016,etjw2227,16048A 16069T 16223T 16224C 16278T 16311C
EtEthiopianJewsAN017,etjw2228,16093C 16129A 16189C 16223T 16249C 16311C 16359C
EtEthiopianJewsAN018,etjw2229,16223T 16260T 16311C
EtEthiopianJewsAN019,etjw2231,16189C 16192T 16223T 16278T 16294T 16309G
EtEthiopianJewsAN020,etjw2232,16148T 16172C 16187T 16188A 16189C 16214T 16223T 16230G 16234T 16311C
EtEthiopianJewsAN021,etjw2234,16145A 16150T 16189C 16223T 16278T 16294T 16309G
EtEthiopianJewsAN022,etjw2237,16048A 16069T 16223T 16224C 16278T 16311C
EtEthiopianJewsAN023,etjw2238,16129A 16223T 16242A 16278T 16294T 16309G 16380T
EtEthiopianJewsAN024,etjw2241,16129A 16154C 16183C 16189C 16223T 16249C 16311C
EtEthiopianJewsAN025,etjw2245,16093C 16129A 16189C 16223T 16249C 16311C 16359C
EtEthiopianJewsAN026,etjw2246,16093C 16129A 16183C 16189C 16213A 16223T 16249C 16311C 16359C
EtEthiopianJewsAN027,etjw2537,16166G 16192T 16223T 16292T 16343G
EtEthiopianJewsAN028,etjw4566,16129A 16148T 16166G 16188T 16189C 16223T 16278T 16311C 16355T 16362C
EtEthiopianJewsAN029,etjw4568,16148T 16172C 16187T 16188A 16189C 16214T 16223T 16230G 16234T 16311C
EtEthiopianJewsAN030,etjw4626,16189C 16223T 16278T 16294T 16309G
EtEthiopianJewsAN031,etjw4635,16129A 16148T 16166G 16188T 16189C 16223T 16278T 16311C 16355T 16362C
EtEthiopianJewsAN032,etjw4694,16129A 16148T 16166G 16188T 16189C 16223T 16278T 16311C 16355T 16362C
YeYemeniAN001,Ym001,16189C 16192T 16223T 16278T 16294T 16309G 16390A 73G 143A 146C 152C 195C 263G 315.1C
YeYemeniAN002,Ym005,16069T 16126C 16136C 16145A 16221T 16222T 16261T 16519C 7G 8A 73G 263G 295T 315.1C
YeYemeniAN003,Ym035,16192T 16256T 16270T 16294T 16526A 73G 263G 315.1C
YeYemeniAN004,Ym042,263G 315.1C
YeYemeniAN005,Ym046,16176T 16193T 16224C 16311C 16519C 73G 263G 315.1C
YeYemeniAN006,Ym051,16126C 16292T 16294T 16519C 73G 195C 200G 236C 263G 315.1C
YeYemeniAN007,Ym058,16124C 16189C 16223T 16278T 16304C 16311C 73G 152C 263G 315.1C
YeYemeniAN008,Ym059,16126C 16355T 16362C 58C 64T 73G 146C 152C 195C 263G 315.1C
YeYemeniAN009,Ym063,16069T 16084A 16126C 16241G 73G 150T 195C 263G 295T 315.1C
YeYemeniAN010,Ym073,16184A 16249C 16355T 16519C 73G 263G 285T 315.1C
YeYemeniAN011,Ym085,16069T 16126C 16145A 16222T 16261T 73G 263G 295T 315.1C
YeYemeniAN012,Ym094,16223T 16355T 73G 150T 152C 235G 263G 315.1C
YeYemeniAN013,Ym101,5C 7C 16C 25C 28C 45C 49T 263G 315.1C 324G 326C 341C 352C 369A 388C 404T
YeYemeniAN014,Ym134,16218T 16545A 152C 263G 315.1C
YeYemeniAN015,Ym140,16126C 16223T 16264T 16270T 16278T 16289G 16293G 16311C 16519C 73G 151T 152C 182T 185T 195C 247A 263G 315.1C 357G
YeYemeniAN016,Ym143,16126C 16163G 16294T 16519C 73G 152C 195C 263G 315.1C
YeYemeniAN017,Ym144,16069T 16084A 16126C 16241G 73G 150T 189G 195C 263G 295T 315.1C
YeYemeniAN018,Ym160,16093C 16129A 16223T 16270T 16311C 16327T 73G 263G 315.1C
YeYemeniAN019,Ym175,16069T 16126C 16231C 73G 150T 195C 263G 295T 315.1C
YeYemeniAN020,Ym179,16148T 16172C 16190G 16223T 16230G 16311C 16320T 16519C 64T 93G 152C 189G 204C 207A 236C 247A 263G 315.1C
YeYemeniAN021,Ym196,16189C 16192T 16223T 16278T 16294T 16309G 16390A 73G 143A 146C 152C 195C 263G 315.1C
YeYemeniAN022,Ym197,16129A 16189C 16223T 16249C 16311C 16359C 73G 195C 207A 263G 294C 315.1C
YeYemeniAN023,Ym217,16126C 16163G 16294T 16519C 73G 93G 152C 263G 315.1C
YeYemeniAN024,Ym222,16354T 16519C 152C 263G 315.1C
YeYemeniAN025,Ym229,16093C 16124C 16223T 16278T 16362C 16519C 73G 263G 315.1C
YeYemeniAN026,Ym230,16519C 263G 315.1C 343T
YeYemeniAN027,Ym269,16093C 16189C 16223T 16278T 16294T 16309G 16390A 73G 143A 146C 152C 195C 263G 315.1C
YeYemeniAN028,Ym271,16124C 16223T 16319A 73G 150T 152C 263G 315.1C
YeYemeniAN029,Ym294,16124C 16223T 16319A 73G 150T 152C 263G 315.1C 417T
YeYemeniAN030,Ym305,16129A 16148T 16168T 16172C 16190G 16223T 16230G 16311C 16320T 64T 89C 93G 185A 189G 200G 236C 247A 263G 315.1C
YeYemeniAN031,Ym327,16078G 16129A 16223T 16265C 16286A 16294T 16311C 16320T 16360T 16519C 16527T 73G 151T 152C 186A 189C 196A 197T 247A 263G 297G 315.1C 316C
YeYemeniAN032,Ym334,16129A 16148T 16168T 16172C 16190G 16223T 16230G 16278T 16293G 16311C 16320T 93G 95C 185A 189G 236C 247A 263G 315.1C
YeYemeniAN033,Ym366,16071T 16519C 73G 146C 152C 195C 246C 263G 315.1C
YeYemeniAN034,Ym369,16126C 16362C 64T 131C 263G 315.1C
YeYemeniAN035,Ym374,16201T 16223T 16265G 16519C 73G 189G 204C 207A 210G 263G 315.1C
YeYemeniAN036,Ym376,16126C 16362C 64T 195C 263G 315.1C
YeYemeniAN037,Ym381,16311C 151T 152C 263G 315.1C 320T 343T
YeYemeniAN038,Ym390,16069T 16126C 16241G 73G 150T 195C 200G 263G 295T 315.1C
YeYemeniAN039,Ym396,16126C 16163G 16294T 16519C 73G 152C 263G 315.1C
YeYemeniAN040,Ym459,16192T 16210G 16224C 16311C 73G 146C 263G 315.1C
YeYemeniAN041,Ym463,16224C 16311C 73G 263G 315.1C
YeYemeniAN042,Ym464,16129A 16224C 16311C 16519C 73G 150T 263G 315.1C
YeYemeniAN043,Ym475,16093C 16129A 16148T 16168T 16172C 16190G 16223T 16230G 16271C 16311C 16320T 64T 93G 152C 185A 189G 200G 236C 263G 315.1C
YeYemeniAN044,Ym493,16126C 16230G 16294T 16296T 16519C 73G 263G 315.1C
YeYemeniAN045,Ym502,16223T 16260T 16311C 16519C 73G 150T 152C 189G 263G 315.1C
YeYemeniAN046,Ym503,16145A 16176G 16223T 16295T 16362C 16390A 16519C 73G 152C 204C 207A 263G 315.1C
YeYemeniAN047,Ym506,16069T 16126C 16193T 16300G 16309G 73G 152C 263G 295T 315.1C
YeYemeniAN048,Ym508,16092C 16126C 16278T 16362C 64T 263G 315.1C
YeYemeniteJewsAN001,ymjw1156,16086C 16119G
YeYemeniteJewsAN002,ymjw1269,16223T 16311C 16362C
YeYemeniteJewsAN003,ymjw1325,16071T 16188T 16223T
YeYemeniteJewsAN004,ymjw1327,16129A 16223T 16293C 16311C
YeYemeniteJewsAN005,ymjw1328,16086C 16119G
YeYemeniteJewsAN006,ymjw1330,16169T 16223T 16278T
YeYemeniteJewsAN007,ymjw1333,16166d 16182C 16183C 16189C 16249C 16311C
YeYemeniteJewsAN008,ymjw1334,16169T 16223T 16278T
YeYemeniteJewsAN009,ymjw1335,16067T 16274A
YeYemeniteJewsAN010,ymjw1336,16126C 16260T 16304C 16362C
YeYemeniteJewsAN011,ymjw1338,16183C 16189C 16223T 16292T 16295T
YeYemeniteJewsAN012,ymjw1339,16071T 16188T 16223T
YeYemeniteJewsAN013,ymjw1341,16126C 16304C 16362C
YeYemeniteJewsAN014,ymjw1343,16166d 16189C 16249C 16311C
YeYemeniteJewsAN015,ymjw1344,16069T 16126C 16136C 16145A 16221T 16261T
YeYemeniteJewsAN016,ymjw1345,16069T 16126C 16145A 16168T 16222T 16235G 16261T
YeYemeniteJewsAN017,ymjw1348,16126C 16162G 16355T 16362C
YeYemeniteJewsAN018,ymjw1349,16126C 16192T
YeYemeniteJewsAN019,ymjw1350,16126C 16304C 16362C
YeYemeniteJewsAN020,ymjw1351,16169T 16223T 16278T
YeYemeniteJewsAN021,ymjw1352,16067T 16274A
YeYemeniteJewsAN022,ymjw1356,16126C 16214T 16231C
YeYemeniteJewsAN023,ymjw1357,16093C 16209C 16223T 16292T 16311C
YeYemeniteJewsAN024,ymjw1368,16182C 16183C 16189C 16193T 16249C 16311C
YeYemeniteJewsAN025,ymjw1373,16067T
YeYemeniteJewsAN026,ymjw1375,16086C 16119G 16311C
YeYemeniteJewsAN027,ymjw1381,16071T 16188T 16223T
YeYemeniteJewsAN028,ymjw1382,16169T 16223T 16278T
YeYemeniteJewsAN029,ymjw1412,16207T 16220G 16223T 16234T 16260T 16261T 16311C 16360T 16362C
YeYemeniteJewsAN030,ymjw1416,16069T 16126C 16136C 16145A 16221T 16261T
YeYemeniteJewsAN031,ymjw1420,16093C 16126C 16355T 16362C
YeYemeniteJewsAN032,ymjw1426,16069T 16126C 16214T 16231C
YeYemeniteJewsAN033,ymjw1435,16192T 16210G 16224C 16311C
YeYemeniteJewsAN034,ymjw1440,16129A 16224C 16311C
YeYemeniteJewsAN035,ymjw1443,16067T
YeYemeniteJewsAN036,ymjw1446,16169T 16223T 16278T
YeYemeniteJewsAN037,ymjw1463,16129A 16354T
YeYemeniteJewsAN038,ymjw1508,16169T 16223T 16278T
YeYemeniteJewsAN039,ymjw1519,16067T 16274A
YeYemeniteJewsAN040,ymjw1548,16069T 16126C 16145A 16261T
YeYemeniteJewsAN041,ymjw1597,16067T 16274A
YeYemeniteJewsAN042,ymjw1609,16166d 16182C 16183C 16189C 16249C 16311C
YeYemeniteJewsAN043,ymjw1656,16093C 16224C 16311C
