CvSantiagoAB001,CV1,16129C 16148G 16168G 16172A 16187G 16188G 16189A 16223G 16230T 16311A 16320G
CvSantiagoAB002,CV1,16129C 16148G 16168G 16172A 16187G 16188G 16189A 16223G 16230T 16311A 16320G
CvSantiagoAB003,CV2,16093A 16126A 16187G 16189A 16223G 16256G 16264G 16270G 16278G 16293T 16311A
CvSantiagoAB004,CV2,16093A 16126A 16187G 16189A 16223G 16256G 16264G 16270G 16278G 16293T 16311A
CvSantiagoAB005,CV3,16187G 16189A 16223G 16264G 16270G 16278G 16293T 16311A
CvSantiagoAB006,CV3,16187G 16189A 16223G 16264G 16270G 16278G 16293T 16311A
CvSantiagoAB007,CV4,16126A 16187G 16189A 16223G 16256G 16264G 16278G 16293T 16311A
CvSantiagoAB008,CV4,16126A 16187G 16189A 16223G 16256G 16264G 16278G 16293T 16311A
CvSantiagoAB009,CV5,16126A 16187G 16189A 16223G 16270G 16278G 16311A
CvSantiagoAB010,CV6,16104G 16187G 16189A 16223G 16270G 16278G 16289T 16293T 16311A
CvMaioAB001,CV6,16104G 16187G 16189A 16223G 16270G 16278G 16289T 16293T 16311A
CvSantiagoAB011,CV7,16126A 16187G 16189A 16223G 16264G 16270G 16278G 16293T 16311A
CvSaoVincenteAB001,CV8,16126A 16187G 16189A 16223G 16264G 16270G 16278G 16293T 16311A 16362A
CvSaoVincenteAB002,CV8,16126A 16187G 16189A 16223G 16264G 16270G 16278G 16293T 16311A 16362A
CvSaoVincenteAB003,CV8,16126A 16187G 16189A 16223G 16264G 16270G 16278G 16293T 16311A 16362A
CvSantoAntaoAB001,CV8,16126A 16187G 16189A 16223G 16264G 16270G 16278G 16293T 16311A 16362A
CvSantoAntaoAB002,CV8,16126A 16187G 16189A 16223G 16264G 16270G 16278G 16293T 16311A 16362A
CvSantoAntaoAB003,CV8,16126A 16187G 16189A 16223G 16264G 16270G 16278G 16293T 16311A 16362A
CvSantoAntaoAB004,CV8,16126A 16187G 16189A 16223G 16264G 16270G 16278G 16293T 16311A 16362A
CvSantoAntaoAB005,CV9,16126A 16145C 16187G 16189A 16223G 16264G 16270G 16278G 16293T 16311A
CvSantoAntaoAB006,CV10,16126A 16187G 16189A 16223G 16239G 16254T 16264G 16270G 16278G 16293T 16311A
CvFogoAB001,CV11,16093A 16126A 16187G 16189A 16223G 16239G 16264G 16270G 16278G 16293T 16311A
CvFogoAB002,CV11,16093A 16126A 16187G 16189A 16223G 16239G 16264G 16270G 16278G 16293T 16311A
CvFogoAB003,CV12,16114G 16126A 16187G 16189A 16223G 16264G 16270G 16274C 16278G 16293T 16311A
CvFogoAB004,CV13,16126A 16187G 16189A 16223G 16264G 16270G 16274C 16278G 16293T 16311A
CvSaoNicolauAB001,CV14,16086A 16129C 16187G 16189A 16219T 16223G 16261G 16278G 16293T 16311A 16360G 16362A
CvSantiagoAB012,CV15,16093A 16129C 16169G 16172A 16187G 16189A 16223G 16239G 16261G 16278G 16293T 16311A 16360G
CvBravaAB001,CV16,16129C 16163T 16187G 16189A 16223G 16278G 16293T 16294G 16304A 16311A 16360G
CvSantiagoAB013,CV16,16129C 16163T 16187G 16189A 16223G 16278G 16293T 16294G 16304A 16311A 16360G
CvMaioAB002,CV16,16129C 16163T 16187G 16189A 16223G 16278G 16293T 16294G 16304A 16311A 16360G
CvSaoVincenteAB004,CV16,16129C 16163T 16187G 16189A 16223G 16278G 16293T 16294G 16304A 16311A 16360G
CvSaoVincenteAB005,CV16,16129C 16163T 16187G 16189A 16223G 16278G 16293T 16294G 16304A 16311A 16360G
CvSaoVincenteAB006,CV16,16129C 16163T 16187G 16189A 16223G 16278G 16293T 16294G 16304A 16311A 16360G
CvSaoVincenteAB007,CV16,16129C 16163T 16187G 16189A 16223G 16278G 16293T 16294G 16304A 16311A 16360G
CvSaoVincenteAB008,CV16,16129C 16163T 16187G 16189A 16223G 16278G 16293T 16294G 16304A 16311A 16360G
CvSantoAntaoAB007,CV16,16129C 16163T 16187G 16189A 16223G 16278G 16293T 16294G 16304A 16311A 16360G
CvSantoAntaoAB008,CV16,16129C 16163T 16187G 16189A 16223G 16278G 16293T 16294G 16304A 16311A 16360G
CvSantoAntaoAB009,CV16,16129C 16163T 16187G 16189A 16223G 16278G 16293T 16294G 16304A 16311A 16360G
CvSantoAntaoAB010,CV16,16129C 16163T 16187G 16189A 16223G 16278G 16293T 16294G 16304A 16311A 16360G
CvSantoAntaoAB011,CV16,16129C 16163T 16187G 16189A 16223G 16278G 16293T 16294G 16304A 16311A 16360G
CvSantoAntaoAB012,CV16,16129C 16163T 16187G 16189A 16223G 16278G 16293T 16294G 16304A 16311A 16360G
CvSantoAntaoAB013,CV16,16129C 16163T 16187G 16189A 16223G 16278G 16293T 16294G 16304A 16311A 16360G
CvFogoAB005,CV17,16086A 16129C 16169G 16172A 16183C 16189A 16192G 16223G 16261G 16278G 16293T 16311A 16360G
CvSantiagoAB014,CV18,16086A 16129C 16169G 16172A 16183C 16189A 16223G 16261G 16278G 16293T 16311A 16360G
CvSantiagoAB015,CV19,16129C 16183C 16189A 16223G 16235T 16274C 16278G 16293T 16294G 16311A 16360G
CvSantiagoAB016,CV20,16180d 16223G 16256G 16278G 16294G 16309T 16368A
CvFogoAB006,CV21,16189A 16192G 16223G 16278G 16291G 16294G 16311A
CvSantiagoAB017,CV22,16182C 16183C 16189A 16223G 16278G 16294G 16362A
CvSantiagoAB018,CV23,16111G 16223G 16278G 16294G
CvFogoAB007,CV24,16093A 16189A 16223G 16264G 16278G 16294G 16309T
CvSantiagoAB019,CV24,16093A 16189A 16223G 16264G 16278G 16294G 16309T
CvSantiagoAB020,CV25,16189A 16192G 16223G 16278G 16294G 16309T
CvSantiagoAB021,CV25,16189A 16192G 16223G 16278G 16294G 16309T
CvSantiagoAB022,CV26,16183C 16223G 16278G 16294G 16362A
CvMaioAB003,CV27,16093A 16223G 16274C 16278G 16294G 16309T
CvFogoAB008,CV28,16093A 16223G 16278G 16290G 16294G 16309T 16362A
CvSantoAntaoAB014,CV29,16111G 16278G 16294G 16309T
CvSantiagoAB023,CV30,16189A 16223G 16278G 16294G 16309T
CvSantiagoAB024,CV30,16189A 16223G 16278G 16294G 16309T
CvFogoAB009,CV31,16111G 16223G 16278G 16294G
CvSaoNicolauAB002,CV32,16223G 16278G 16294G 16309T
CvSantiagoAB025,CV33,16179G 16223G 16278G 16290G 16294G 16309T
CvSantiagoAB026,CV34,16093A 16223G 16278G 16290G 16294G 16309T
CvSantiagoAB027,CV35,16223G 16278G 16290G 16294G 16309T
CvSantiagoAB028,CV36,16223G 16278G 16294G 16309T 16368A
CvFogoAB010,CV37,16086A 16223G 16278G 16294G 16309T
CvFogoAB011,CV37,16086A 16223G 16278G 16294G 16309T
CvFogoAB012,CV37,16086A 16223G 16278G 16294G 16309T
CvBravaAB002,CV38,16140A 16223G 16278G 16290G 16294G 16355G
CvBravaAB003,CV39,16111G 16223G 16278G 16294G 16309T
CvBravaAB004,CV39,16111G 16223G 16278G 16294G 16309T
CvBravaAB005,CV39,16111G 16223G 16278G 16294G 16309T
CvFogoAB013,CV39,16111G 16223G 16278G 16294G 16309T
CvFogoAB014,CV39,16111G 16223G 16278G 16294G 16309T
CvSantiagoAB029,CV39,16111G 16223G 16278G 16294G 16309T
CvSantiagoAB030,CV39,16111G 16223G 16278G 16294G 16309T
CvSantiagoAB031,CV39,16111G 16223G 16278G 16294G 16309T
CvSantiagoAB032,CV39,16111G 16223G 16278G 16294G 16309T
CvSalAB001,CV39,16111G 16223G 16278G 16294G 16309T
CvSaoNicolauAB003,CV39,16111G 16223G 16278G 16294G 16309T
CvSaoNicolauAB004,CV39,16111G 16223G 16278G 16294G 16309T
CvSaoNicolauAB005,CV39,16111G 16223G 16278G 16294G 16309T
CvSaoVincenteAB009,CV39,16111G 16223G 16278G 16294G 16309T
CvSaoVincenteAB010,CV39,16111G 16223G 16278G 16294G 16309T
CvSaoVincenteAB011,CV39,16111G 16223G 16278G 16294G 16309T
CvSaoVincenteAB012,CV39,16111G 16223G 16278G 16294G 16309T
CvSantoAntaoAB015,CV39,16111G 16223G 16278G 16294G 16309T
CvSantoAntaoAB016,CV39,16111G 16223G 16278G 16294G 16309T
CvSantoAntaoAB017,CV39,16111G 16223G 16278G 16294G 16309T
CvSantoAntaoAB018,CV39,16111G 16223G 16278G 16294G 16309T
CvSantoAntaoAB019,CV39,16111G 16223G 16278G 16294G 16309T
CvSantoAntaoAB020,CV39,16111G 16223G 16278G 16294G 16309T
CvSantoAntaoAB021,CV39,16111G 16223G 16278G 16294G 16309T
CvSantoAntaoAB022,CV39,16111G 16223G 16278G 16294G 16309T
CvSantoAntaoAB023,CV39,16111G 16223G 16278G 16294G 16309T
CvSantoAntaoAB024,CV39,16111G 16223G 16278G 16294G 16309T
CvSantoAntaoAB025,CV39,16111G 16223G 16278G 16294G 16309T
CvSantoAntaoAB026,CV39,16111G 16223G 16278G 16294G 16309T
CvSantoAntaoAB027,CV39,16111G 16223G 16278G 16294G 16309T
CvSantoAntaoAB028,CV39,16111G 16223G 16278G 16294G 16309T
CvSantiagoAB033,CV40,16093A 16148G 16223G 16278G 16294G 16355G
CvSantiagoAB034,CV40,16093A 16148G 16223G 16278G 16294G 16355G
CvSantiagoAB035,CV40,16093A 16148G 16223G 16278G 16294G 16355G
CvSantiagoAB036,CV40,16093A 16148G 16223G 16278G 16294G 16355G
CvSantiagoAB037,CV40,16093A 16148G 16223G 16278G 16294G 16355G
CvSantiagoAB038,CV41,16114A 16129C 16213C 16223G 16278G 16355G 16362A
CvSantiagoAB039,CV42,16114A 16188G 16189A 16223G 16278G 16304A 16311A
CvSantiagoAB040,CV43,16114A 16129C 16169G 16213C 16223G 16278G 16362A
CvSantiagoAB041,CV43,16114A 16129C 16169G 16213C 16223G 16278G 16362A
CvBravaAB006,CV44,16114A 16213C 16223G 16278G 16362A
CvFogoAB015,CV45,16114A 16129C 16213C 16223G 16278G
CvSantiagoAB042,CV45,16114A 16129C 16213C 16223G 16278G
CvSantiagoAB043,CV45,16114A 16129C 16213C 16223G 16278G
CvSantiagoAB044,CV45,16114A 16129C 16213C 16223G 16278G
CvSantiagoAB045,CV45,16114A 16129C 16213C 16223G 16278G
CvSantiagoAB046,CV45,16114A 16129C 16213C 16223G 16278G
CvSantiagoAB047,CV45,16114A 16129C 16213C 16223G 16278G
CvSantoAntaoAB029,CV46,16093A 16223G 16278G
CvSaoVincenteAB013,CV47,16177T 16223G 16278G 16311A
CvSaoVincenteAB014,CV47,16177T 16223G 16278G 16311A
CvSantoAntaoAB030,CV47,16177T 16223G 16278G 16311A
CvSantoAntaoAB031,CV47,16177T 16223G 16278G 16311A
CvSantoAntaoAB032,CV47,16177T 16223G 16278G 16311A
CvSantoAntaoAB033,CV47,16177T 16223G 16278G 16311A
CvSantoAntaoAB034,CV47,16177T 16223G 16278G 16311A
CvSantoAntaoAB035,CV47,16177T 16223G 16278G 16311A
CvSantoAntaoAB036,CV47,16177T 16223G 16278G 16311A
CvSantoAntaoAB037,CV47,16177T 16223G 16278G 16311A
CvSantoAntaoAB038,CV47,16177T 16223G 16278G 16311A
CvSantoAntaoAB039,CV47,16177T 16223G 16278G 16311A
CvSantiagoAB048,CV48,16086A 16223G 16264G 16278G
CvSantiagoAB049,CV49,16126A 16189A 16223G 16269T 16278G 16293T
CvSantiagoAB050,CV49,16126A 16189A 16223G 16269T 16278G 16293T
CvSantiagoAB051,CV49,16126A 16189A 16223G 16269T 16278G 16293T
CvSantiagoAB052,CV50,16173G 16217A 16223G 16254T 16264G 16278G
CvSantiagoAB053,CV51,16093A 16223G 16264G 16278G
CvSantoAntaoAB040,CV52,16093A 16223G 16278G 16318T
CvSaoNicolauAB006,CV53,16223G 16264G 16278G
CvSantoAntaoAB041,CV53,16223G 16264G 16278G
CvFogoAB016,CV54,16051T 16217A 16223G 16264G 16278G
CvFogoAB017,CV55,16192G 16223G 16278G
CvSantiagoAB054,CV55,16192G 16223G 16278G
CvBravaAB007,CV56,16223G 16278G
CvSantiagoAB055,CV56,16223G 16278G
CvSantiagoAB056,CV56,16223G 16278G
CvSantiagoAB057,CV56,16223G 16278G
CvSantiagoAB058,CV56,16223G 16278G
CvSantiagoAB059,CV56,16223G 16278G
CvSantiagoAB060,CV56,16223G 16278G
CvSalAB002,CV56,16223G 16278G
CvSaoVincenteAB015,CV56,16223G 16278G
CvSantoAntaoAB042,CV56,16223G 16278G
CvSantiagoAB061,CV57,16084C 16093A 16220T 16223G 16264G 16278G 16311A
CvSantiagoAB062,CV57,16084C 16093A 16220T 16223G 16264G 16278G 16311A
CvSantiagoAB063,CV58,16172A 16223G 16241T 16278G
CvSantiagoAB064,CV58,16172A 16223G 16241T 16278G
CvFogoAB018,CV59,16223G 16278G 16311A
CvSantiagoAB065,CV59,16223G 16278G 16311A
CvSantoAntaoAB043,CV59,16223G 16278G 16311A
CvSantiagoAB066,CV60,16223G 16261G 16278G
CvSantiagoAB067,CV61,16051T 16223G 16278G
CvSantiagoAB068,CV61,16051T 16223G 16278G
CvSantiagoAB069,CV62,16223G 16278G 16320G
CvSantiagoAB070,CV62,16223G 16278G 16320G
CvSantiagoAB071,CV63,16111A 16145C 16184G 16223G 16239G 16278G 16292G 16311A
CvSantiagoAB072,CV64,16189A 16223G 16259G 16274C 16278G
CvFogoAB019,CV65,16124A 16223G 16278G 16362A
CvSantiagoAB073,CV65,16124A 16223G 16278G 16362A
CvSantiagoAB074,CV65,16124A 16223G 16278G 16362A
CvSantiagoAB075,CV65,16124A 16223G 16278G 16362A
CvSantiagoAB076,CV65,16124A 16223G 16278G 16362A
CvSantiagoAB077,CV65,16124A 16223G 16278G 16362A
CvMaioAB004,CV65,16124A 16223G 16278G 16362A
CvMaioAB005,CV65,16124A 16223G 16278G 16362A
CvMaioAB006,CV65,16124A 16223G 16278G 16362A
CvSaoVincenteAB016,CV65,16124A 16223G 16278G 16362A
CvSantiagoAB078,CV66,16124A 16183C 16189A 16214G 16223G 16278G 16362A
CvSantiagoAB079,CV66,16124A 16183C 16189A 16214G 16223G 16278G 16362A
CvSantiagoAB080,CV67,16086A 16124A 16223G 16278G 16362A
CvSantiagoAB081,CV67,16086A 16124A 16223G 16278G 16362A
CvSalAB003,CV67,16086A 16124A 16223G 16278G 16362A
CvSantoAntaoAB044,CV67,16086A 16124A 16223G 16278G 16362A
CvSantiagoAB082,CV68,16124A 16183C 16189A 16209A 16223G 16278G 16362A
CvSantiagoAB083,CV69,16124A 16183C 16189A 16214G 16223G 16278G 16325A 16362A
CvSantiagoAB084,CV70,16048C 16124A 16223G 16278G 16362A
CvFogoAB020,CV71,16124A 16183C 16189A 16223G 16278G 16362A
CvSantiagoAB085,CV71,16124A 16183C 16189A 16223G 16278G 16362A
CvSantiagoAB086,CV71,16124A 16183C 16189A 16223G 16278G 16362A
CvSantiagoAB087,CV71,16124A 16183C 16189A 16223G 16278G 16362A
CvSantiagoAB088,CV72,16124A 16223G 16278G 16355G 16362A
CvSantiagoAB089,CV73,16124A 16278G 16362A
CvFogoAB021,CV74,16124A 16223G 16234G 16278G 16362A
CvSantiagoAB090,CV74,16124A 16223G 16234G 16278G 16362A
CvSantiagoAB091,CV75,16086A 16124A 16223G 16278G 16311A 16362A
CvFogoAB022,CV76,16124A 16212T 16223G 16278G 16311A 16362A
CvFogoAB023,CV77,16189A 16223G 16278G 16362A
CvSantiagoAB092,CV78,16051T 16223G 16278G 16318T 16362A
CvFogoAB024,CV79,16124A 16223G 16256G
CvSantiagoAB093,CV80,16124A 16223G 16245G 16319C
CvFogoAB025,CV81,16124A 16223G 16288A
CvSantiagoAB094,CV82,16124A 16223G 16257G
CvSantiagoAB095,CV82,16124A 16223G 16257G
CvSantiagoAB096,CV83,16093A 16124A 16223G
CvMaioAB007,CV83,16093A 16124A 16223G
CvSantoAntaoAB045,CV83,16093A 16124A 16223G
CvSantiagoAB097,CV84,16111G 16124A 16223G 16291G
CvSantiagoAB098,CV85,16124A 16223G 16311A
CvSantoAntaoAB046,CV85,16124A 16223G 16311A
CvSaoVincenteAB017,CV86,16111G 16124A 16189A 16223G
CvBravaAB008,CV87,16086A 16124A 16223G
CvSantiagoAB099,CV88,16124A 16223G
CvSantiagoAB100,CV88,16124A 16223G
CvSantiagoAB101,CV88,16124A 16223G
CvSantiagoAB102,CV89,16111G 16124A 16223G
CvSantoAntaoAB047,CV89,16111G 16124A 16223G
CvSantoAntaoAB048,CV89,16111G 16124A 16223G
CvBravaAB009,CV90,16124A 16148G 16223G 16293T 16311A 16362A
CvSaoVincenteAB018,CV90,16124A 16148G 16223G 16293T 16311A 16362A
CvSantiagoAB103,CV91,16172A 16183C 16189A 16223G 16320G
CvSantiagoAB104,CV91,16172A 16183C 16189A 16223G 16320G
CvSantiagoAB105,CV92,16086A 16223G 16320G
CvFogoAB026,CV93,16223G 16320G
CvSantiagoAB106,CV93,16223G 16320G
CvSantiagoAB107,CV93,16223G 16320G
CvSantiagoAB108,CV93,16223G 16320G
CvSaoNicolauAB007,CV93,16223G 16320G
CvSantoAntaoAB049,CV93,16223G 16320G
CvSantiagoAB109,CV94,16093A 16172A 16189A 16223G 16320G
CvSantiagoAB110,CV95,16126A 16172A 16183C 16189A 16223G 16320G
CvBoavistaAB001,CV96,16051T 16223G 16264G 16299T 16311A
CvSantiagoAB111,CV97,16051T 16223G 16264G 16299T
CvSaoVincenteAB019,CV97,16051T 16223G 16264G 16299T
CvSaoVincenteAB020,CV97,16051T 16223G 16264G 16299T
CvSantoAntaoAB050,CV97,16051T 16223G 16264G 16299T
CvSantoAntaoAB051,CV97,16051T 16223G 16264G 16299T
CvSantoAntaoAB052,CV97,16051T 16223G 16264G 16299T
CvSantoAntaoAB053,CV97,16051T 16223G 16264G 16299T
CvSantoAntaoAB054,CV97,16051T 16223G 16264G 16299T
CvSantoAntaoAB055,CV97,16051T 16223G 16264G 16299T
CvSantoAntaoAB056,CV97,16051T 16223G 16264G 16299T
CvSantoAntaoAB057,CV97,16051T 16223G 16264G 16299T
CvSantoAntaoAB058,CV97,16051T 16223G 16264G 16299T
CvSantiagoAB112,CV98,16051T 16093A 16223G 16247T 16264G 16311A
CvSantiagoAB113,CV99,16051T 16093A 16223G 16264G 16311A
CvSantiagoAB114,CV100,16051T 16223G 16264G
CvSantiagoAB115,CV100,16051T 16223G 16264G
CvSaoVincenteAB021,CV100,16051T 16223G 16264G
CvSaoVincenteAB022,CV100,16051T 16223G 16264G
CvSaoVincenteAB023,CV100,16051T 16223G 16264G
CvSaoVincenteAB024,CV100,16051T 16223G 16264G
CvSantoAntaoAB059,CV100,16051T 16223G 16264G
CvSantoAntaoAB060,CV100,16051T 16223G 16264G
CvSantoAntaoAB061,CV100,16051T 16223G 16264G
CvSantoAntaoAB062,CV100,16051T 16223G 16264G
CvSantoAntaoAB063,CV100,16051T 16223G 16264G
CvSantoAntaoAB064,CV100,16051T 16223G 16264G
CvSantoAntaoAB065,CV100,16051T 16223G 16264G
CvSantoAntaoAB066,CV100,16051T 16223G 16264G
CvSantoAntaoAB067,CV100,16051T 16223G 16264G
CvSantoAntaoAB068,CV100,16051T 16223G 16264G
CvSantoAntaoAB069,CV100,16051T 16223G 16264G
CvFogoAB027,CV101,16117A 16129C 16205A 16223G 16311A 16372A
CvFogoAB028,CV102,16129C 16154A 16223G 16256A 16311A 16362A
CvSantiagoAB116,CV103,16129C 16223G 16256A 16311A 16362A
CvSantoAntaoAB070,CV104,16129C 16223G 16295G
CvSantoAntaoAB071,CV104,16129C 16223G 16295G
CvSantiagoAB117,CV105,16209A 16223G 16292G 16311A
CvSantiagoAB118,CV106,16223G 16355G
CvSantiagoAB119,CV107,16129C 16223G
CvSantoAntaoAB072,CV107,16129C 16223G
CvSantoAntaoAB073,CV107,16129C 16223G
CvSantiagoAB120,CV108,16223G 16290G 16355G
CvSantiagoAB121,CV109,16093A 16209A 16223G 16292G 16311A
CvSantiagoAB122,CV110,16172A 16219T 16278G
CvSantoAntaoAB074,CV110,16172A 16219T 16278G
CvSantiagoAB123,CV111,16172A 16183C 16189A 16219T 16274C 16278G
CvSantiagoAB124,CV112,16172A 16182C 16183C 16189A 16219T 16278G
CvSantiagoAB125,CV113,16111G 16172A 16183C 16189A 16219T 16278G
CvFogoAB029,CV114,16172A 16183C 16189A 16219T 16278G
CvSantiagoAB126,CV114,16172A 16183C 16189A 16219T 16278G
CvSantiagoAB127,CV114,16172A 16183C 16189A 16219T 16278G
CvSantiagoAB128,CV114,16172A 16183C 16189A 16219T 16278G
CvSantiagoAB129,CV115,16189A 16192G 16234G 16270G 16320G
CvSantiagoAB130,CV116,16145C 16222G
CvSantoAntaoAB075,CV117,16111G 16223G
CvSantiagoAB131,CV118,16183C 16189A 16223G 16278G 16311A
CvSantiagoAB132,CV118,16183C 16189A 16223G 16278G 16311A
CvSantiagoAB133,CV119,16126A 16209A 16294G 16296G 16304A
CvFogoAB030,CV120,16126A 16362A
CvSantoAntaoAB076,CV121,16298A
CvSantoAntaoAB077,CV121,16298A
CvBoavistaAB002,CV122,16182C 16183C 16189A 16217A 16247T 16261G
