RwHutuLC001,RW01,16093A 16148G 16168G 16172A 16187G 16188G 16223G 16230T 16287G 16293T 16311A 16320G
RwHutuLC002,RW01,16093A 16148G 16168G 16172A 16187G 16188G 16223G 16230T 16287G 16293T 16311A 16320G
RwHutuLC003,RW01,16093A 16148G 16168G 16172A 16187G 16188G 16223G 16230T 16287G 16293T 16311A 16320G
ZwShonaLC001,SHO1/RW04,16129C 16148G 16168G 16172A 16187G 16188G 16189A 16223G 16230T 16278G 16293T 16311A 16320G
ZwShonaLC002,SHO1/RW04,16129C 16148G 16168G 16172A 16187G 16188G 16189A 16223G 16230T 16278G 16293T 16311A 16320G
ZwShonaLC003,SHO1/RW04,16129C 16148G 16168G 16172A 16187G 16188G 16189A 16223G 16230T 16278G 16293T 16311A 16320G
ZwShonaLC004,SHO1/RW04,16129C 16148G 16168G 16172A 16187G 16188G 16189A 16223G 16230T 16278G 16293T 16311A 16320G
RwHutuLC004,SHO1/RW04,16129C 16148G 16168G 16172A 16187G 16188G 16189A 16223G 16230T 16278G 16293T 16311A 16320G
RwHutuLC005,SHO1/RW04,16129C 16148G 16168G 16172A 16187G 16188G 16189A 16223G 16230T 16278G 16293T 16311A 16320G
RwHutuLC006,RW06,16148G 16172A 16173G 16187G 16188G 16189A 16223G 16230T 16311A 16320G
RwHutuLC007,RW07,16111A 16148G 16172A 16188A 16189A 16223G 16230T 16311A 16320G
ZwShonaLC005,SH05,16148G 16172A 16187G 16188G 16189A 16223G 16230T 16311A 16320G
ZwShonaLC006,SH05,16148G 16172A 16187G 16188G 16189A 16223G 16230T 16311A 16320G
ZwShonaLC007,SH05,16148G 16172A 16187G 16188G 16189A 16223G 16230T 16311A 16320G
ZwShonaLC008,SH05,16148G 16172A 16187G 16188G 16189A 16223G 16230T 16311A 16320G
ZwShonaLC009,SH09,16148G 16172A 16187G 16188G 16189A 16223G 16230T 16234G 16311A 16320G
ZwShonaLC010,SH10,16093A 16148G 16172A 16187G 16188G 16189A 16223G 16230T 16311A 16320G
ZwShonaLC011,SH10,16093A 16148G 16172A 16187G 16188G 16189A 16223G 16230T 16311A 16320G
ZwShonaLC012,SH10,16093A 16148G 16172A 16187G 16188G 16189A 16223G 16230T 16311A 16320G
ZwShonaLC013,SH10,16093A 16148G 16172A 16187G 16188G 16189A 16223G 16230T 16311A 16320G
ZwShonaLC014,SH14,16093A 16148G 16172A 16174G 16187G 16188G 16189A 16214G 16223G 16230T 16289T 16311A 16320G
ZwShonaLC015,SH15,16093A 16129C 16148G 16172A 16187G 16188G 16189A 16223G 16230T 16311A 16320G
ZwShonaLC016,SH16,16126A 16148G 16172A 16187G 16188G 16189A 16223G 16230T 16311A 16320G
ZwShonaLC017,SH17,16129C 16150G 16166d 16172A 16187G 16189A 16212T 16223G 16243A 16265T 16311A
ZwShonaLC018,SH18,16147G 16166C 16172A 16187G 16189A 16214G 16230T 16278G 16291A 16311A
RwHutuLC008,RW09,16129C 16169G 16172A 16186G 16187G 16189A 16223G 16230T 16278G 16311A 16327G 16368A
RwHutuLC009,RW09,16129C 16169G 16172A 16186G 16187G 16189A 16223G 16230T 16278G 16311A 16327G 16368A
RwHutuLC010,RW11,16129C 16169G 16172A 16173G 16187G 16189A 16223G 16230T 16239G 16278G 16311A 16327G 16368A
RwHutuLC011,RW11,16129C 16169G 16172A 16173G 16187G 16189A 16223G 16230T 16239G 16278G 16311A 16327G 16368A
RwHutuLC012,RW11,16129C 16169G 16172A 16173G 16187G 16189A 16223G 16230T 16239G 16278G 16311A 16327G 16368A
RwHutuLC013,RW11,16129C 16169G 16172A 16173G 16187G 16189A 16223G 16230T 16239G 16278G 16311A 16327G 16368A
RwHutuLC014,RW15,16129C 16169G 16172A 16173G 16187G 16189A 16201G 16223G 16230T 16239G 16278G 16311A 16327G 16368A
ZwShonaLC019,SH19,16126A 16187G 16189A 16223G 16264G 16270G 16278G 16311A
ZwShonaLC020,SH19,16126A 16187G 16189A 16223G 16264G 16270G 16278G 16311A
ZwShonaLC021,SH23,16129C 16187G 16189A 16214G 16223G 16265T 16278G 16286A 16291G 16294G 16311A 16360G
ZwShonaLC022,SH24,16129C 16187G 16189A 16223G 16265C 16278G 16286G 16294G 16311A 16359A 16360G
ZwShonaLC023,SH25,16071G 16129C 16145C 16187G 16189A 16213C 16223G 16234G 16265C 16278G 16286G 16294G 16311A 16360G
RwHutuLC015,RW08,16093A 16129C 16145C 16187G 16189A 16213C 16223G 16265C 16278G 16286G 16294G 16311A 16360G
ZwShonaLC024,SH21,16129C 16153C 16183C 16189A 16215T 16223G 16278G 16294G 16311A
ZwShonaLC025,SH22,16093A 16129C 16183C 16189A 16215T 16223G 16278G 16294G 16311A 16360G
RwHutuLC016,RW36,16111G 16129C 16148G 16166T 16187G 16189A 16223G 16231A 16233T 16239G 16254T 16278G
RwHutuLC017,RW37,16111G 16129C 16148G 16166T 16187G 16188G 16189A 16223G 16254T 16278G 16311A 16360G
ZwShonaLC026,SH26,16223G 16234G 16249A 16278G 16292G 16294G 16295G
ZwShonaLC027,SH27,16129C 16223G 16278G 16294G
RwHutuLC018,RW18,16183C 16189A 16223G 16229A 16278G 16291G 16294G 16311A 16368A
ZwShonaLC028,SH28,16182C 16183C 16189A 16192G 16223G 16278G 16290G 16294G 16309T
ZwShonaLC029,SH29,16183C 16189A 16223G 16278G 16290G 16294G 16309T
ZwShonaLC030,SH30/RW17,16189A 16223G 16278G 16294G 16309T
RwHutuLC019,SH30/RW17,16189A 16223G 16278G 16294G 16309T
ZwShonaLC031,SH31,16223G 16234G 16278G 16294G 16309T 16363A
ZwShonaLC032,SH37,16051T 16223G 16264G 16291G 16294G 16309T
RwHutuLC020,RW16,16223G 16224A 16278G 16294G 16309T
ZwShonaLC033,SH32,16223G 16278G 16286G 16294G 16309T
ZwShonaLC034,SH32,16223G 16278G 16286G 16294G 16309T
ZwShonaLC035,SH34,16183C 16189A 16223G 16278G 16286G 16294G 16309T
ZwShonaLC036,SH35,16129C 16223G 16278G 16286G 16294G 16309T
ZwShonaLC037,SH36,16111G 16223G 16278G 16286G 16294G 16309T
ZwShonaLC038,SH38,16114G 16129C 16209A 16213C 16223G 16278G 16354G
RwHutuLC021,RW19,16114A 16129C 16213C 16223G 16278G 16355G 16362A
ZwShonaLC039,SH39,16223G 16224A 16278G 16311A
RwHutuLC022,RW20,16129C 16189A 16278G 16300T 16311A 16354G
RwHutuLC023,RW26,16124A 16223G 16278G 16362A
RwHutuLC024,RW26,16124A 16223G 16278G 16362A
RwHutuLC025,RW21,16093A 16124A 16188G 16223G 16278G 16362A
RwHutuLC026,RW22,16093A 16124A 16223G 16278G 16362A
RwHutuLC027,RW22,16093A 16124A 16223G 16278G 16362A
RwHutuLC028,RW22,16093A 16124A 16223G 16278G 16362A
ZwShonaLC040,SH40/RW25,16124A 16223G 16278G 16311A 16362A
RwHutuLC029,SH40/RW25,16124A 16223G 16278G 16311A 16362A
ZwShonaLC041,SH41,16124A 16223G 16278G 16293T 16311A 16362A
ZwShonaLC042,SH41,16124A 16223G 16278G 16293T 16311A 16362A
ZwShonaLC043,SH43,16124A 16182C 16183C 16189A 16223G 16278G 16304A 16311A
ZwShonaLC044,SH44/RW28,16124A 16223G 16319C
ZwShonaLC045,SH44/RW28,16124A 16223G 16319C
ZwShonaLC046,SH44/RW28,16124A 16223G 16319C
ZwShonaLC047,SH44/RW28,16124A 16223G 16319C
RwHutuLC030,SH44/RW28,16124A 16223G 16319C
ZwShonaLC048,SH48,16223G 16327G
ZwShonaLC049,SH48,16223G 16327G
ZwShonaLC050,SH48,16223G 16327G
ZwShonaLC051,SH51,16185G 16209A 16223G 16327G
RwHutuLC031,RW29,16185G 16223G 16311A 16327G
ZwShonaLC052,SH51,16223G 16311A 16320G
ZwShonaLC053,SH51,16223G 16311A 16320G
ZwShonaLC054,SH54,16111G 16124A 16223G 16311A 16320G
ZwShonaLC055,SH55,16172A 16189A 16223G 16320G
ZwShonaLC056,SH55,16172A 16189A 16223G 16320G
ZwShonaLC057,SH55,16172A 16189A 16223G 16320G
ZwShonaLC058,SH58/RW30,16172A 16183C 16189A 16223G 16320G
RwHutuLC032,SH58/RW30,16172A 16183C 16189A 16223G 16320G
RwHutuLC033,RW31,16051T 16223G 16264G
RwHutuLC034,RW33,16129C 16223G 16293T 16311A 16343T 16355G 16362A
RwHutuLC035,RW34,16093A 16223G 16293T 16311A 16355G 16362A
RwHutuLC036,RW35,16223G 16293T 16311A 16362A
ZwShonaLC059,SH59,16093G 16223G 16287A 16293T 16301G 16311A 16355G 16362A
RwHutuLC037,RW32,16169G 16207T 16223G 16278G
RwHutuLC038,RW38,16093A 16129C 16220T 16223G 16254T 16311A 16316T 16362A
RwHutuLC039,RW39,16223G 16311A 16354G
RwHutuLC040,RW39,16223G 16311A 16354G
RwHutuLC041,RW39,16223G 16311A 16354G
RwHutuLC042,RW42,16223G 16316T
