SlMendeBJ001,A2,16111G 16187G 16223G 16290G 16319C 16362A
SlTemneBJ001,H,16278G
SlTemneBJ002,L1a1,16129C 16148G 16168G 16172A 16187G 16188G 16189A 16223G 16230T 16301G 16311A 16320G
SlTemneBJ003,L1a1,16129C 16148G 16168G 16172A 16187G 16188G 16189A 16223G 16230T 16311A 16320G 16325A 16362A 16390C
SlTemneBJ004,L1a1,16129C 16148G 16168G 16172A 16187G 16188G 16189A 16223G 16230T 16311A 16320G 16325A 16362A 16390C
SlTemneBJ005,L1a1,16129C 16148G 16168G 16172A 16187G 16188G 16189A 16223G 16230T 16311A 16320G 16355G
SlTemneBJ006,L1a1,16129C 16148G 16168G 16172A 16187G 16188G 16189A 16223G 16230T 16311A 16320G 16355G
SlLokoBJ001,L1a1,16129C 16148G 16168G 16172A 16187G 16188G 16189A 16223G 16230T 16311A 16320G
SlLimbaBJ001,L1a1,16129C 16148G 16168G 16172A 16187G 16188G 16189A 16223G 16230T 16311A 16320G
SlTemneBJ007,L1a1,16129C 16148G 16168G 16172A 16187G 16188G 16189A 16223G 16230T 16311A 16320G
SlMendeBJ002,L1a1,16086A 16129C 16148G 16168G 16172A 16187G 16188G 16189A 16223G 16230T 16311A 16320G
SlMendeBJ003,L1b,16126A 16187G 16189A 16223G 16239G 16258T 16264G 16270G 16278G 16311A
SlMendeBJ004,L1b,16126A 16187G 16189A 16223G 16239G 16264G 16270G 16278G 16311A
SlMendeBJ005,L1b,16126A 16187G 16189A 16223G 16239G 16264G 16270G 16278G 16311A
SlLokoBJ002,L1b,16126A 16187G 16189A 16223G 16239G 16264G 16270G 16278G 16311A
SlLimbaBJ002,L1b,16126A 16187G 16189A 16223G 16239G 16264G 16270G 16278G 16311A
SlMendeBJ006,L1b,16126A 16187G 16189A 16223G 16264G 16270G 16278G 16311A
SlLokoBJ003,L1b,16126A 16187G 16189A 16223G 16264G 16270G 16278G 16311A
SlLokoBJ004,L1b,16126A 16187G 16189A 16223G 16264G 16270G 16278G 16311A
SlLimbaBJ003,L1b,16126A 16187G 16189A 16223G 16264G 16270G 16278G 16311A
SlTemneBJ008,L1b,16126A 16187G 16189A 16223G 16264G 16270G 16278G 16311A
SlTemneBJ009,L1b,16126A 16187G 16189A 16223G 16264G 16270G 16278G 16311A
SlLimbaBJ004,L1b,16187G 16189A 16223G 16264G 16270G 16278G 16311A 16362A
SlMendeBJ007,L1b1,16111G 16126A 16187G 16189A 16223G 16239G 16270G 16278G 16293T 16311A
SlMendeBJ008,L1b1,16111G 16126A 16187G 16189A 16223G 16239G 16270G 16278G 16293T 16311A
SlTemneBJ010,L1b1,16111G 16126A 16187G 16189A 16223G 16239G 16270G 16278G 16293T 16311A
SlTemneBJ011,L1b1,16114G 16126A 16187G 16189A 16223G 16264G 16270G 16278G 16293T 16311A
SlTemneBJ012,L1b1,16114G 16126A 16187G 16189A 16223G 16264G 16270G 16278G 16293T 16311A
SlMendeBJ009,L1b1,16114G 16126A 16187G 16189A 16264G 16270G 16278G 16293T 16311A
SlLokoBJ005,L1b1,16126A 16139T 16187G 16189A 16223G 16256G 16264G 16270G 16278G 16293T 16311A
SlMendeBJ010,L1b1,16126A 16154A 16187G 16189A 16223G 16264G 16270G 16278G 16293T 16311A
SlTemneBJ013,L1b1,16126A 16154A 16187G 16189A 16223G 16264G 16270G 16278G 16293T 16311A
SlMendeBJ011,L1b1,16126A 16180T 16187G 16189A 16223G 16256G 16264G 16270G 16278G 16293T 16311A
SlTemneBJ014,L1b1,16126A 16183C 16189A 16223G 16256G 16264G 16270G 16278G 16293T 16311A
SlTemneBJ015,L1b1,16126A 16183C 16189A 16223G 16264G 16270G 16278G 16293T 16311A
SlTemneBJ016,L1b1,16126A 16183C 16189A 16223G 16264G 16270G 16293T 16311A
SlLokoBJ006,L1b1,16126A 16187G 16189A 16223G 16239G 16264G 16270G 16278G 16292G 16293T 16311A
SlLokoBJ007,L1b1,16126A 16187G 16189A 16223G 16243A 16264G 16270G 16278G 16293T 16311A
SlMendeBJ012,L1b1,16126A 16187G 16189A 16223G 16256G 16264G 16270G 16278G 16287G 16293T 16311A
SlMendeBJ013,L1b1,16126A 16187G 16189A 16223G 16264G 16270G 16274C 16278G 16293T 16311A
SlMendeBJ014,L1b1,16126A 16187G 16189A 16223G 16264G 16270G 16278G 16293T 16311A
SlLimbaBJ005,L1b1,16126A 16187G 16189A 16223G 16264G 16270G 16278G 16293T 16311A
SlTemneBJ017,L1b1,16126A 16187G 16189A 16223G 16264G 16270G 16278G 16293T 16311A
SlMendeBJ015,L1b1,16126A 16187G 16189A 16223G 16270G 16278G 16293T 16311A 16362A 16400G
SlMendeBJ016,L1b1,16126A 16187G 16189A 16223G 16270G 16278G 16293T 16311A 16362A 16400G
SlTemneBJ018,L1b1,16126A 16187G 16189A 16223G 16270G 16278G 16293T 16311A
SlMendeBJ017,L1b1,16126A 16187G 16189A 16264G 16270G 16278G 16293T 16311A
SlLokoBJ008,L1b1,16126A 16187G 16189A 16264G 16270G 16278G 16293T 16311A
SlTemneBJ019,L1b1,16126A 16189A 16223G 16264G 16270G 16278G 16293T 16311A
SlTemneBJ020,L1b1,16126A 16189A 16223G 16264G 16270G 16278G 16293T 16311A
SlTemneBJ021,L1b1,16187G 16189A 16223G 16264G 16270G 16278G 16293T 16311A 16362A
SlLokoBJ009,L1c,16129C 16172A 16184G 16187G 16189A 16223G 16261G 16278G 16311A 16359A 16360G 16390C
SlLokoBJ010,L1c,16129C 16187G 16189A 16223G 16261G 16278G 16311A 16360G
SlTemneBJ022,L1c,16086A 16129C 16153C 16172A 16184G 16187G 16189A 16223G 16261G 16278G 16311A 16360G
SlTemneBJ023,L1c,16086A 16129C 16153C 16172A 16184G 16187G 16189A 16223G 16261G 16278G 16311A 16360G
SlTemneBJ024,L1c,16086A 16172A 16173G 16184G 16187G 16189A 16223G 16261G 16278G 16311A 16360G
SlLimbaBJ006,L1c1,16129C 16163T 16187G 16189A 16212T 16223G 16278G 16293T 16294G 16311A 16325A 16360G 16368A
SlTemneBJ025,L1c1,16129C 16166T 16187G 16189A 16223G 16278G 16293T 16294G 16311A 16360G
SlLokoBJ011,L1c1,16129C 16187G 16189A 16223G 16278G 16293T 16294G 16311A 16360G
SlLimbaBJ007,L1c1,16017A 16129C 16163T 16187G 16189A 16223G 16278G 16293T 16294G 16311A 16360G
SlTemneBJ026,L1c1,16038T 16086A 16129C 16187G 16189A 16192G 16278G 16293T 16294G 16360G
SlLokoBJ012,L1c1,16038T 16086A 16129C 16187G 16189A 16223G 16278G 16291G 16293T 16294G 16360G
SlMendeBJ018,L1c1,16086A 16129C 16169G 16172A 16183C 16189A 16223G 16261G 16278G 16293T 16311A 16360G
SlTemneBJ027,L1c1,16086A 16129C 16169G 16172A 16189A 16223G 16261G 16278G 16293T 16311A 16360G
SlTemneBJ028,L1c1,16086A 16092A 16129C 16169G 16172A 16183C 16189A 16192G 16223G 16261G 16278G 16293T 16311A 16360G
SlLimbaBJ008,L1c1,16093A 16129C 16169G 16172A 16187G 16189A 16223G 16239G 16261G 16278G 16293T 16311A 16360G
SlTemneBJ029,L1c1,16093A 16129C 16187G 16189A 16223G 16256G 16266G 16278G 16293T 16311A 16360G
SlLokoBJ013,L2a,16145C 16189A 16192G 16223G 16278G 16294G 16362A 16390C
SlLokoBJ014,L2a,16145C 16189A 16192G 16223G 16278G 16294G 16362A 16390C
SlLimbaBJ009,L2a,16145C 16189A 16192G 16223G 16278G 16294G 16362A 16390C
SlLimbaBJ010,L2a,16168G 16183C 16189A 16223G 16278G 16294G 16355G 16362A 16390C 16460G
SlTemneBJ030,L2a,16183C 16185G 16189A 16192G 16223G 16241T 16278G 16292G 16293T 16294G 16390C
SlTemneBJ031,L2a,16183C 16185G 16189A 16192G 16223G 16241T 16278G 16292G 16293T 16294G 16390C
SlMendeBJ019,L2a,16183C 16185G 16189A 16192G 16223G 16241T 16278G 16292G 16294G 16390C
SlLimbaBJ011,L2a,16183C 16185G 16189A 16192G 16223G 16241T 16278G 16292G 16294G 16390C
SlLimbaBJ012,L2a,16183C 16189A 16223G 16278G 16294G 16362A 16390C
SlTemneBJ032,L2a,16183C 16189A 16223G 16278G 16294G 16362A 16390C
SlTemneBJ033,L2a,16183C 16189A 16223G 16278G 16294G 16362A 16390C
SlLimbaBJ013,L2a,16189A 16192G 16223G 16278G 16294G 16311A 16362A 16390C 16430T 16460G
SlTemneBJ034,L2a,16189A 16192G 16223G 16278G 16294G 16311A 16362A 16390C
SlTemneBJ035,L2a,16189A 16192G 16223G 16278G 16294G 16311A 16362A 16390C
SlLimbaBJ014,L2a,16189A 16192G 16223G 16278G 16294G 16362A 16390C
SlLimbaBJ015,L2a,16189A 16192G 16223G 16278G 16294G 16362A 16390C
SlTemneBJ036,L2a,16189A 16192G 16223G 16278G 16294G 16362A 16390C
SlMendeBJ020,L2a,16189A 16192G 16223G 16278G 16294G 16380G 16390C
SlLokoBJ015,L2a,16189A 16223G 16278G 16294G 16362A 16390C 16467G
SlLokoBJ016,L2a,16189A 16223G 16278G 16294G 16362A 16390C
SlLokoBJ017,L2a,16189A 16223G 16278G 16294G 16362A 16390C
SlTemneBJ037,L2a,16189A 16223G 16278G 16294G 16362A 16390C
SlTemneBJ038,L2a,16189A 16223G 16278G 16294G 16362A 16390C
SlTemneBJ039,L2a,16189A 16223G 16278G 16294G 16390C
SlMendeBJ021,L2a,16193G 16213C 16223G 16239G 16278G 16294G 16390C
SlLokoBJ018,L2a,16193G 16213C 16223G 16239G 16265T 16278G 16294G 16390C
SlLimbaBJ016,L2a1,16104G 16189A 16223G 16278G 16294G 16309T 16390C
SlTemneBJ040,L2a1,16124A 16189A 16223G 16278G 16294G 16309T 16390C
SlTemneBJ041,L2a1,16183C 16189A 16223G 16278G 16294G 16309T 16390C
SlTemneBJ042,L2a1,16189A 16192G 16223G 16269T 16278G 16294G 16309T 16390C
SlMendeBJ022,L2a1,16189A 16192G 16223G 16278G 16294G 16309T 16390C
SlTemneBJ043,L2a1,16189A 16192G 16223G 16278G 16294G 16309T 16390C
SlTemneBJ044,L2a1,16189A 16192G 16223G 16278G 16294G 16309T 16390C
SlTemneBJ045,L2a1,16189A 16192G 16223G 16278G 16294G 16309T 16390C
SlLimbaBJ017,L2a1,16189A 16223G 16269T 16278G 16294G 16309T 16390C 16460G
SlMendeBJ023,L2a1,16189A 16223G 16278G 16294G 16309T 16390C
SlLokoBJ019,L2a1,16189A 16223G 16278G 16294G 16309T 16390C
SlLimbaBJ018,L2a1,16189A 16223G 16278G 16294G 16309T 16390C
SlTemneBJ046,L2a1,16189A 16223G 16278G 16294G 16309T 16390C
SlTemneBJ047,L2a1,16189A 16223G 16278G 16294G 16362A 16390C
SlMendeBJ024,L2a1,16223G 16233T 16278G 16294G 16309T 16368A 16390C
SlMendeBJ025,L2a1,16223G 16233T 16278G 16294G 16309T 16368A 16390C
SlMendeBJ026,L2a1,16223G 16278G 16286G 16294G 16309T 16390C
SlLimbaBJ019,L2a1,16223G 16278G 16294G 16309T 16311A 16368A 16390C
SlMendeBJ027,L2a1,16223G 16278G 16294G 16309T 16368A 16390C
SlLimbaBJ020,L2a1,16223G 16278G 16294G 16309T 16368A 16390C
SlTemneBJ048,L2a1,16223G 16278G 16294G 16309T 16368A 16390C
SlLimbaBJ021,L2a1,16223G 16278G 16294G 16309T 16390C 16399T
SlMendeBJ028,L2a1,16223G 16278G 16294G 16309T 16390C
SlLimbaBJ022,L2a1,16223G 16278G 16294G 16309T 16390C
SlMendeBJ029,L2a1,16031T 16223G 16256G 16278G 16294G 16309T 16368A 16390C
SlTemneBJ049,L2a1,16075A 16189A 16213C 16278G 16294G 16309T 16375G 16381A 16390C
SlTemneBJ050,L2a1,16075A 16189A 16223G 16278G 16294G 16309T 16390C
SlLokoBJ020,L2a1,16093A 16223G 16278G 16294G 16309T 16368A 16390C
SlLimbaBJ023,L2a1,16093A 16223G 16278G 16294G 16309T 16390C
SlLokoBJ021,L2b,16114A 16129C 16182C 16183C 16189A 16213C 16223G 16257G 16278G 16390C
SlLimbaBJ024,L2b,16114A 16129C 16183C 16189A 16213C 16223G 16257G 16278G 16390C
SlMendeBJ030,L2b,16093A 16114A 16129C 16213C 16223G 16278G 16390C
SlLimbaBJ025,L2b1,16114A 16129C 16169G 16213C 16223G 16278G 16355G 16362A 16390C
SlLimbaBJ026,L2b1,16114A 16129C 16213C 16223G 16278G 16355G 16359A 16362A 16390C
SlTemneBJ051,L2b1,16086A 16114A 16129C 16213C 16223G 16278G 16342A 16355G 16362A 16390C 16465G
SlTemneBJ052,L2c,16111G 16223G 16278G 16294G 16390C
SlTemneBJ053,L2c,16168G 16189A 16213C 16223G 16278G
SlLimbaBJ027,L2c,16168G 16193G 16223G 16278G 16390C
SlTemneBJ054,L2c,16168G 16193G 16223G 16278G 16390C
SlTemneBJ055,L2c,16176G 16223G 16278G 16390C
SlTemneBJ056,L2c,16188G 16223G 16278G 16390C
SlTemneBJ057,L2c,16189A 16223G 16278G 16362A 16390C
SlMendeBJ031,L2c,16223G 16278G 16302T 16309T
SlTemneBJ058,L2c,16223G 16278G 16311A 16390C
SlTemneBJ059,L2c,16223G 16278G 16311A 16390C
SlTemneBJ060,L2c,16223G 16278G 16311A 16390C
SlMendeBJ032,L2c,16223G 16278G 16390C
SlLimbaBJ028,L2c,16223G 16278G 16390C
SlLimbaBJ029,L2c,16223G 16278G 16390C
SlLimbaBJ030,L2c,16223G 16278G 16390C
SlLimbaBJ031,L2c,16223G 16278G 16390C
SlLimbaBJ032,L2c,16223G 16278G 16390C
SlLimbaBJ033,L2c,16223G 16278G 16390C
SlTemneBJ061,L2c,16223G 16278G 16390C
SlTemneBJ062,L2c,16223G 16278G 16390C
SlTemneBJ063,L2c,16223G 16278G 16390C
SlTemneBJ064,L2c,16223G 16278G 16390C
SlTemneBJ065,L2c,16093A 16223G 16278G 16362A 16390C
SlLimbaBJ034,L2c,16093A 16223G 16278G 16390C
SlTemneBJ066,L2c1,16223G 16261G 16278G 16318T 16390C
SlTemneBJ067,L2c1,16223G 16278G 16318T 16390C
SlTemneBJ068,L2c2,16189A 16223G 16264G 16278G 16390C
SlMendeBJ033,L2c2,16093A 16126A 16223G 16264G 16274C 16278G 16311A 16390C
SlLokoBJ022,L2c2,16093A 16126A 16223G 16264G 16274C 16278G 16311A 16390C
SlLimbaBJ035,L2c2,16093A 16126A 16223G 16264G 16274C 16278G 16311A 16390C
SlLimbaBJ036,L2c2,16093A 16126A 16223G 16264G 16274C 16278G 16311A 16390C
SlLimbaBJ037,L2c2,16093A 16126A 16223G 16264G 16274C 16278G 16311A 16390C
SlLimbaBJ038,L2c2,16093A 16126A 16223G 16264G 16274C 16278G 16311A 16390C
SlTemneBJ069,Lc22,16093A 16223G 16264G 16278G 16362A 16390C
SlTemneBJ070,L2d1,16129C 16182C 16183C 16189A 16278G 16300T 16354G 16390C 16399T
SlTemneBJ071,L2d1,16129C 16183C 16189A 16278G 16300T 16354G 16390C 16399T
SlTemneBJ072,L2d1,16129C 16183C 16189A 16278G 16300T 16354G 16390C 16399T
SlTemneBJ073,L2d2,16111A 16145C 16184G 16189A 16223G 16239G 16278G 16292G 16311A 16355G 16360G 16368A 16390C 16399T 16400G
SlLokoBJ023,L2d2,16111A 16145C 16184G 16189A 16223G 16239G 16278G 16292G 16355G 16362A 16390C 16399T 16400G
SlLimbaBJ039,L2d2,16111A 16145C 16184G 16189A 16223G 16239G 16278G 16292G 16355G 16362A 16390C 16399T 16400G
SlMendeBJ034,L2d2,16111A 16145C 16184G 16189A 16223G 16239G 16278G 16292G 16355G 16390C 16399T 16400G
SlMendeBJ035,L2d2,16111A 16145C 16184G 16189A 16223G 16239G 16278G 16292G 16355G 16390C 16399T 16400G
SlTemneBJ074,L2d2,16111A 16145C 16184G 16189A 16223G 16239G 16278G 16292G 16355G 16390C 16399T 16400G
SlTemneBJ075,L2d2,16111A 16145C 16184G 16223G 16239G 16278G 16292G 16311A 16355G 16390C 16399T 16400G
SlTemneBJ076,L2d2,16111A 16145C 16184G 16223G 16239G 16278G 16292G 16311A 16355G 16390C 16399T 16400G
SlMendeBJ036,L2d2,16111A 16145C 16184G 16239G 16278G 16292G 16311A 16355G 16390C 16399T 16400G
SlMendeBJ037,L3,16184G 16213C 16223G 16278G
SlMendeBJ038,L3,16209A 16223G 16278G
SlLimbaBJ040,L3b,16124A 16145C 16189A 16223G 16278G 16362A 16460G
SlLimbaBJ041,L3b,16124A 16145C 16189A 16223G 16278G 16362A
SlMendeBJ039,L3b,16124A 16148G 16182C 16183C 16189A 16223G 16278G 16362A
SlTemneBJ077,L3b,16124A 16148G 16182C 16183C 16189A 16223G 16278G 16362A
SlLimbaBJ042,L3b,16124A 16172A 16189A 16223G 16278G 16399T
SlTemneBJ078,L3b,16124A 16223G 16234G 16278G 16362A
SlMendeBJ040,L3b,16124A 16223G 16243A 16278G 16362A
SlLokoBJ024,L3b,16124A 16223G 16261G 16278G 16360G 16362A
SlLimbaBJ043,L3b,16124A 16223G 16261G 16278G 16360G 16362A
SlLimbaBJ044,L3b,16124A 16223G 16261G 16278G 16360G 16362A
SlMendeBJ041,L3b,16124A 16223G 16266G 16278G 16355G 16362A
SlMendeBJ042,L3b,16124A 16223G 16278G 16355G 16362A
SlMendeBJ043,L3b,16124A 16223G 16278G 16355G 16362A
SlLokoBJ025,L2b,16124A 16223G 16278G 16362A
SlLimbaBJ045,L2b,16124A 16223G 16278G 16362A
SlLimbaBJ046,L2b,16124A 16223G 16278G 16362A
SlLimbaBJ047,L2b,16124A 16223G 16278G 16362A
SlTemneBJ079,L2b,16124A 16223G 16278G 16362A
SlTemneBJ080,L2b,16124A 16223G 16278G 16362A
SlTemneBJ081,L2b,16124A 16223G 16278G 16362A
SlTemneBJ082,L2b,16124A 16223G 16278G 16362A
SlTemneBJ083,L2b,16124A 16223G 16278G 16362A
SlTemneBJ084,L2b,16124A 16223G 16278G 16362A
SlTemneBJ085,L3b,16124A 16223G 16278G
SlLokoBJ026,L3b,16048C 16124A 16223G 16278G 16362A
SlTemneBJ086,L3b,16048C 16124A 16223G 16278G 16362A
SlTemneBJ087,L3b,16093A 16124A 16223G 16278G 16355G 16362A
SlLimbaBJ048,L3b1,16214G 16223G 16278G 16362A
SlMendeBJ044,L3b1,16223G 16278G 16362A
SlLimbaBJ049,L3b1,16223G 16278G 16362A
SlLimbaBJ050,L3b1,16223G 16278G 16362A
SlTemneBJ088,L3b1,16051T 16223G 16278G 16318T 16362A
SlMendeBJ045,L3d,16111G 16124A 16223G
SlLimbaBJ051,L3d,16111G 16124A 16223G
SlLimbaBJ052,L3d,16111G 16124A 16223G
SlTemneBJ089,L3d,16111G 16124A 16223G
SlTemneBJ090,L3d,16111G 16124A 16223G
SlTemneBJ091,L3d,16124A 16166T 16223G
SlMendeBJ046,L3d,16124A 16223G 16399T
SlLokoBJ027,L3d,16124A 16223G 16399T
SlLimbaBJ053,L3d,16124A 16223G 16399T
SlTemneBJ092,L3d,16124A 16223G 16399T
SlTemneBJ093,L3d,16124A 16223G 16399T
SlTemneBJ094,L3d,16124A 16223G 16399T
SlTemneBJ095,L3d,16124A 16223G 16399T
SlTemneBJ096,L3d,16124A 16223G
SlMendeBJ047,L3d,16093A 16124A 16126A 16223G
SlMendeBJ048,L3d2,16086A 16124A 16223G 16256G 16368A
SlLokoBJ028,L3d2,16086A 16124A 16223G 16256G 16368A
SlLimbaBJ054,L3d2,16086A 16124A 16223G 16256G 16368A
SlTemneBJ097,L3d2,16086A 16124A 16223G 16256G 16368A
SlTemneBJ098,L3d2,16086A 16124A 16223G 16256G 16368A
SlTemneBJ099,L3d2,16124A 16172A 16184G 16223G 16256G
SlLokoBJ029,L3d2,16124A 16223G 16256G 16291G 16368A
SlTemneBJ100,L3d2,16124A 16223G 16256G 16292G
SlTemneBJ101,L3d2,16124A 16223G 16256G 16292G
SlLokoBJ030,l3D2,16124A 16223G 16256G 16399T
SlLimbaBJ055,L3e1,16172A 16223G 16311A 16327G 16399T
SlLimbaBJ056,L3e1,16172A 16223G 16311A 16327G 16399T
SlLimbaBJ057,L3e2,16223G 16242G 16320G
SlTemneBJ102,L3e2,16223G 16242G 16320G
SlMendeBJ049,L3e2b,16172A 16183C 16189A 16193G 16223G 16320G
SlMendeBJ050,L3e2b,16172A 16183C 16189A 16223G 16259G 16291G 16320G 16467G
SlTemneBJ103,L3e2b,16172A 16183C 16189A 16223G 16259G 16291G 16320G
SlTemneBJ104,L3e2b,16172A 16183C 16189A 16223G 16259G 16291G 16320G
SlTemneBJ105,L3e2b,16172A 16183C 16189A 16223G 16261G 16320G
SlTemneBJ106,L3e2B,16172A 16183C 16189A 16223G 16320G
SlTemneBJ107,L3e2B,16172A 16183C 16189A 16223G 16320G
SlTemneBJ108,L3e2B,16172A 16183C 16189A 16223G 16320G
SlTemneBJ109,L3e2B,16172A 16183C 16189A 16223G 16320G
SlTemneBJ110,L3e2B,16172A 16189A 16223G 16239G 16295G 16320G
SlMendeBJ051,L3e2b,16172A 16189A 16223G 16320G
SlTemneBJ111,L3e2b,16189A 16223G 16261G 16320G 16390C
SlLimbaBJ058,L3e4,16051T 16189A 16223G 16264G 16460G
SlLimbaBJ059,L3e4,16051T 16223G 16264G
SlLimbaBJ060,L3e4,16051T 16223G 16264G
SlLimbaBJ061,L3e4,16051T 16223G 16264G
SlLimbaBJ062,L3e4,16051T 16223G 16264G
SlMendeBJ052,L3f1,16129C 16209A 16223G 16292G 16295G 16311A
SlMendeBJ053,L3f1,16167G 16209A 16223G 16292G 16311A
SlTemneBJ112,L3f1,16176G 16209A 16223G 16292G 16295G 16311A
SlTemneBJ113,L3f1,16176G 16209A 16223G 16292G 16295G 16311A
SlLimbaBJ063,L3f1,16209A 16223G 16224A 16292G 16295G 16311A
SlLimbaBJ064,L3f1,16209A 16223G 16266G 16274C 16292G 16311A
SlLimbaBJ065,L3f1,16209A 16223G 16266G 16274C 16292G 16311A
SlMendeBJ054,L3f1,16209A 16223G 16292G 16295G 16311A
SlTemneBJ114,L3f1,16209A 16223G 16292G 16295G 16311A
SlTemneBJ115,L3f1,16209A 16223G 16292G 16295G 16311A
SlTemneBJ116,L3f1,16209A 16223G 16292G 16295G 16311A
SlTemneBJ117,L3f1,16209A 16223G 16292G 16295G 16311A
SlTemneBJ118,L3f1,16209A 16223G 16292G 16295G 16311A
SlMendeBJ055,L3g,16148G 16223G 16293T 16311A 16362A
SlLimbaBJ066,Other,16169G 16187G 16223G 16266G
SlTemneBJ119,Other,16179G 16189A 16192G 16215T 16223G 16256A 16284T 16311A
SlLimbaBJ067,Other,16179G 16189A 16215T 16223G 16256A 16284T 16311A
SlLimbaBJ068,Other,16223G 16274C 16399T
SlTemneBJ120,Other,16037T 16223G 16399T
SlLokoBJ031,U6,16172A 16183C 16189A 16219T 16278G
SlLokoBJ032,U6,16172A 16183C 16189A 16219T 16278G
