AoNyanekaNkhumbiMC001,H1,16129C 16148G 16172A 16173G 16187G 16188G 16189A 16223G 16230T 16278G 16293T 16311A 16320G 93T 95C 185C 189T 236A 247C 263T
AoOvimbunduMC001,H2,16129C 16148G 16172A 16187G 16188G 16189A 16192G 16223G 16230T 16291G 16311A 16317T 16320G 93T 95C 146A 152A 185C 189T 236A 247d 263T
AoOvimbunduMC002,H3,16129C 16148G 16168G 16172A 16187G 16188G 16189A 16223G 16230T 16311A 16320G 93T 185C 189T 200T 236A 247C 263T 309.1C
AoNyanekaNkhumbiMC002,H4,16129C 16148G 16168G 16172A 16187G 16188G 16189A 16223G 16230T 16311A 16320G 93T 185C 189T 200T 236A 247C 263T
AoNyanekaNkhumbiMC003,H4,16129C 16148G 16168G 16172A 16187G 16188G 16189A 16223G 16230T 16311A 16320G 93T 185C 189T 200T 236A 247C 263T
AoNyanekaNkhumbiMC004,H4,16129C 16148G 16168G 16172A 16187G 16188G 16189A 16223G 16230T 16311A 16320G 93T 185C 189T 200T 236A 247C 263T
AoAngolanMC001,H4,16129C 16148G 16168G 16172A 16187G 16188G 16189A 16223G 16230T 16311A 16320G 93T 185C 189T 200T 236A 247C 263T
AoAngolanMC002,H5,16093A 16129C 16148G 16168G 16172A 16187G 16188G 16189A 16223G 16230T 16278G 16293T 16311A 16320G 93T 95C 185C 189T 236A 247C 263T
AoNyanekaNkhumbiMC005,H6,16093A 16129C 16148G 16168G 16172A 16187G 16188G 16189A 16223G 16230T 16278G 16293T 16311A 16320G 16335T 93T 95C 185C 189T 236A 247C 263T
AoNyanekaNkhumbiMC006,H7,16129C 16148G 16168G 16172A 16173G 16187G 16188G 16189A 16223G 16230T 16278G 16293T 16311A 16320G 93T 95C 185C 189T 236A 247C 263T
AoNyanekaNkhumbiMC007,H7,16129C 16148G 16168G 16172A 16173G 16187G 16188G 16189A 16223G 16230T 16278G 16293T 16311A 16320G 93T 95C 185C 189T 236A 247C 263T
AoNyanekaNkhumbiMC008,H7,16129C 16148G 16168G 16172A 16173G 16187G 16188G 16189A 16223G 16230T 16278G 16293T 16311A 16320G 93T 95C 185C 189T 236A 247C 263T
AoNyanekaNkhumbiMC009,H7,16129C 16148G 16168G 16172A 16173G 16187G 16188G 16189A 16223G 16230T 16278G 16293T 16311A 16320G 93T 95C 185C 189T 236A 247C 263T
AoKuvaleMC001,H8,16129C 16148G 16168G 16172A 16187G 16188G 16189A 16223G 16230T 16278G 16292G 16293T 16311A 16320G 93T 95C 131A 185C 189T 236A 247C 263T
AoNyanekaNkhumbiMC010,H9,16129C 16148G 16168G 16172A 16187G 16188G 16189A 16223G 16230T 16278G 16293T 16311A 16320G 93T 95C 131A 185C 189T 236A 247C
AoKuvaleMC002,H10,16129C 16148G 16168G 16172A 16187G 16188G 16189A 16223G 16230T 16278G 16293T 16311A 16320G 93T 95C 131A 185C 189T 236A 247C 263T
AoKuvaleMC003,H10,16129C 16148G 16168G 16172A 16187G 16188G 16189A 16223G 16230T 16278G 16293T 16311A 16320G 93T 95C 131A 185C 189T 236A 247C 263T
AoNyanekaNkhumbiMC011,H10,16129C 16148G 16168G 16172A 16187G 16188G 16189A 16223G 16230T 16278G 16293T 16311A 16320G 93T 95C 131A 185C 189T 236A 247C 263T
AoNyanekaNkhumbiMC012,H11,16129C 16148G 16168G 16172A 16187G 16188G 16189A 16223G 16230T 16278G 16293T 16311A 16320G 93T 95C 150G 185C 189T 236A 247C 263T
AoAngolanMC003,H11,16129C 16148G 16168G 16172A 16187G 16188G 16189A 16223G 16230T 16278G 16293T 16311A 16320G 93T 95C 150G 185C 189T 236A 247C 263T
AoAngolanMC004,H11,16129C 16148G 16168G 16172A 16187G 16188G 16189A 16223G 16230T 16278G 16293T 16311A 16320G 93T 95C 150G 185C 189T 236A 247C 263T
AoOvimbunduMC003,H12,16129C 16148G 16168G 16172A 16187G 16188G 16189A 16223G 16230T 16278G 16293T 16311A 16320G 93T 95C 152A 185C 189T 236A 247C 263T
AoKuvaleMC004,H13,16129C 16148G 16168G 16172A 16187G 16188G 16189A 16223G 16230T 16278G 16293T 16311A 16320G 93T 95C 185C 189T 236A 247C 263T
AoKuvaleMC005,H13,16129C 16148G 16168G 16172A 16187G 16188G 16189A 16223G 16230T 16278G 16293T 16311A 16320G 93T 95C 185C 189T 236A 247C 263T
AoKuvaleMC006,H13,16129C 16148G 16168G 16172A 16187G 16188G 16189A 16223G 16230T 16278G 16293T 16311A 16320G 93T 95C 185C 189T 236A 247C 263T
AoNyanekaNkhumbiMC013,H13,16129C 16148G 16168G 16172A 16187G 16188G 16189A 16223G 16230T 16278G 16293T 16311A 16320G 93T 95C 185C 189T 236A 247C 263T
AoNyanekaNkhumbiMC014,H13,16129C 16148G 16168G 16172A 16187G 16188G 16189A 16223G 16230T 16278G 16293T 16311A 16320G 93T 95C 185C 189T 236A 247C 263T
AoNyanekaNkhumbiMC015,H13,16129C 16148G 16168G 16172A 16187G 16188G 16189A 16223G 16230T 16278G 16293T 16311A 16320G 93T 95C 185C 189T 236A 247C 263T
AoNyanekaNkhumbiMC016,H13,16129C 16148G 16168G 16172A 16187G 16188G 16189A 16223G 16230T 16278G 16293T 16311A 16320G 93T 95C 185C 189T 236A 247C 263T
AoAngolanMC005,H13,16129C 16148G 16168G 16172A 16187G 16188G 16189A 16223G 16230T 16278G 16293T 16311A 16320G 93T 95C 185C 189T 236A 247C 263T
AoAngolanMC006,H13,16129C 16148G 16168G 16172A 16187G 16188G 16189A 16223G 16230T 16278G 16293T 16311A 16320G 93T 95C 185C 189T 236A 247C 263T
AoOvimbunduMC004,H14,16129C 16148G 16168G 16172A 16187G 16188G 16189A 16223G 16230T 16278G 16293T 16311A 16320G 93T 95C 185C 189T 236A 247C 263T 309.1C
AoNyanekaNkhumbiMC017,H15,16129C 16148G 16168G 16172A 16187G 16188G 16189A 16223G 16230T 16278G 16293T 16311A 16320G 93T 95C 185C 189T 236A 247C 263T 309.1C 309.2C
AoOvimbunduMC005,H16,16148G 16168G 16172A 16187G 16188G 16189A 16223G 16230T 16278G 16293T 16311A 16320G 93T 95C 185C 189T 236A 247C 263T 309.1C
AoKuvaleMC007,H17,16093A 16148G 16172A 16185G 16187G 16188G 16189A 16223G 16230T 16311A 16320G 93T 152A 189T 236A 247C 263T 309.1C
AoNyanekaNkhumbiMC018,H18,16093A 16148G 16172A 16187G 16188G 16189A 16223G 16230T 16311A 16320G 93T 95C 152A 185C 189T 207C 236A 247C 263T 309.1C
AoNyanekaNkhumbiMC019,H18,16093A 16148G 16172A 16187G 16188G 16189A 16223G 16230T 16311A 16320G 93T 95C 152A 185C 189T 207C 236A 247C 263T 309.1C
AoKuvaleMC008,H19,16093A 16148G 16172A 16187G 16188G 16189A 16223G 16230T 16311A 16320G 93T 152A 189T 236A 247C 263T 309.1C
AoKuvaleMC009,H19,16093A 16148G 16172A 16187G 16188G 16189A 16223G 16230T 16311A 16320G 93T 152A 189T 236A 247C 263T 309.1C
AoKuvaleMC010,H19,16093A 16148G 16172A 16187G 16188G 16189A 16223G 16230T 16311A 16320G 93T 152A 189T 236A 247C 263T 309.1C
AoKuvaleMC011,H19,16093A 16148G 16172A 16187G 16188G 16189A 16223G 16230T 16311A 16320G 93T 152A 189T 236A 247C 263T 309.1C
AoKuvaleMC012,H19,16093A 16148G 16172A 16187G 16188G 16189A 16223G 16230T 16311A 16320G 93T 152A 189T 236A 247C 263T 309.1C
AoKuvaleMC013,H19,16093A 16148G 16172A 16187G 16188G 16189A 16223G 16230T 16311A 16320G 93T 152A 189T 236A 247C 263T 309.1C
AoKuvaleMC014,H19,16093A 16148G 16172A 16187G 16188G 16189A 16223G 16230T 16311A 16320G 93T 152A 189T 236A 247C 263T 309.1C
AoKuvaleMC015,H19,16093A 16148G 16172A 16187G 16188G 16189A 16223G 16230T 16311A 16320G 93T 152A 189T 236A 247C 263T 309.1C
AoKuvaleMC016,H19,16093A 16148G 16172A 16187G 16188G 16189A 16223G 16230T 16311A 16320G 93T 152A 189T 236A 247C 263T 309.1C
AoKuvaleMC017,H19,16093A 16148G 16172A 16187G 16188G 16189A 16223G 16230T 16311A 16320G 93T 152A 189T 236A 247C 263T 309.1C
AoGanguelaMC001,H19,16093A 16148G 16172A 16187G 16188G 16189A 16223G 16230T 16311A 16320G 93T 152A 189T 236A 247C 263T 309.1C
AoGanguelaMC002,H19,16093A 16148G 16172A 16187G 16188G 16189A 16223G 16230T 16311A 16320G 93T 152A 189T 236A 247C 263T 309.1C
AoNyanekaNkhumbiMC020,H19,16093A 16148G 16172A 16187G 16188G 16189A 16223G 16230T 16311A 16320G 93T 152A 189T 236A 247C 263T 309.1C
AoOvimbunduMC006,H20,16148G 16163T 16172A 16187G 16188G 16189A 16223G 16230T 16311A 16320G 93T 95C 152A 189T 207C 236A 247C 263T 309.1C
AoGanguelaMC003,H21,16148G 16172A 16187G 16188G 16189A 16223G 16230T 16311A 16320G 93T 152A 189T 236A 247C 263T 309.1C 309.2C
AoOvimbunduMC007,H22,16093A 16148G 16172A 16187G 16188G 16189A 16223G 16230T 16311A 16320G 73T 93T 152A 189T 204A 207C 236A 247C 263T
AoOvimbunduMC008,H23,16148G 16172A 16187G 16188G 16189A 16223G 16230T 16311A 16320G 93T 150G 152A 189T 204A 207C 236A 247C 263T 309.1C
AoOvimbunduMC009,H23,16148G 16172A 16187G 16188G 16189A 16223G 16230T 16311A 16320G 93T 150G 152A 189T 204A 207C 236A 247C 263T 309.1C
AoGanguelaMC004,H24,16148G 16172A 16187G 16188G 16189A 16223G 16230T 16311A 16320G 93T 152A 189T 204A 207C 236A 247C 263T
AoGanguelaMC005,H24,16148G 16172A 16187G 16188G 16189A 16223G 16230T 16311A 16320G 93T 152A 189T 204A 207C 236A 247C 263T
AoGanguelaMC006,H24,16148G 16172A 16187G 16188G 16189A 16223G 16230T 16311A 16320G 93T 152A 189T 204A 207C 236A 247C 263T
AoNyanekaNkhumbiMC021,H24,16148G 16172A 16187G 16188G 16189A 16223G 16230T 16311A 16320G 93T 152A 189T 204A 207C 236A 247C 263T
AoAngolanMC007,H24,16148G 16172A 16187G 16188G 16189A 16223G 16230T 16311A 16320G 93T 152A 189T 204A 207C 236A 247C 263T
AoNyanekaNkhumbiMC022,H25,16148G 16172A 16187G 16188G 16189A 16223G 16230T 16311A 16320G 93T 152A 189T 204A 207C 236A 247C 263T 309.1C
AoOvimbunduMC010,H26,16148G 16172A 16187G 16188G 16189A 16223G 16230T 16311A 16320G 16399T 93T 150G 152A 189T 204A 207C 236A 247C 263T 309.1C 309.2C
AoNyanekaNkhumbiMC023,H27,16093A 16129C 16179G 16187G 16189A 16223G 16230T 16243A 16311A 73T 146A 188T 195A 200T 247C
AoKuvaleMC018,H28,16129C 16140A 16179G 16187G 16189A 16223G 16230T 16243A 16293T 16311A 73T 146A 152A 188T 195A 204A 207C 247C
AoKuvaleMC019,H28,16129C 16140A 16179G 16187G 16189A 16223G 16230T 16243A 16293T 16311A 73T 146A 152A 188T 195A 204A 207C 247C
AoOvimbunduMC011,H29,16129C 16187G 16188G 16189A 16212T 16223G 16230T 16243A 16311A 16390C 73T 146A 152A 195A 198G 247C 309.1C
AoOvimbunduMC012,H29,16129C 16187G 16188G 16189A 16212T 16223G 16230T 16243A 16311A 16390C 73T 146A 152A 195A 198G 247C 309.1C
AoKuvaleMC020,H30,16140A 16179G 16187G 16189A 16223G 16230T 16243A 16293T 16311A 73T 146A 152A 188T 195A 204A 207C 247C
AoKuvaleMC021,H30,16140A 16179G 16187G 16189A 16223G 16230T 16243A 16293T 16311A 73T 146A 152A 188T 195A 204A 207C 247C
AoKuvaleMC022,H30,16140A 16179G 16187G 16189A 16223G 16230T 16243A 16293T 16311A 73T 146A 152A 188T 195A 204A 207C 247C
AoKuvaleMC023,H30,16140A 16179G 16187G 16189A 16223G 16230T 16243A 16293T 16311A 73T 146A 152A 188T 195A 204A 207C 247C
AoKuvaleMC024,H30,16140A 16179G 16187G 16189A 16223G 16230T 16243A 16293T 16311A 73T 146A 152A 188T 195A 204A 207C 247C
AoNyanekaNkhumbiMC024,H30,16140A 16179G 16187G 16189A 16223G 16230T 16243A 16293T 16311A 73T 146A 152A 188T 195A 204A 207C 247C
AoKuvaleMC025,H31,16129C 16187G 16189A 16209A 16230T 16234G 16243A 16256G 16266A 16311A 73T 146A 153T 195A 199A 247C
AoKuvaleMC026,H32,16129C 16187G 16189A 16209A 16230T 16234G 16243A 16266A 16311A 73T 146A 153T 195A 199A 247C
AoNyanekaNkhumbiMC025,H32,16129C 16187G 16189A 16209A 16230T 16234G 16243A 16266A 16311A 73T 146A 153T 195A 199A 247C
AoNyanekaNkhumbiMC026,H32,16129C 16187G 16189A 16209A 16230T 16234G 16243A 16266A 16311A 73T 146A 153T 195A 199A 247C
AoNyanekaNkhumbiMC027,H32,16129C 16187G 16189A 16209A 16230T 16234G 16243A 16266A 16311A 73T 146A 153T 195A 199A 247C
AoKuvaleMC027,H33,16129C 16187G 16189A 16209A 16230T 16234G 16243A 16266A 16311A 73T 146A 195A 199A 247C
AoKuvaleMC028,H33,16129C 16187G 16189A 16209A 16230T 16234G 16243A 16266A 16311A 73T 146A 195A 199A 247C
AoKuvaleMC029,H33,16129C 16187G 16189A 16209A 16230T 16234G 16243A 16266A 16311A 73T 146A 195A 199A 247C
AoNyanekaNkhumbiMC028,H34,16129C 16187G 16189A 16192G 16223G 16239G 16243A 16294G 16311A 73T 146A 152A 195A 247C
AoNyanekaNkhumbiMC029,H35,16187G 16189A 16223G 16230T 16234G 16243A 16244C 16291G 16294G 16311A 73T 146A 152A 195A 247C
AoNyanekaNkhumbiMC030,H36,16187G 16189A 16223G 16230T 16234G 16243A 16311A 73T 146A 152A 195A 247C 309.1C
AoNyanekaNkhumbiMC031,H36,16187G 16189A 16223G 16230T 16234G 16243A 16311A 73T 146A 152A 195A 247C 309.1C
AoNyanekaNkhumbiMC032,H37,16166C 16172A 16187G 16189A 16209A 16214G 16223G 16230T 16266A 16278G 16291G 16311A 73T 146A 152A 189T 195A 207C 247C
AoOvimbunduMC013,H38,16166C 16172A 16187G 16189A 16209A 16214G 16223G 16230T 16278G 16291G 16311A 73T 146A 152A 189T 195A 198G 247C
AoAngolanMC008,H39,16111G 16126A 16187G 16189A 16223G 16239G 16270G 16278G 16293T 16311A 73T 146A 152A 182G 185T 247C 263T
AoKuvaleMC030,H40,16126A 16166T 16187G 16189A 16193G 16223G 16264G 16270G 16278G 16293T 16311A 73T 152A 182G 185T 189T 195A 247C 263T
AoNyanekaNkhumbiMC033,H41,16126A 16187G 16189A 16193G 16223G 16264G 16270G 16278G 16311A 73T 152A 182G 185T 195A 247C 263T
AoAngolanMC009,H41,16126A 16187G 16189A 16193G 16223G 16264G 16270G 16278G 16311A 73T 152A 182G 185T 195A 247C 263T
AoAngolanMC010,H42,16126A 16187G 16189A 16223G 16264G 16270G 16278G 16291G 16311A 73T 152A 182G 185T 195A 247C 263T
AoNyanekaNkhumbiMC034,H43,16126A 16187G 16189A 16223G 16264G 16270G 16278G 16293T 16311A 73T 152A 182G 185T 189T 195A 247C 263T 309.1C
AoNyanekaNkhumbiMC035,H43,16126A 16187G 16189A 16223G 16264G 16270G 16278G 16293T 16311A 73T 152A 182G 185T 189T 195A 247C 263T 309.1C
AoOvimbunduMC014,H44,16126A 16187G 16189A 16223G 16264G 16270G 16278G 16311A 73T 151G 152A 182G 185T 189T 195A 247C 263T
AoOvimbunduMC015,H45,16126A 16187G 16189A 16223G 16264G 16270G 16278G 16311A 73T 151G 152A 182G 185T 195A 247C 263T
AoOvimbunduMC016,H45,16126A 16187G 16189A 16223G 16264G 16270G 16278G 16311A 73T 151G 152A 182G 185T 195A 247C 263T
AoOvimbunduMC017,H45,16126A 16187G 16189A 16223G 16264G 16270G 16278G 16311A 73T 151G 152A 182G 185T 195A 247C 263T
AoOvimbunduMC018,H46,16126A 16187G 16189A 16223G 16264G 16270G 16278G 16311A 73T 151G 152A 182G 185T 195A 247C 263T 309.1C
AoNyanekaNkhumbiMC036,H47,16126A 16187G 16189A 16223G 16264G 16270G 16278G 16311A 73T 152A 182G 185T 195A 247C 263T
AoOvimbunduMC019,H47,16126A 16187G 16189A 16223G 16264G 16270G 16278G 16311A 73T 152A 182G 185T 195A 247C 263T
AoOvimbunduMC020,H47,16126A 16187G 16189A 16223G 16264G 16270G 16278G 16311A 73T 152A 182G 185T 195A 247C 263T
AoAngolanMC011,H48,16126A 16187G 16189A 16223G 16264G 16270G 16278G 16311A 16319C 73T 152A 182G 185T 189T 195A 247C 263T 309.1C
AoOvimbunduMC021,H49,16093A 16114A 16129C 16187G 16189A 16223G 16261G 16278G 16311A 16360G 73T 151G 152A 182G 186A 189C 247C 263T 291T 297T 316C
AoOvimbunduMC022,H50,16093A 16129C 16184G 16187G 16189A 16223G 16278G 16294G 16301G 16311A 16360G 73T 152A 182G 186A 189C 195A 247C 263T 297T 309.1C 316C
AoAngolanMC012,H51,16093A 16129C 16187G 16189A 16223G 16263A 16278G 16293T 16294G 16311A 16360G 16368A 16399T 73T 151G 152A 182G 186A 189C 195A 198G 247C 263T 297T 316C
AoAngolanMC013,H52,16111A 16186G 16187G 16189A 16223G 16242G 16249A 16278G 16286A 16292G 16293T 16294G 16311A 16360G 73T 151G 152A 182G 186A 189C 195A 198G 247C 263T 297T 309.1C 309.2C 316C
AoNyanekaNkhumbiMC037,H53,16129C 16145C 16187G 16189A 16223G 16278G 16293T 16294G 16311A 16344G 16360G 73T 93T 95C 151G 152A 182G 186A 189C 195A 236A 247C 263T 297T 316C
AoOvimbunduMC023,H54,16129C 16189A 16223G 16274C 16278G 16293T 16294G 16311A 16360G 73T 93T 95C 151G 152A 182G 186A 189C 195A 236A 247C 263T 297T 316C
AoOvimbunduMC024,H55,16086A 16129C 16187G 16189A 16223G 16241T 16270G 16278G 16293T 16294G 16311A 16360G 73T 151G 152A 182G 186A 189C 195A 198G 247C 263T 297T 316C
AoKuvaleMC031,H56,16086A 16129C 16187G 16189A 16223G 16241T 16278G 16291G 16293T 16294G 16311A 16360G 73T 151G 152A 182G 186A 189C 195A 198G 247C 263T 297T 316C
AoGanguelaMC007,H56,16086A 16129C 16187G 16189A 16223G 16241T 16278G 16291G 16293T 16294G 16311A 16360G 73T 151G 152A 182G 186A 189C 195A 198G 247C 263T 297T 316C
AoOvimbunduMC025,H56,16086A 16129C 16187G 16189A 16223G 16241T 16278G 16291G 16293T 16294G 16311A 16360G 73T 151G 152A 182G 186A 189C 195A 198G 247C 263T 297T 316C
AoNyanekaNkhumbiMC038,H57,16086A 16129C 16187G 16189A 16223G 16241T 16278G 16291G 16293T 16294G 16311A 16360G 16362A 73T 151G 152A 182G 186A 189C 195A 198G 247C 263T 297T 316C
AoNyanekaNkhumbiMC039,H58,16086A 16129C 16187G 16189A 16223G 16241T 16278G 16291G 16294G 16311A 16390C 73T 151G 152A 182G 186A 189C 195A 198G 247C 263T 297T 316C
AoKuvaleMC032,H59,16086A 16129C 16187G 16189A 16223G 16241T 16278G 16293T 16294G 16311A 16360G 73T 151G 152A 182G 186A 189C 195A 198G 247C 263T 297T 309.1C 316C
AoNyanekaNkhumbiMC040,H59,16086A 16129C 16187G 16189A 16223G 16241T 16278G 16293T 16294G 16311A 16360G 73T 151G 152A 182G 186A 189C 195A 198G 247C 263T 297T 309.1C 316C
AoKuvaleMC033,H60,16086A 16129C 16187G 16189A 16223G 16241T 16278G 16293T 16294G 16311A 16360G 73T 151G 152A 182G 186A 189C 195A 198G 247C 263T 297T 316C
AoKuvaleMC034,H60,16086A 16129C 16187G 16189A 16223G 16241T 16278G 16293T 16294G 16311A 16360G 73T 151G 152A 182G 186A 189C 195A 198G 247C 263T 297T 316C
AoKuvaleMC035,H60,16086A 16129C 16187G 16189A 16223G 16241T 16278G 16293T 16294G 16311A 16360G 73T 151G 152A 182G 186A 189C 195A 198G 247C 263T 297T 316C
AoKuvaleMC036,H60,16086A 16129C 16187G 16189A 16223G 16241T 16278G 16293T 16294G 16311A 16360G 73T 151G 152A 182G 186A 189C 195A 198G 247C 263T 297T 316C
AoAngolanMC014,H60,16086A 16129C 16187G 16189A 16223G 16241T 16278G 16293T 16294G 16311A 16360G 73T 151G 152A 182G 186A 189C 195A 198G 247C 263T 297T 316C
AoAngolanMC015,H60,16086A 16129C 16187G 16189A 16223G 16241T 16278G 16293T 16294G 16311A 16360G 73T 151G 152A 182G 186A 189C 195A 198G 247C 263T 297T 316C
AoAngolanMC016,H60,16086A 16129C 16187G 16189A 16223G 16241T 16278G 16293T 16294G 16311A 16360G 73T 151G 152A 182G 186A 189C 195A 198G 247C 263T 297T 316C
AoOvimbunduMC026,H61,16078T 16129C 16183T 16187G 16189A 16223G 16265C 16286G 16294G 16311A 16320G 16360G 73T 151G 152A 186A 189C 195A 198G 247C 263T 297T 316C
AoGanguelaMC008,H62,16093A 16129C 16187G 16189A 16223G 16249A 16265C 16278G 16286G 16294G 16311A 16360G 73T 151G 152A 182G 186A 189C 195A 198G 247C 263T 264G 297T 316C
AoAngolanMC017,H63,16093A 16129C 16187G 16189A 16223G 16265C 16270G 16278G 16286G 16294G 16311A 16320G 16360G 73T 151G 152A 182G 186A 189C 195A 198G 247C 263T 297T 316C
AoNyanekaNkhumbiMC041,H64,16093A 16129C 16187G 16189A 16223G 16265C 16278G 16286G 16294G 16311A 16360G 73T 151G 152A 182G 186A 189C 195A 198G 247C 263T 264G 297T 316C
AoNyanekaNkhumbiMC042,H64,16093A 16129C 16187G 16189A 16223G 16265C 16278G 16286G 16294G 16311A 16360G 73T 151G 152A 182G 186A 189C 195A 198G 247C 263T 264G 297T 316C
AoNyanekaNkhumbiMC043,H64,16093A 16129C 16187G 16189A 16223G 16265C 16278G 16286G 16294G 16311A 16360G 73T 151G 152A 182G 186A 189C 195A 198G 247C 263T 264G 297T 316C
AoOvimbunduMC027,H65,16093A 16129C 16187G 16189A 16223G 16265C 16284T 16286G 16294G 16311A 16360G 73T 151G 152A 182G 186A 189C 195A 198G 247C 263T 297T 316C
AoOvimbunduMC028,H66,16129C 16187G 16189A 16223G 16260G 16265C 16278G 16286A 16294G 16311A 16360G 73T 151G 152A 182G 186A 189C 195A 198G 247C 263T 297T 316C
AoOvimbunduMC029,H66,16129C 16187G 16189A 16223G 16260G 16265C 16278G 16286A 16294G 16311A 16360G 73T 151G 152A 182G 186A 189C 195A 198G 247C 263T 297T 316C
AoNyanekaNkhumbiMC044,H67,16129C 16187G 16189A 16223G 16265C 16278G 16286G 16292G 16294G 16311A 16360G 73T 151G 152A 182G 186A 189C 195A 198G 204A 247C 263T 297T 309.1C 316C
AoNyanekaNkhumbiMC045,H68,16129C 16187G 16189A 16223G 16265C 16278G 16286G 16294G 16311A 16360G 73T 151G 152A 182G 186A 189C 195A 198G 204A 247C 263T 297T 309.1C 316C
AoOvimbunduMC030,H68,16129C 16187G 16189A 16223G 16265C 16278G 16286G 16294G 16311A 16360G 73T 151G 152A 182G 186A 189C 195A 198G 204A 247C 263T 297T 309.1C 316C
AoNyanekaNkhumbiMC046,H69,16145C 16172A 16187G 16189A 16223G 16265C 16278G 16286G 16294G 16311A 16360G 73T 151G 152A 182G 186A 189C 195A 198G 247C 263T 297T 309.1C 316C
AoKuvaleMC037,H70,16071G 16129C 16145C 16187G 16189A 16213C 16223G 16234G 16265C 16278G 16286G 16294G 16311A 16360G 73T 152A 182G 186A 189C 195A 198G 247C 263T 297T 316C
AoNyanekaNkhumbiMC047,H71,16071G 16129C 16145C 16187G 16189A 16213C 16223G 16234G 16265C 16278G 16286G 16294G 16311A 16360G 73T 151G 152A 182G 186A 189C 195A 198G 247C 263T 297T 316C
AoNyanekaNkhumbiMC048,H72,16129C 16187G 16189A 16223G 16265C 16278G 16286G 16288A 16294G 16311A 16357A 73T 151G 152A 182G 186A 189C 195A 198G 247C 263T 297T 309.1C 316C
AoKuvaleMC038,H73,16129C 16145C 16187G 16189A 16213C 16223G 16265C 16278G 16286G 16294G 16311A 16360G 73T 151G 152A 182G 186A 189C 195A 198G 247C 263T 297T 316C
AoNyanekaNkhumbiMC049,H73,16129C 16145C 16187G 16189A 16213C 16223G 16265C 16278G 16286G 16294G 16311A 16360G 73T 151G 152A 182G 186A 189C 195A 198G 247C 263T 297T 316C
AoNyanekaNkhumbiMC050,H73,16129C 16145C 16187G 16189A 16213C 16223G 16265C 16278G 16286G 16294G 16311A 16360G 73T 151G 152A 182G 186A 189C 195A 198G 247C 263T 297T 316C
AoGanguelaMC009,H74,16078T 16129C 16187G 16189A 16223G 16265C 16286A 16294G 16311A 16320G 16360G 73T 151G 152A 186A 189C 195A 198G 247C 263T 297T 316C
AoKuvaleMC039,H75,16129C 16187G 16189A 16214G 16223G 16265C 16278G 16286A 16291G 16294G 16311A 16360G 73T 151G 152A 182G 186A 189C 195A 198G 204A 247C 263T 297T 316C
AoKuvaleMC040,H75,16129C 16187G 16189A 16214G 16223G 16265C 16278G 16286A 16291G 16294G 16311A 16360G 73T 151G 152A 182G 186A 189C 195A 198G 204A 247C 263T 297T 316C
AoNyanekaNkhumbiMC051,H75,16129C 16187G 16189A 16214G 16223G 16265C 16278G 16286A 16291G 16294G 16311A 16360G 73T 151G 152A 182G 186A 189C 195A 198G 204A 247C 263T 297T 316C
AoNyanekaNkhumbiMC052,H75,16129C 16187G 16189A 16214G 16223G 16265C 16278G 16286A 16291G 16294G 16311A 16360G 73T 151G 152A 182G 186A 189C 195A 198G 204A 247C 263T 297T 316C
AoAngolanMC018,H75,16129C 16187G 16189A 16214G 16223G 16265C 16278G 16286A 16291G 16294G 16311A 16360G 73T 151G 152A 182G 186A 189C 195A 198G 204A 247C 263T 297T 316C
AoGanguelaMC010,H76,16129C 16187G 16189A 16214G 16223G 16265C 16278G 16286A 16291G 16294G 16311A 16360G 73T 151G 152A 182G 186A 189C 195A 198G 247C 263T 297T 316C
AoOvimbunduMC031,H77,16129C 16187G 16189A 16214G 16223G 16265C 16278G 16286A 16291G 16294G 16311A 16360G 73T 152A 182G 186A 189C 195A 198G 247C 263T 297T 316C
AoNyanekaNkhumbiMC053,H78,16086A 16129C 16189A 16215T 16223G 16278G 16294G 16311A 16360G 73T 151G 152A 182G 186A 189C 195A 198G 247C 263T 316C 338G
AoNyanekaNkhumbiMC054,H79,16086A 16129C 16189A 16215T 16223G 16278G 16294G 16311A 16360G 73T 152A 182G 186A 189C 195A 198G 247C 263T 309.1C 316C 338G
AoNyanekaNkhumbiMC055,H80,16129C 16182C 16183C 16189A 16215T 16223G 16231A 16278G 16294G 16311A 16355G 16360G 73T 151G 152A 182G 186A 189C 247C 263T 316C
AoGanguelaMC011,H81,16129C 16182C 16183C 16189A 16215T 16223G 16278G 16294G 16311A 16360G 73T 152A 182G 186A 189C 247C 263T 316C
AoOvimbunduMC032,H81,16129C 16182C 16183C 16189A 16215T 16223G 16278G 16294G 16311A 16360G 73T 152A 182G 186A 189C 247C 263T 316C
AoNyanekaNkhumbiMC056,H82,16129C 16183C 16189A 16215T 16223G 16278G 16294G 16311A 16355G 16360G 73T 151G 152A 182G 183T 186A 189C 204A 247C 257T 263T 309.1C 316C
AoOvimbunduMC033,H83,16129C 16183C 16189A 16215T 16223G 16278G 16294G 16311A 16355G 16360G 73T 151G 152A 182G 183T 186A 189C 204A 247C 257T 263T 309.1C 309.2C 316C
AoAngolanMC019,H84,16129C 16183C 16189A 16215T 16223G 16278G 16294G 16311A 16360G 73T 151G 152A 182G 186A 189C 247C 263T 316C
AoNyanekaNkhumbiMC057,H85,16129C 16163T 16187G 16189A 16209A 16223G 16271A 16278G 16293T 16294G 16311A 16360G 73T 151G 152A 182G 186A 189C 247C 263T 316C
AoNyanekaNkhumbiMC058,H85,16129C 16163T 16187G 16189A 16209A 16223G 16271A 16278G 16293T 16294G 16311A 16360G 73T 151G 152A 182G 186A 189C 247C 263T 316C
AoNyanekaNkhumbiMC059,H85,16129C 16163T 16187G 16189A 16209A 16223G 16271A 16278G 16293T 16294G 16311A 16360G 73T 151G 152A 182G 186A 189C 247C 263T 316C
AoNyanekaNkhumbiMC060,H85,16129C 16163T 16187G 16189A 16209A 16223G 16271A 16278G 16293T 16294G 16311A 16360G 73T 151G 152A 182G 186A 189C 247C 263T 316C
AoNyanekaNkhumbiMC061,H85,16129C 16163T 16187G 16189A 16209A 16223G 16271A 16278G 16293T 16294G 16311A 16360G 73T 151G 152A 182G 186A 189C 247C 263T 316C
AoOvimbunduMC034,H86,16129C 16163T 16187G 16189A 16209A 16223G 16278G 16291G 16293T 16294G 16311A 16360G 73T 151G 152A 182G 186A 189C 247C 263T 316C
AoKuvaleMC041,H87,16129C 16163T 16187G 16189A 16209A 16223G 16278G 16293T 16294G 16311A 16360G 73T 151G 152A 182G 186A 189C 247C 263T 316C
AoKuvaleMC042,H87,16129C 16163T 16187G 16189A 16209A 16223G 16278G 16293T 16294G 16311A 16360G 73T 151G 152A 182G 186A 189C 247C 263T 316C
AoKuvaleMC043,H87,16129C 16163T 16187G 16189A 16209A 16223G 16278G 16293T 16294G 16311A 16360G 73T 151G 152A 182G 186A 189C 247C 263T 316C
AoOvimbunduMC035,H87,16129C 16163T 16187G 16189A 16209A 16223G 16278G 16293T 16294G 16311A 16360G 73T 151G 152A 182G 186A 189C 247C 263T 316C
AoNyanekaNkhumbiMC062,H88,16129C 16163T 16187G 16189A 16209A 16223G 16278G 16293T 16294G 16311A 16360G 73T 152A 182G 186A 189C 247C 263T 316C
AoOvimbunduMC036,H89,16129C 16187G 16189A 16223G 16278G 16293T 16294G 16311A 16360G 73T 93T 151G 152A 182G 186A 189C 195A 247C 248T 263T 316C
AoOvimbunduMC037,H90,16066T 16182C 16183C 16189A 16223G 16224A 16278G 16390C 73T 146A 152A 182G 263T 309.1C
AoOvimbunduMC038,H91,16066T 16182C 16183C 16189A 16223G 16224A 16278G 16390C 73T 146A 152A 182G 263T 309.1C 309.2C
AoKuvaleMC044,H92,16223G 16224A 16278G 16291G 16309T 16357A 16390C 73T 146A 152A 182G 263T
AoAngolanMC020,H93,16129C 16223G 16278G 16294G 16390C 73T 143C 146A 152A 182G 195A 263T 309.1C
AoGanguelaMC012,H94,16129C 16223G 16278G 16294G 16390C 73T 143C 146A 152A 195A 263T 309.1C
AoOvimbunduMC039,H94,16129C 16223G 16278G 16294G 16390C 73T 143C 146A 152A 195A 263T 309.1C
AoNyanekaNkhumbiMC063,H95,16223G 16278G 16294G 16390C 73T 143C 146A 152A 182G 195A 263T 309.1C
AoAngolanMC021,H96,16223G 16278G 16294G 16390C 73T 143C 146A 152A 195A 200T 263T
AoNyanekaNkhumbiMC064,H97,16086A 16223G 16278G 16294G 16309T 16390C 73T 143C 146A 152A 195A 198G 263T
AoAngolanMC022,H97,16086A 16223G 16278G 16294G 16309T 16390C 73T 143C 146A 152A 195A 198G 263T
AoOvimbunduMC040,H99,16093A 16223G 16224A 16263A 16278G 16291G 16309T 16390C 73T 152A 182G 263T
AoNyanekaNkhumbiMC065,H100,16093A 16223G 16256G 16278G 16291G 16294G 16309T 16390C 73T 143C 146A 152A 195A 263T
AoNyanekaNkhumbiMC066,H100,16093A 16223G 16256G 16278G 16291G 16294G 16309T 16390C 73T 143C 146A 152A 195A 263T
AoNyanekaNkhumbiMC067,H101,16093A 16223G 16256G 16278G 16294G 16309T 16390C 73T 143C 146A 152A 195A 263T
AoNyanekaNkhumbiMC068,H101,16093A 16223G 16256G 16278G 16294G 16309T 16390C 73T 143C 146A 152A 195A 263T
AoAngolanMC023,H103,16189A 16192G 16223G 16278G 16292G 16294G 16309T 16390C 73T 146A 152A 195A 263T 309.1C
AoOvimbunduMC041,H104,16189A 16192G 16223G 16278G 16294G 16296G 16309T 16390C 73T 146A 152A 195A 263T 309.1C 309.2C
AoNyanekaNkhumbiMC069,H105,16189A 16192G 16223G 16278G 16294G 16309T 16390C 73T 146A 152A 195A 263T 309.1C
AoOvimbunduMC042,H105,16189A 16192G 16223G 16278G 16294G 16309T 16390C 73T 146A 152A 195A 263T 309.1C
AoOvimbunduMC043,H105,16189A 16192G 16223G 16278G 16294G 16309T 16390C 73T 146A 152A 195A 263T 309.1C
AoAngolanMC024,H105,16189A 16192G 16223G 16278G 16294G 16309T 16390C 73T 146A 152A 195A 263T 309.1C
AoAngolanMC025,H105,16189A 16192G 16223G 16278G 16294G 16309T 16390C 73T 146A 152A 195A 263T 309.1C
AoAngolanMC026,H107,16189A 16223G 16278G 16294G 16296G 16309T 16390C 73T 146A 152A 195A 263T 309.1C
AoOvimbunduMC044,H109,16223G 16224A 16263A 16278G 16291G 16309T 16390C 73T 152A 182G 263T 309.1C
AoNyanekaNkhumbiMC070,H110,16223G 16256G 16278G 16294G 16309T 16390C 73T 143C 146A 152A 195A 263T
AoAngolanMC027,H110,16223G 16256G 16278G 16294G 16309T 16390C 73T 143C 146A 152A 195A 263T
AoNyanekaNkhumbiMC071,H111,16223G 16278G 16294G 16301G 16309T 16390C 73T 146A 152A 195A 263T 309.1C
AoGanguelaMC013,H112,16223G 16278G 16294G 16309T 16390C 73T 143C 146A 152A 195A 263T 309.1C
AoGanguelaMC014,H112,16223G 16278G 16294G 16309T 16390C 73T 143C 146A 152A 195A 263T 309.1C
AoNyanekaNkhumbiMC072,H113,16223G 16278G 16294G 16309T 16390C 73T 146A 152A 195A 263T 309.1C
AoOvimbunduMC045,H113,16223G 16278G 16294G 16309T 16390C 73T 146A 152A 195A 263T 309.1C
AoOvimbunduMC046,H114,16092A 16223G 16278G 16286G 16294G 16309T 16390C 73T 146A 152A 195A 263T
AoOvimbunduMC047,H114,16092A 16223G 16278G 16286G 16294G 16309T 16390C 73T 146A 152A 195A 263T
AoNyanekaNkhumbiMC073,H115,16223G 16278G 16286G 16294G 16301G 16309T 16390C 73T 146A 152A 195A 263T 309.1C
AoOvimbunduMC048,H116,16223G 16278G 16286G 16294G 16309T 16390C 73T 146A 152A 195A 263T
AoNyanekaNkhumbiMC074,H117,16223G 16278G 16286G 16294G 16309T 16390C 73T 146A 152A 195A 263T 309.1C
AoNyanekaNkhumbiMC075,H117,16223G 16278G 16286G 16294G 16309T 16390C 73T 146A 152A 195A 263T 309.1C
AoOvimbunduMC049,H118,16223G 16278G 16286G 16294G 16309T 16390C 73T 146A 152A 195A 263T 309.1C 309.2C
AoOvimbunduMC050,H119,16223G 16278G 16294G 16309T 16368A 16390C 73T 146A 152A 195A 263T
AoOvimbunduMC051,H120,16182C 16183C 16189A 16223G 16278G 16290G 16294G 16309T 16390C 73T 146A 152A 195A 263T
AoNyanekaNkhumbiMC076,H121,16114A 16129C 16213C 16223G 16278G 16354G 16390C 73T 146A 150G 152A 182G 195A 198G 204A 263T
AoNyanekaNkhumbiMC077,H121,16114A 16129C 16213C 16223G 16278G 16354G 16390C 73T 146A 150G 152A 182G 195A 198G 204A 263T
AoOvimbunduMC052,H121,16114A 16129C 16213C 16223G 16278G 16354G 16390C 73T 146A 150G 152A 182G 195A 198G 204A 263T
AoOvimbunduMC053,H121,16114A 16129C 16213C 16223G 16278G 16354G 16390C 73T 146A 150G 152A 182G 195A 198G 204A 263T
AoOvimbunduMC054,H123,16114A 16129C 16213C 16223G 16278G 16284T 16355G 16362A 16390C 73T 150G 152A 182G 195A 198G 204A 263T
AoGanguelaMC015,H124,16114A 16129C 16213C 16223G 16278G 16355G 16362A 16390C 73T 150G 152A 182G 195A 198G 204A 263T
AoNyanekaNkhumbiMC078,H124,16114A 16129C 16213C 16223G 16278G 16355G 16362A 16390C 73T 150G 152A 182G 195A 198G 204A 263T
AoNyanekaNkhumbiMC079,H124,16114A 16129C 16213C 16223G 16278G 16355G 16362A 16390C 73T 150G 152A 182G 195A 198G 204A 263T
AoNyanekaNkhumbiMC080,H125,16223G 16278G 16390C 73T 89A 93T 146A 150G 182G 195A 198G 263T 325G
AoNyanekaNkhumbiMC081,H125,16223G 16278G 16390C 73T 89A 93T 146A 150G 182G 195A 198G 263T 325G
AoNyanekaNkhumbiMC082,H125,16223G 16278G 16390C 73T 89A 93T 146A 150G 182G 195A 198G 263T 325G
AoNyanekaNkhumbiMC083,H125,16223G 16278G 16390C 73T 89A 93T 146A 150G 182G 195A 198G 263T 325G
AoNyanekaNkhumbiMC084,H125,16223G 16278G 16390C 73T 89A 93T 146A 150G 182G 195A 198G 263T 325G
AoNyanekaNkhumbiMC085,H125,16223G 16278G 16390C 73T 89A 93T 146A 150G 182G 195A 198G 263T 325G
AoOvimbunduMC055,H126,16172A 16223G 16264G 16278G 16390C 73T 93T 146A 150G 152A 182G 195A 198G 263T 309.1C 325G
AoKuvaleMC045,H127,16223G 16264G 16278G 16311A 16390C 73T 93T 146A 150G 152A 182G 183T 195A 198G 263T 325G
AoNyanekaNkhumbiMC086,H127,16223G 16264G 16278G 16311A 16390C 73T 93T 146A 150G 152A 182G 183T 195A 198G 263T 325G
AoNyanekaNkhumbiMC087,H127,16223G 16264G 16278G 16311A 16390C 73T 93T 146A 150G 152A 182G 183T 195A 198G 263T 325G
AoNyanekaNkhumbiMC088,H127,16223G 16264G 16278G 16311A 16390C 73T 93T 146A 150G 152A 182G 183T 195A 198G 263T 325G
AoNyanekaNkhumbiMC089,H127,16223G 16264G 16278G 16311A 16390C 73T 93T 146A 150G 152A 182G 183T 195A 198G 263T 325G
AoNyanekaNkhumbiMC090,H127,16223G 16264G 16278G 16311A 16390C 73T 93T 146A 150G 152A 182G 183T 195A 198G 263T 325G
AoNyanekaNkhumbiMC091,H127,16223G 16264G 16278G 16311A 16390C 73T 93T 146A 150G 152A 182G 183T 195A 198G 263T 325G
AoOvimbunduMC056,H127,16223G 16264G 16278G 16311A 16390C 73T 93T 146A 150G 152A 182G 183T 195A 198G 263T 325G
AoNyanekaNkhumbiMC092,H128,16223G 16264G 16278G 16390C 73T 93T 146A 150G 152A 182G 195A 198G 263T 309.1C 325G
AoNyanekaNkhumbiMC093,H130,16093A 16124A 16223G 16278G 16362A 73T 263T
AoNyanekaNkhumbiMC094,H130,16093A 16124A 16223G 16278G 16362A 73T 263T
AoOvimbunduMC057,H131,16124A 16223G 16278G 16325A 16362A 73T 263T 309.1C
AoAngolanMC028,H132,16124A 16223G 16278G 16362A 73T 152A 263T
AoNyanekaNkhumbiMC095,H133,16124A 16223G 16278G 16362A 73T 263T
AoNyanekaNkhumbiMC096,H134,16124A 16150G 16223G 16278G 16311A 16362A 73T 263T
AoAngolanMC029,H135,16124A 16223G 16256G 16278G 16311A 16362A 73T 152A 263T 309.1C
AoNyanekaNkhumbiMC097,H136,16124A 16223G 16278G 16311A 16362A 73T 263T
AoOvimbunduMC058,H136,16124A 16223G 16278G 16311A 16362A 73T 263T
AoOvimbunduMC059,H136,16124A 16223G 16278G 16311A 16362A 73T 263T
AoOvimbunduMC060,H137,16124A 16223G 16311A 73T 150G 152A 263T
AoAngolanMC030,H138,16124A 16223G 16300T 16319C 73T 152A 200T 263T
AoOvimbunduMC061,H139,16124A 16223G 16300T 16319C 73T 152A 263T
AoGanguelaMC016,H140,16124A 16223G 16311A 16319C 73T 150G 152A 263T
AoNyanekaNkhumbiMC098,H141,16124A 16223G 16319C 73T 150G 152A 263T
AoNyanekaNkhumbiMC099,H141,16124A 16223G 16319C 73T 150G 152A 263T
AoNyanekaNkhumbiMC100,H141,16124A 16223G 16319C 73T 150G 152A 263T
AoNyanekaNkhumbiMC101,H141,16124A 16223G 16319C 73T 150G 152A 263T
AoAngolanMC031,H141,16124A 16223G 16319C 73T 150G 152A 263T
AoOvimbunduMC062,H142,16124A 16223G 16319C 16368A 73T 150G 152A 263T
AoAngolanMC032,H143,16093A 16124A 16223G 16256G 16325A 73T 146A 152A 263T
AoGanguelaMC017,H144,16124A 16183C 16189A 16223G 16278G 16304A 16311A 73T 152A 263T
AoNyanekaNkhumbiMC102,H144,16124A 16183C 16189A 16223G 16278G 16304A 16311A 73T 152A 263T
AoNyanekaNkhumbiMC103,H144,16124A 16183C 16189A 16223G 16278G 16304A 16311A 73T 152A 263T
AoOvimbunduMC063,H144,16124A 16183C 16189A 16223G 16278G 16304A 16311A 73T 152A 263T
AoOvimbunduMC064,H144,16124A 16183C 16189A 16223G 16278G 16304A 16311A 73T 152A 263T
AoNyanekaNkhumbiMC104,H145,16124A 16183C 16189A 16223G 16278G 16304A 16311A 73T 152A 263T 309.1C 309.2C
AoOvimbunduMC065,H146,16124A 16223G 16256G 73T 146A 152A 263T
AoAngolanMC033,H146,16124A 16223G 16256G 73T 146A 152A 263T
AoAngolanMC034,H147,16124A 16223G 16256G 16368A 73T 152A 263T
AoAngolanMC035,H148,16104G 16129C 16182C 16183C 16189A 16223G 16260G 16327G 73T 150G 200T 263T 309.1C
AoNyanekaNkhumbiMC105,H149,16129C 16183C 16189A 16223G 16260G 16327G 73T 150G 189T 200T 263T 309.1C 309.2C
AoOvimbunduMC066,H150,16207T 16223G 16327G 73T 150G 183T 189T 200T 263T
AoOvimbunduMC067,H150,16207T 16223G 16327G 73T 150G 183T 189T 200T 263T
AoKuvaleMC046,H151,16223G 16327G 73T 150G 189T 200T 263T
AoGanguelaMC018,H151,16223G 16327G 73T 150G 189T 200T 263T
AoNyanekaNkhumbiMC106,H152,16223G 16327G 73T 150G 189T 200T 263T 309.1C
AoNyanekaNkhumbiMC107,H152,16223G 16327G 73T 150G 189T 200T 263T 309.1C
AoNyanekaNkhumbiMC108,H152,16223G 16327G 73T 150G 189T 200T 263T 309.1C
AoNyanekaNkhumbiMC109,H152,16223G 16327G 73T 150G 189T 200T 263T 309.1C
AoOvimbunduMC068,H152,16223G 16327G 73T 150G 189T 200T 263T 309.1C
AoOvimbunduMC069,H152,16223G 16327G 73T 150G 189T 200T 263T 309.1C
AoOvimbunduMC070,H152,16223G 16327G 73T 150G 189T 200T 263T 309.1C
AoOvimbunduMC071,H152,16223G 16327G 73T 150G 189T 200T 263T 309.1C
AoAngolanMC036,H152,16223G 16327G 73T 150G 189T 200T 263T 309.1C
AoNyanekaNkhumbiMC110,H153,16223G 16327G 16390C 73T 150G 185C 189T 200T 263T 309.1C
AoNyanekaNkhumbiMC111,H153,16223G 16327G 16390C 73T 150G 185C 189T 200T 263T 309.1C
AoNyanekaNkhumbiMC112,H153,16223G 16327G 16390C 73T 150G 185C 189T 200T 263T 309.1C
AoNyanekaNkhumbiMC113,H153,16223G 16327G 16390C 73T 150G 185C 189T 200T 263T 309.1C
AoNyanekaNkhumbiMC114,H153,16223G 16327G 16390C 73T 150G 185C 189T 200T 263T 309.1C
AoOvimbunduMC072,H154,16185G 16223G 16327G 73T 150G 189T 200T 263T
AoGanguelaMC019,H155,16185G 16223G 16327G 73T 150G 189T 200T 263T 309.1C
AoOvimbunduMC073,H156,16169G 16185G 16311A 16327G 73T 150G 185C 189T 200T 263T
AoNyanekaNkhumbiMC115,H157,16185G 16223G 16311A 16327G 73T 150G 185C 189T 200T 263T
AoOvimbunduMC074,H157,16185G 16223G 16311A 16327G 73T 150G 185C 189T 200T 263T
AoNyanekaNkhumbiMC116,H158,16185G 16209A 16223G 16327G 73T 150G 152A 189T 195A 200T 207C 263T 309.1C
AoNyanekaNkhumbiMC117,H158,16185G 16209A 16223G 16327G 73T 150G 152A 189T 195A 200T 207C 263T 309.1C
AoNyanekaNkhumbiMC118,H159,16176G 16223G 16235T 16327G 73T 150G 152A 189T 195A 200T 263T 309.1C
AoOvimbunduMC075,H160,16176G 16223G 16256G 16327G 73T 150G 152A 189T 200T 263T
AoOvimbunduMC076,H160,16176G 16223G 16256G 16327G 73T 150G 152A 189T 200T 263T
AoKuvaleMC047,H161,16176G 16223G 16327G 73T 150G 152A 189T 200T 263T
AoAngolanMC037,H162,16176G 16223G 16327G 16354G 73T 150G 152A 189T 200T 263T
AoOvimbunduMC077,H163,16223G 16320G 73T 150G 195A 198G 263T
AoNyanekaNkhumbiMC119,H164,16126A 16172A 16173G 16182C 16183C 16189A 16223G 16265T 16320G 73T 150G 195A 263T
AoGanguelaMC020,H165,16164T 16172A 16189A 16223G 16320G 73T 146A 150G 195A 263T 309.1C
AoGanguelaMC021,H166,16172A 16182C 16183C 16189A 16223G 16320G 73T 150G 195A 263T
AoNyanekaNkhumbiMC120,H166,16172A 16182C 16183C 16189A 16223G 16320G 73T 150G 195A 263T
AoNyanekaNkhumbiMC121,H166,16172A 16182C 16183C 16189A 16223G 16320G 73T 150G 195A 263T
AoNyanekaNkhumbiMC122,H166,16172A 16182C 16183C 16189A 16223G 16320G 73T 150G 195A 263T
AoNyanekaNkhumbiMC123,H166,16172A 16182C 16183C 16189A 16223G 16320G 73T 150G 195A 263T
AoNyanekaNkhumbiMC124,H167,16172A 16183C 16189A 16192G 16223G 16320G 73T 150G 152A 195A 263T 309.1C
AoOvimbunduMC078,H168,16172A 16183C 16189A 16223G 16320G 73T 150G 152A 195A 263T 309.1C
AoOvimbunduMC079,H168,16172A 16183C 16189A 16223G 16320G 73T 150G 152A 195A 263T 309.1C
AoNyanekaNkhumbiMC125,H169,16172A 16183C 16189A 16223G 16320G 73T 150G 195A 198G 263T
AoOvimbunduMC080,H170,16172A 16183C 16189A 16223G 16320G 73T 150G 195A 263T
AoNyanekaNkhumbiMC126,H171,16172A 16183C 16189A 16223G 16320G 73T 150G 195A 263T 309.1C
AoNyanekaNkhumbiMC127,H171,16172A 16183C 16189A 16223G 16320G 73T 150G 195A 263T 309.1C
AoNyanekaNkhumbiMC128,H171,16172A 16183C 16189A 16223G 16320G 73T 150G 195A 263T 309.1C
AoNyanekaNkhumbiMC129,H171,16172A 16183C 16189A 16223G 16320G 73T 150G 195A 263T 309.1C
AoAngolanMC038,H172,16172A 16183C 16189A 16223G 16320G 73T 150G 195A 263T 309.1C 309.2C
AoKuvaleMC048,H173,16172A 16189A 16223G 16311A 16320G 73T 150G 152A 195A 263T
AoOvimbunduMC081,H174,16172A 16189A 16223G 16320G 73T 150G 152A 195A 263T
AoOvimbunduMC082,H174,16172A 16189A 16223G 16320G 73T 150G 152A 195A 263T
AoAngolanMC039,H174,16172A 16189A 16223G 16320G 73T 150G 152A 195A 263T
AoOvimbunduMC083,H175,16172A 16189A 16223G 16320G 73T 150G 152A 195A 263T 309.1C
AoNyanekaNkhumbiMC130,H176,16172A 16189A 16223G 16320G 73T 150G 195A 263T 309.1C
AoNyanekaNkhumbiMC131,H176,16172A 16189A 16223G 16320G 73T 150G 195A 263T 309.1C
AoNyanekaNkhumbiMC132,H176,16172A 16189A 16223G 16320G 73T 150G 195A 263T 309.1C
AoOvimbunduMC084,H177,16223G 16265T 73T 150G 195A 198G 263T
AoNyanekaNkhumbiMC133,H178,16223G 16265T 73T 150G 195A 263T
AoNyanekaNkhumbiMC134,H178,16223G 16265T 73T 150G 195A 263T
AoNyanekaNkhumbiMC135,H178,16223G 16265T 73T 150G 195A 263T
AoNyanekaNkhumbiMC136,H178,16223G 16265T 73T 150G 195A 263T
AoNyanekaNkhumbiMC137,H178,16223G 16265T 73T 150G 195A 263T
AoOvimbunduMC085,H179,16223G 16265T 73T 150G 195A 263T 309.1C
AoOvimbunduMC086,H179,16223G 16265T 73T 150G 195A 263T 309.1C
AoKuvaleMC049,H180,16051T 16223G 16264G 73T 150G 263T
AoKuvaleMC050,H180,16051T 16223G 16264G 73T 150G 263T
AoNyanekaNkhumbiMC138,H180,16051T 16223G 16264G 73T 150G 263T
AoNyanekaNkhumbiMC139,H180,16051T 16223G 16264G 73T 150G 263T
AoOvimbunduMC087,H181,16209A 16223G 16311A 73T 150G 189T 195A 263T 309.1C
AoKuvaleMC051,H182,16209A 16223G 16311A 73T 150G 189T 200T 207C 263T
AoNyanekaNkhumbiMC140,H183,16209A 16223G 16311A 73T 150G 189T 200T 253G 263T
AoKuvaleMC052,H184,16209A 16223G 16311A 73T 150G 189T 200T 263T
AoKuvaleMC053,H184,16209A 16223G 16311A 73T 150G 189T 200T 263T
AoNyanekaNkhumbiMC141,H184,16209A 16223G 16311A 73T 150G 189T 200T 263T
AoNyanekaNkhumbiMC142,H184,16209A 16223G 16311A 73T 150G 189T 200T 263T
AoNyanekaNkhumbiMC143,H184,16209A 16223G 16311A 73T 150G 189T 200T 263T
AoNyanekaNkhumbiMC144,H184,16209A 16223G 16311A 73T 150G 189T 200T 263T
AoAngolanMC040,H184,16209A 16223G 16311A 73T 150G 189T 200T 263T
AoAngolanMC041,H184,16209A 16223G 16311A 73T 150G 189T 200T 263T
AoNyanekaNkhumbiMC145,H185,16209A 16223G 16311A 73T 150G 189T 200T 263T 309.1C
AoOvimbunduMC088,H186,16209A 16223G 16311A 73T 93T 150G 189T 200T 263T
AoNyanekaNkhumbiMC146,H187,16209A 16223G 16311A 73T 93T 150G 189T 200T 263T 309.1C
AoNyanekaNkhumbiMC147,H187,16209A 16223G 16311A 73T 93T 150G 189T 200T 263T 309.1C
AoNyanekaNkhumbiMC148,H188,16129C 16209A 16223G 16260G 16292G 16295G 16311A 73T 189T 200T 263T
AoNyanekaNkhumbiMC149,H189,16129C 16209A 16223G 16260G 16292G 16295G 16311A 73T 189T 200T 263T 309.1C
AoAngolanMC042,H190,16129C 16209A 16223G 16261G 16292G 16295G 16311A 73T 189T 200T 263T 309.1C
AoNyanekaNkhumbiMC150,H191,16129C 16209A 16223G 16261G 16292G 16295G 16311A 73T 189T 263T 309.1C
AoNyanekaNkhumbiMC151,H192,16129C 16209A 16223G 16292G 16295G 16311A 73T 189T 200T 204A 263T
AoOvimbunduMC089,H193,16129C 16209A 16223G 16292G 16295G 16311A 73T 189T 200T 263T
AoOvimbunduMC090,H194,16209A 16218G 16223G 16256G 16292G 16311A 73T 150G 189T 200T 263T
AoOvimbunduMC091,H194,16209A 16218G 16223G 16256G 16292G 16311A 73T 150G 189T 200T 263T
AoKuvaleMC054,H195,16129C 16172A 16174G 16192G 16218G 16223G 16256A 16311A 16362A 73T 151G 152A 189C 195A 263T 294A
