SoSomaliMM080,SOX080,16067T 16158G 16260T 16274A 263G 315.1C
SoSomaliMM002,SOX002,16067T 16158G 16274A 263G 309.1C 315.1C
SoSomaliMM160,SOX160,16067T 16158G 16274A 263G 309.1C 315.1C
SoSomaliMM108,SOX108,16224C 16261T 16311C 16519C 73G 150T 152C 263G 309.1C 315.1C 497T
SoSomaliMM008,SOX008,16224C 16261T 16311C 16519C 73G 150T 152C 263G 309.1C 315.1C 497T
SoSomaliMM046,SOX046,16093C 16187T 16224C 16311C 16519C 73G 263G 315.1C 497T 524.1A 524.2C
SoSomaliMM030,SOX030,16093C 16224C 16311C 16519C 73G 195C 263G 315.1C 497T 524.1A 524.2C 524.3A 524.4C 524.5A 524.6C 524.7A 524.8C
SoSomaliMM107,SOX107,16093C 16224C 16311C 16519C 73G 195C 263G 315.1C 497T 524.1A 524.2C 524.3A 524.4C 524.5A 524.6C 524.7A 524.8C
SoSomaliMM197,SOX197,16224C 16311C 16519C 73G 150T 152C 189G 263G 315.1C 497T
SoSomaliMM123,SOX123,16224C 16261T 16311C 16519C 73G 150T 152C 263G 309.1C 315.1C 497T
SoSomaliMM116,SOX116,16224C 16261T 16311C 16519C 73G 150T 152C 263G 309.1C 315.1C 497T
SoSomaliMM155,SOX155,16224C 16311C 16519C 73G 263G 309.1C 315.1C 497T 524.1A 524.2C
SoSomaliMM097,SOX097,16129A 16148T 16168T 16172C 16187T 16188G 16189C 16223T 16230G 16311C 16320T 73G 152C 189G 200G 236C 247A 263G 315.1C 523d 524d
SoSomaliMM034,SOX034,16129A 16148T 16168T 16172C 16187T 16188G 16189C 16223T 16230G 16311C 16320T 93G 152C 189G 236C 247A 263G 284G 315.1C 523d 524d
SoSomaliMM168,SOX168,16129A 16148T 16168T 16172C 16188G 16189C 16223T 16230G 16311C 16320T 93G 152C 185A 189G 200G 234G 236C 247A 263G 315.1C 523d 524d
SoSomaliMM192,SOX192,16129A 16148T 16168T 16172C 16187Y 16188A 16189C 16223T 16230G 16311C 16320T 93G 152C 189G 236C 247A 263G 284G 315.1C 523d 524d
SoSomaliMM136,SOX136,16129A 16148T 16168T 16172C 16187T 16188G 16189C 16223T 16230G 16311C 16320T 73G 93G 152C 200G 236C 247A 263G 315.1C 523d 524d
SoSomaliMM102,SOX102,16129A 16148T 16168T 16172C 16187T 16188G 16189C 16223T 16230G 16311C 16320T 64T 93G 95C 152C 185A 189G 200G 236C 247A 263G 309.1C 315.1C 523d 524d
SoSomaliMM186,SOX186,16129A 16148T 16168T 16172C 16187T 16188G 16189C 16223T 16230G 16311C 16320T 64T 93G 95C 152C 185A 189G 200G 236C 247A 249d 263G 315.1C 523d 524d
SoSomaliMM165,SOX165,16129A 16148T 16168T 16172C 16187T 16188G 16189C 16223T 16230G 16311C 16320T 64T 93G 95C 152C 185A 189G 200G 236C 247A 249d 263G 315.1C 523d 524d
SoSomaliMM109,SOX109,16129A 16148T 16168T 16172C 16187T 16188G 16189C 16223T 16230G 16293G 16311C 93G 152C 185A 189G 236C 247A 263G 315.1C 523d 524d 553T
SoSomaliMM081,SOX081,16129A 16148T 16168T 16172C 16187T 16188G 16189C 16223T 16230G 16293G 16311C 93G 152C 185A 189G 236C 247A 263G 309.1C 315.1C 523d 524d 553T
SoSomaliMM106,SOX106,16129A 16148T 16168T 16172C 16187T 16188G 16189C 16223T 16230G 16293G 16311C 93G 151T 152C 185A 189G 236C 247A 263G 315.1C 523d 524d 553T
SoSomaliMM104,SOX104,16129A 16148T 16168T 16172C 16187T 16188G 16189C 16223T 16230G 16293G 16311C 93G 152C 185A 189G 236C 247A 263G 315.1C 523d 524d 553T
SoSomaliMM016,SOX016,16129A 16148T 16168T 16172C 16187T 16188G 16189C 16223T 16230G 16293G 16311C 93G 152C 185A 189G 236C 247A 263G 315.1C 523d 524d 553T
SoSomaliMM050,SOX050,16129A 16148T 16168T 16172C 16187T 16188G 16189C 16223T 16230G 16293G 16311C 93G 152C 185A 189G 236C 247A 263G 315.1C 523d 524d 553T
SoSomaliMM027,SOX027,16129A 16148T 16168T 16172C 16187T 16188G 16189C 16223T 16230G 16293G 16311C 93G 152C 185A 189G 236C 247A 263G 315.1C 523d 524d 553T
SoSomaliMM041,SOX041,16129A 16148T 16172C 16187T 16188G 16189C 16223T 16230G 16293G 16311C 93G 152C 185A 189G 236C 247A 263G 315.1C 523d 524d 553T
SoSomaliMM032,SOX032,16129A 16148T 16168T 16172C 16187T 16188G 16189C 16223T 16230G 16293G 16311C 93G 185A 189G 236C 247A 263G 315.1C 523d 524d 553T
SoSomaliMM170,SOX170,16129A 16148T 16168T 16172C 16187T 16188G 16189C 16223T 16230G 16293G 16311C 93G 152C 185A 189G 236C 247A 263G 315.1C 523d 524d 553T
SoSomaliMM140,SOX140,16129A 16148T 16168T 16172C 16187T 16188G 16189C 16223T 16230G 16293G 16311C 93G 152C 185A 189G 236C 247A 263G 315.1C 523d 524d 553T
SoSomaliMM139,SOX139,16129A 16148T 16168T 16172C 16187T 16188G 16189C 16223T 16230G 16293G 16311C 74G 93G 146C 152C 185A 189G 236C 247A 263G 315.1C 523d 524d 553T
SoSomaliMM084,SOX084,16148T 16172C 16187T 16188G 16189C 16223T 16230G 16311C 16320T 16519C 64T 93G 152C 189G 204C 207A 236C 247A 263G 315.1C 523d 524d
SoSomaliMM088,SOX088,16126C 16187T 16189C 16223T 16264T 16270T 16278T 16289G 16293G 16311C 16519C 73G 151T 152C 182T 185T 195C 247A 263G 315.1C 357G 523d 524d
SoSomaliMM076,SOX076,16223T 16278T 16294T 16309G 16390A 16519C 73G 143A 146C 151T 152C 195C 198T 263G 309.1C 315.1C
SoSomaliMM075,SOX075,16189C 16192T 16223T 16274A 16278T 16294T 16309G 16390A 73G 143A 146C 152C 195C 263G 315.1C
SoSomaliMM065,SOX065,16223T 16278T 16294T 16309G 16390A 16519C 73G 143A 146C 151T 152C 195C 198T 263G 309.1C 315.1C
SoSomaliMM130,SOX130,16189C 16192T 16223T 16257T 16261T 16278T 16294T 16309G 16390A 73G 143A 146C 152C 195C 263G 309.1C 315.1C
SoSomaliMM148,SOX148,16189C 16192T 16223T 16274A 16278T 16294T 16309G 16390A 73G 143A 146C 152C 195C 263G 315.1C
SoSomaliMM141,SOX141,16183C 16189C 16192T 16223T 16278T 16294T 16309G 16390A 73G 143A 146C 152C 195C 263G 309.1C 309.2C 315.1C
SoSomaliMM079,SOX079,16093C 16189C 16192T 16223T 16278T 16294T 16309G 16390A 73G 143A 146C 152C 195C 263G 315.1C
SoSomaliMM072,SOX072,16093C 16189C 16192T 16223T 16278T 16294T 16309G 16390A 16519C 73G 143A 146C 152C 195C 263G 315.1C
SoSomaliMM022,SOX022,16093C 16189C 16192T 16223T 16278T 16294T 16309G 16390A 73G 143A 146C 152C 195C 263G 315.1C
SoSomaliMM040,SOX040,16093C 16189C 16192.1T 16223T 16278T 16294T 16309G 16390A 73G 143A 146C 152C 195C 263G 315.1C
SoSomaliMM171,SOX171,16093C 16189C 16193.1C 16223T 16278T 16294T 16309G 16390A 73G 143A 146C 152C 195C 263G 315.1C
SoSomaliMM169,SOX169,16093C 16189C 16192T 16223T 16278T 16294T 16309G 16390A 73G 143A 146C 152C 195C 263G 315.1C
SoSomaliMM189,SOX189,16093C 16189C 16192T 16223T 16278T 16294T 16309G 16390A 73G 143A 146C 152C 195C 263G 315.1C
SoSomaliMM111,SOX111,16093C 16189C 16192T 16223T 16278T 16294T 16309G 16390A 73G 143A 146C 152C 195C 263G 315.1C
SoSomaliMM087,SOX087,16182C 16183C 16189C 16223T 16278T 16290T 16294T 16309G 16390A 73G 146C 263G 309.1C 315.1C
SoSomaliMM068,SOX068,16092C 16183C 16189C 16192T 16223T 16278T 16291T 16294T 16390A 73G 143A 146C 152C 195C 263G 315.1C
SoSomaliMM096,SOX096,16183C 16189C 16223T 16278T 16294T 16390A 73G 143A 146C 152C 195C 263G 315.1C
SoSomaliMM094,SOX094,16183C 16189C 16193.1C 16223T 16278T 16294T 16390A 73G 143A 146C 152C 195C 263G 315.1C
SoSomaliMM086,SOX086,16183C 16189C 16223T 16278T 16291T 16294T 16390A 73G 143A 146C 152C 195C 263G 315.1C
SoSomaliMM099,SOX099,16183C 16189C 16223T 16278T 16294T 16390A 73G 143A 146C 152C 195C 263G 315.1C
SoSomaliMM017,SOX017,16092C 16183C 16189C 16192T 16223T 16278T 16291T 16294T 16390A 73G 143A 146C 152C 195C 263G 315.1C
SoSomaliMM028,SOX028,16092C 16183C 16189C 16192T 16223T 16278T 16291T 16294T 16390A 73G 143A 146C 152C 195C 263G 315.1C
SoSomaliMM012,SOX012,16183C 16189C 16192T 16223T 16278T 16294T 16390A 73G 143A 146C 152C 195C 263G 315.1C
SoSomaliMM011,SOX011,16183C 16189C 16193.1C 16223T 16274C 16278T 16291T 16294T 16390A 73G 143A 146C 152C 195C 263G 309.1C 315.1C
SoSomaliMM110,SOX110,16092C 16183C 16189C 16192T 16223T 16278T 16291T 16294T 16390A 73G 143A 146C 152C 195C 263G 315.1C
SoSomaliMM182,SOX182,16183C 16189C 16193.1C 16223T 16278T 16291T 16294T 16390A 73G 143A 146C 152C 195C 263G 315.1C
SoSomaliMM167,SOX167,16183C 16189C 16193.1C 16223T 16278T 16291T 16294T 16390A 73G 143A 146C 152C 195C 263G 315.1C 513R
SoSomaliMM198,SOX198,16092C 16183C 16189C 16193.1C 16223T 16278T 16291T 16294T 16390A 73G 143A 146C 152C 195C 263G 315.1C
SoSomaliMM196,SOX196,16183C 16189C 16193.1C 16223T 16278T 16294T 16355T 16390A 73G 143A 146C 152C 195C 263G 315.1C
SoSomaliMM195,SOX195,16183C 16189C 16193.1C 16223T 16278T 16291T 16294T 16390A 73G 143A 146C 152C 195C 263G 315.1C
SoSomaliMM129,SOX129,16092C 16183C 16189C 16192T 16223T 16278T 16291T 16294T 16390A 73G 143A 146C 152C 195C 263G 315.1C
SoSomaliMM127,SOX127,16183C 16189C 16193.1C 16223T 16278T 16291T 16294T 16311C 16390A 73G 143A 146C 152C 195C 263G 315.1C
SoSomaliMM121,SOX121,16092C 16183C 16189C 16192T 16223T 16278T 16291T 16294T 16390A 73G 143A 146C 152C 195C 263G 315.1C
SoSomaliMM119,SOX119,16092C 16183C 16189C 16192T 16223T 16278T 16291T 16294T 16390A 73G 143A 146C 152C 195C 263G 315.1C
SoSomaliMM112,SOX112,16172C 16183C 16189C 16192T 16223T 16278T 16291T 16294T 16311C 16390A 73G 143A 146C 152C 195C 263G 315.1C
SoSomaliMM151,SOX151,16183C 16189C 16193.1C 16223T 16278T 16291T 16294T 16311C 16390A 73G 143A 146C 152C 195C 263G 315.1C
SoSomaliMM062,SOX062,16114A 16129A 16145A 16213A 16223T 16278T 16295T 16390A 73G 146C 150T 152C 182T 183G 195C 198T 199C 204C 263G 309.1C 315.1C 483T
SoSomaliMM105,SOX105,16185T 16223T 16260T 16311C 16519C 73G 150T 152C 200G 263G 309.1C 315.1C 523d 524d
SoSomaliMM025,SOX025,16093C 16223T 16260T 16311C 16519C 73G 150T 152C 189G 200G 207A 249d 263G 309.1C 315.1C
SoSomaliMM177,SOX177,16182M 16183C 16189C 16192T 16218T 16223T 16303A 16360T 73G 146C 150T 152C 263G 309.1C 315.1C 523d 524d
SoSomaliMM174,SOX174,16185T 16223T 16311C 16519C 73G 150T 152C 200G 263G 309.1C 315.1C 523d 524d
SoSomaliMM132,SOX132,16223T 16260T 16297C 16311C 16519C 73G 150T 152C 200G 263G 315.1C 523d 524d
SoSomaliMM120,SOX120,16185T 16223T 16260T 16311C 16519C 16524G 73G 150T 152C 200G 263G 309.1C 315.1C 523d 524d
SoSomaliMM115,SOX115,16185T 16189C 16193d 16223T 16260T 16311C 16519C 73G 150T 152C 200G 263G 315.1C 523d 524d
SoSomaliMM024,SOX024,16254G 16316G 16519C 73G 152C 263G 315.1C 523d 524d 573T
SoSomaliMM190,SOX190,16254G 16316G 16519C 73G 152C 263G 315.1C 523d 524d 573T
SoSomaliMM113,SOX113,16254G 16316G 16519C 73G 152C 263G 315.1C 523d 524d 573T
SoSomaliMM181,SOX181,16223T 16278T 16362C 16519C 73G 152C 263G 315.1C 523d 524d
SoSomaliMM210,SOX210,16223T 16278T 16362C 16519C 73G 152C 263G 309.1C 315.1C 523d 524d
SoSomaliMM206,SOX206,16124C 16223T 16362C 16519C 73G 152C 263G 315.1C 523d 524d
SoSomaliMM149,SOX149,16124C 16170R 16223T 16278T 16362C 16519C 73G 152C 263G 315.1C 523d 524d
SoSomaliMM085,SOX085,16086C 16124C 16223T 16319A 16519C 73G 146C 152C 263G 315.1C 523d 524d
SoSomaliMM019,SOX019,16093C 16124C 16223T 16319A 73G 152C 263G 315.1C 523d 524d
SoSomaliMM047,SOX047,16086C 16124C 16223T 16319A 73G 146C 152C 263G 315.1C 523d 524d
SoSomaliMM137,SOX137,16086C 16124C 16223T 16261T 16319A 73G 146C 152C 263G 315.1C 523d 524d
SoSomaliMM069,SOX069,16126C 16172C 16209C 16223T 16519C 73G 228A 263G 315.1C
SoSomaliMM001,SOX001,16126C 16172C 16209C 16223T 16519C 73G 228A 263G 309.1C 315.1C
SoSomaliMM082,SOX082,16126C 16172C 16209C 16223T 16519C 73G 263G 315.1C
SoSomaliMM095,SOX095,16126C 16209C 16223T 16519C 73G 228A 263G 315.1C
SoSomaliMM004,SOX004,16126C 16172C 16209C 16223T 16519C 73G 228A 263G 315.1C
SoSomaliMM052,SOX052,16126C 16209C 16223T 16519C 73G 195Y 228A 263G 315.1C
SoSomaliMM038,SOX038,16126C 16209C 16223T 16519C 73G 228A 263G 315.1C 523d 524d
SoSomaliMM175,SOX175,16126C 16172C 16209C 16223T 16519C 73G 228A 263G 315.1C
SoSomaliMM131,SOX131,16126C 16172C 16209C 16223T 16519C 73G 228A 263G 315.1C
SoSomaliMM124,SOX124,16126C 16209C 16223T 16519C 73G 228A 263G 315.1C
SoSomaliMM145,SOX145,16192T 16209C 16223T 16292T 16311C 16519C 73G 189G 195C 200G 263G 315.1C
SoSomaliMM158,SOX158,16111A 16209C 16223T 16311C 73G 263G 309.1C 315.1C
SoSomaliMM193,SOX193,16111A 16209C 16223T 16286T 16311C 16519C 73G 152C 263G 309.1C 315.1C
SoSomaliMM152,SOX152,16093G 16209C 16223T 16311C 73G 152C 262T 263G 315.1C
SoSomaliMM089,SOX089,16111T 16184T 16223T 16304C 16519C 73G 150T 195C 263G 315.1C 318C 523d 524d
SoSomaliMM029,SOX029,16111T 16168T 16184T 16223T 16304C 16519C 73G 150T 195C 263G 315.1C 318C 523d 524d
SoSomaliMM176,SOX176,16111T 16184T 16223T 16304C 16519C 73G 150T 195C 263G 315.1C 318C 523d 524d
SoSomaliMM166,SOX166,16111T 16184T 16223T 16304C 16311Y 16519C 73G 150T 195C 263G 315.1C 318C 523d 524d
SoSomaliMM162,SOX162,16111T 16184T 16223T 16304C 16519C 73G 150T 195C 263G 315.1C 318C 523d 524d
SoSomaliMM200,SOX200,16111T 16184T 16223T 16304C 16311C 16519C 73G 150T 195C 263G 315.1C 318C 523d 524d
SoSomaliMM194,SOX194,16111T 16184T 16223T 16304C 16519C 73G 150T 195C 263G 315.1C 318C 523d 524d
SoSomaliMM188,SOX188,16111T 16184T 16223T 16304C 16519C 73G 150T 195C 263G 315.1C 318C 523d 524d
SoSomaliMM156,SOX156,16111T 16184T 16223T 16304C 16519C 73G 150T 195C 263G 315.1C 318C 523d 524d
SoSomaliMM118,SOX118,16129A 16153A 16318T 73G 150T 263G 315.1C
SoSomaliMM098,SOX098,16184T 16223T 16260T 16311C 16519C 73G 150T 152C 189G 263G 309.1C 315.1C 523d 524d
SoSomaliMM184,SOX184,16223T 16260T 16311C 16519C 73G 152C 189G 200G 204C 207A 263G 282C 309.1C 315.1C
SoSomaliMM126,SOX126,16169T 16223T 16256T 16278T 16305G 16311C 16320T 16519C 73G 150T 152C 200G 263G 315.1C
SoSomaliMM071,SOX071,16169T 16223T 16278T 16519C 73G 150T 189G 199C 204C 263G 315.1C 523d 524d
SoSomaliMM033,SOX033,16169T 16192T 16223T 16278T 16519C 73G 150T 204C 263G 309.1C 315.1C 523d 524d
SoSomaliMM179,SOX179,16169T 16192T 16223T 16278T 16519C 73G 150T 189G 199C 204C 207A 263G 309.1C 315.1C 523d 524d
SoSomaliMM164,SOX164,16169T 16192T 16223T 16278T 16519C 73G 150T 204C 263G 309.1C 315.1C 523d 524d
SoSomaliMM055,SOX055,16093C 16223T 16256T 16278T 16311C 16519C 73G 150T 204C 263G 315.1C 385G
SoSomaliMM103,SOX103,16093C 16169T 16207T 16223T 16232T 16260T 16311C 16519C 73G 195C 198T 263G 309.1C 315.1C 325T
SoSomaliMM007,SOX007,16207T 16221T 16223T 16260T 16311C 16362C 16519C 73G 195C 198T 214G 263G 309.1C 309.2C 315.1C 325T 573.1C 573.2C
SoSomaliMM045,SOX045,16093C 16169T 16207T 16223T 16232T 16260T 16311C 16519C 73G 195C 198T 263G 309.1C 315.1C 325T
SoSomaliMM172,SOX172,16093C 16169T 16207T 16223T 16232T 16260T 16311C 16519C 73G 195C 198T 263G 315.1C 325T 523d 524d
SoSomaliMM146,SOX146,16223T 16293T 16311C 16355T 16362C 16399G 16519C 73G 146C 257G 263G 309.1C 315.1C
SoSomaliMM125,SOX125,16048A 16223T 16241G 16278T 16284G 16311C 16519C 73G 150T 152C 182T 185C 263G 309T 315.1C 573.1C 573.2C 573.3C 573.4C 573.5C
SoSomaliMM064,SOX064,16051G 16129A 16182C 16183C 16189C 16223T 16249C 16311C 16519C 73G 189G 195C 263G 309.1C 315.1C 489C
SoSomaliMM060,SOX060,16129A 16183C 16189C 16193.1C 16223T 16249C 16311C 16519C 73G 195C 263G 309.1C 315.1C 489C
SoSomaliMM059,SOX059,16051G 16126C 16129A 16182C 16183C 16189C 16223T 16249C 16311C 16519C 73G 189G 195C 263G 309.1C 315.1C 489C
SoSomaliMM023,SOX023,16129A 16183C 16189C 16193.1C 16223T 16249C 16311C 16519C 73G 195C 263G 309.1C 315.1C 489C
SoSomaliMM010,SOX010,16129A 16183C 16189C 16193.1C 16223T 16249C 16311C 16519C 73G 195C 263G 309.1C 309.2C 315.1C 489C
SoSomaliMM180,SOX180,16051G 16129A 16182C 16183C 16189C 16223T 16249C 16311C 16519C 73G 189G 195C 263G 309.1C 309.2C 315.1C 489C
SoSomaliMM209,SOX209,16051G 16129A 16182C 16183C 16189C 16223T 16249C 16311C 16519C 73G 189G 195C 263G 309.1C 309.2C 315.1C 489C
SoSomaliMM153,SOX153,16051G 16129A 16182C 16183C 16189C 16223T 16249C 16311C 16519C 73G 189G 195C 263G 309.1C 309.2C 309.3C 315.1C 489C
SoSomaliMM143,SOX143,16129A 16182G 16189C 16223T 16249C 16265C 16311C 16519C 73G 195C 263G 315.1C 489C
SoSomaliMM067,SOX067,16129A 16183C 16189C 16193.1C 16223T 16249C 16311C 16359C 16519C 73G 150T 189G 195C 198T 263G 315.1C 489C 523d 524d
SoSomaliMM053,SOX053,16129A 16183C 16189C 16193.1C 16223T 16249C 16311C 16359C 16519C 73G 150T 189G 195C 198T 263G 315.1C 489C 523d 524d
SoSomaliMM199,SOX199,16129A 16183M 16189C 16223T 16249C 16311C 16359C 16519C 73G 150T 189G 195C 198T 263G 309.1C 315.1C 489C 523d 524d
SoSomaliMM187,SOX187,16129A 16183M 16189C 16223T 16249C 16311C 16359C 16519C 73G 150T 189G 195C 198T 263G 309.1C 315.1C 489C 523d 524d
SoSomaliMM147,SOX147,16129A 16183C 16189C 16193.1C 16223T 16249C 16311C 16359C 16519C 73G 150T 195C 198T 263G 315.1C 489C 523d 524d
SoSomaliMM144,SOX144,16129A 16189C 16193.1C 16193.2C 16223T 16249C 16311C 16359C 16519C 73G 195C 263G 309.1C 315.1C 489C
SoSomaliMM150,SOX150,16129A 16189C 16223T 16249C 16311C 16359C 16519C 73G 150T 189G 195C 198T 263G 309.1C 315.1C 489C 523d 524d
SoSomaliMM078,SOX078,16093C 16129A 16189C 16193.1C 16223T 16249C 16311C 16359C 16519C 73G 150T 195C 198T 263G 309.1C 315.1C 489C 523d 524d
SoSomaliMM077,SOX077,16093C 16129A 16189C 16223T 16249C 16311C 16359C 16519C 73G 150T 189G 195C 198T 263G 315.1C 489C 523d 524d
SoSomaliMM083,SOX083,16093C 16129A 16189C 16193.1C 16223T 16249C 16311C 16359C 16519C 73G 150T 189G 195C 198T 263G 315.1C 489C 523d 524d
SoSomaliMM063,SOX063,16093C 16129A 16189C 16193.1C 16223T 16249C 16311C 16359C 16519C 73G 150T 189G 195C 198T 263G 315.1C 489C 523d 524d
SoSomaliMM101,SOX101,16093C 16129A 16189C 16223T 16249C 16311C 16359C 16519C 73G 150T 189G 195C 198T 263G 309.1C 315.1C 489C 523d 524d
SoSomaliMM043,SOX043,16093C 16129A 16189C 16223T 16249C 16311C 16359C 16519C 73G 150T 189G 195C 198T 263G 315.1C 489C 523d 524d
SoSomaliMM058,SOX058,16093C 16129A 16189C 16223T 16249C 16311C 16359C 16519C 73G 150T 189G 195C 198T 263G 315.1C 489C 523d 524d
SoSomaliMM036,SOX036,16093C 16129A 16189C 16193.1C 16193.2C 16223T 16249C 16311C 16359C 16519C 73G 150T 189G 195C 198T 263G 315.1C 489C 523d 524d
SoSomaliMM178,SOX178,16093C 16129A 16189C 16193.1C 16223T 16249C 16311C 16359C 16519C 73G 150T 189G 195C 198T 263G 315.1C 489C 523d 524d
SoSomaliMM117,SOX117,16093C 16129A 16183C 16189C 16193.1C 16223T 16249C 16311C 16359C 16519C 73G 150T 189G 195C 198T 263G 315.1C 489C 523d 524d
SoSomaliMM051,SOX051,16183C 16189C 16223T 16249C 16311C 16519C 73G 189G 195C 234G 263G 315.1C 489C
SoSomaliMM191,SOX191,16182C 16183C 16189C 16223T 16249C 16311C 16519C 73G 195C 198T 263G 309.1C 309.2C 315.1C 489C
SoSomaliMM134,SOX134,16182C 16183C 16189C 16223T 16249C 16311C 16519C 73G 189G 195C 263G 309.1C 309.2C 315.1C 489C
SoSomaliMM100,SOX100,16147G 16172C 16213A 16223T 16248T 16355T 16519C 73G 199C 204C 207A 263G 309.1C 315.1C 573.1C 573.2C 573.3C 573.4C
SoSomaliMM093,SOX093,16147G 16172C 16223T 16248T 16355T 16519C 73G 199C 204C 263G 315.1C 573.1C 573.2C 573.3C 573.4C
SoSomaliMM091,SOX091,16147G 16172C 16213A 16223T 16248T 16355T 16519C 73G 199C 204C 207A 263G 309.1C 315.1C 573.1C 573.2C 573.3C 573.4C
SoSomaliMM015,SOX015,16147G 16172C 16223T 16248T 16355T 16519C 73G 199C 204C 263G 309.1C 315.1C 573.1C 573.2C 573.3C 573.4C 573.5C
SoSomaliMM013,SOX013,16147G 16172C 16223T 16248T 16355T 16519C 73G 199C 204C 263G 309.1C 315.1C 524.1A 524.2C 564.1G 567C 573.1C 573.2C 573.3C
SoSomaliMM049,SOX049,16147G 16172C 16223T 16248T 16355T 16519C 73G 150T 151T 199C 204C 263G 309.1C 315.1C 573.1C 573.2C 573.3C 573.4C 573.5C
SoSomaliMM037,SOX037,16147G 16172C 16223T 16248T 16355T 16519C 73G 199C 204C 263G 315.1C 573.1C 573.2C 573.3C 573.4C 573.5C
SoSomaliMM201,SOX201,16147G 16172C 16213A 16223T 16248T 16355T 16519C 73G 199C 204C 207A 263G 309.1C 315.1C 573.1C 573.2C 573.3C 573.4C
SoSomaliMM135,SOX135,16147G 16172C 16223T 16248T 16355T 16519C 73G 199C 204C 263G 315.1C 573.1C 573.2C 573.3C 573.4C 573.5C
SoSomaliMM133,SOX133,16147G 16172C 16213A 16223T 16248T 16355T 16519C 73G 199C 204C 207A 263G 315.1C 573.1C 573.2C 573.3C 573.4C 573.5C 573.6C
SoSomaliMM066,SOX066,16176G 16223T 16258C 16262.1C 16390A 16519C 73G 152C 263G 315.1C 523d 524d
SoSomaliMM215,SOX215,16176G 16223T 16258C 16390A 16519C 73G 152C 263G 315.1C 523d 524d
SoSomaliMM073,SOX073,16176G 16223T 16258C 16390A 16519C 73G 263G 315.1C 523d 524d
SoSomaliMM061,SOX061,16176G 16223T 16258C 16390A 16519C 73G 152C 263G 315.1C 523d 524d
SoSomaliMM018,SOX018,16176G 16223T 16258C 16390A 16519C 73G 152C 263G 315.1C 523d 524d
SoSomaliMM035,SOX035,16176G 16223T 16258C 16390A 16519C 73G 152C 263G 315.1C 523d 524d
SoSomaliMM031,SOX031,16176G 16223T 16258C 16390A 16519C 73G 152C 263G 315.1C 523d 524d
SoSomaliMM138,SOX138,16176G 16223T 16258C 16390A 16519C 73G 152C 263G 315.1C 523d 524d
SoSomaliMM090,SOX090,16129A 16223T 16519C 73G 199C 204C 250C 263G 291.1A 291.2A 309.1C 309.2C 315.1C 385G 573.1C 573.2C 573.3C 573.4C 573.5C
SoSomaliMM070,SOX070,16126C 16362C 16519C 263G 309.1C 315.1C
SoSomaliMM161,SOX161,16260T 16399G 263G 309.1C 309.2C 315.1C
SoSomaliMM074,SOX074,16126C 16311C 16362C 57.1C 64T 263G 267C 309.1C 315.1C
SoSomaliMM092,SOX092,16126C 16311C 16362C 57.1C 64T 263G 267C 309.1C 315.1C
SoSomaliMM056,SOX056,16126C 16301Y 16362C 16519C 64T 263G 309.1C 315.1C
SoSomaliMM039,SOX039,16126C 16362C 16519C 64T 263G 309.1C 315.1C
SoSomaliMM183,SOX183,16126C 16362C 16519C 64T 263G 309.1C 309.2C 315.1C
SoSomaliMM114,SOX114,16126C 16362C 16519C 64T 263G 309.1C 309.2C 315.1C
SoSomaliMM142,SOX142,16126C 16355T 16362C 58C 64T 146C 152C 263G 315.1C 523d 524d
SoSomaliMM128,SOX128,16126C 16355T 16362C 64T 93G 95C 146C 263G 315.1C
SoSomaliMM154,SOX154,16126C 16355T 16362C 64T 93G 95C 146C 263G 315.1C
SoSomaliMM005,SOX005,16148T 16343G 16390A 16519C 73G 150T 263G 315.1C
SoSomaliMM122,SOX122,16148T 16343G 16390A 16519C 73G 150T 263G 315.1C
SoSomaliMM163,SOX163,16148T 16343G 16390A 16519C 73G 150T 263G 315.1C
SoSomaliMM042,SOX042,16051G 16261T 16278T 16311C 73G 263G 315.1C 499A
