CmMafaVC001,H1,16093A 16129C 16148G 16168G 16172A 16187G 16188G 16189A 16223G 16230T 16311A 16320G
NeFulaniDiffaVC001,H2,16111G 16129C 16148G 16168G 16172A 16173G 16187G 16188G 16189A 16223G 16230T 16256G 16311A 16320G
CmKotokoVC001,H3,16129C 16148G 16168G 16172A 16187G 16188A 16189A 16223G 16230T 16311A 16320G
TdKanembouVC001,H4,16129C 16148G 16168G 16172A 16187G 16188G 16189A 16223G 16230T 16256G 16311A 16320G
TdKanembouVC002,H4,16129C 16148G 16168G 16172A 16187G 16188G 16189A 16223G 16230T 16256G 16311A 16320G
CmMasaVC001,H4,16129C 16148G 16168G 16172A 16187G 16188G 16189A 16223G 16230T 16256G 16311A 16320G
NeFulaniDiffaVC002,H5,16129C 16148G 16168G 16172A 16187G 16188G 16189A 16223G 16230T 16311A 16320G
NgKanuriVC001,H5,16129C 16148G 16168G 16172A 16187G 16188G 16189A 16223G 16230T 16311A 16320G
NgKanuriVC002,H5,16129C 16148G 16168G 16172A 16187G 16188G 16189A 16223G 16230T 16311A 16320G
TdKanembouVC003,H5,16129C 16148G 16168G 16172A 16187G 16188G 16189A 16223G 16230T 16311A 16320G
CmHideVC001,H5,16129C 16148G 16168G 16172A 16187G 16188G 16189A 16223G 16230T 16311A 16320G
CmHideVC002,H5,16129C 16148G 16168G 16172A 16187G 16188G 16189A 16223G 16230T 16311A 16320G
CmKotokoVC002,H5,16129C 16148G 16168G 16172A 16187G 16188G 16189A 16223G 16230T 16311A 16320G
CmKotokoVC003,H5,16129C 16148G 16168G 16172A 16187G 16188G 16189A 16223G 16230T 16311A 16320G
CmMafaVC002,H5,16129C 16148G 16168G 16172A 16187G 16188G 16189A 16223G 16230T 16311A 16320G
CmMafaVC003,H5,16129C 16148G 16168G 16172A 16187G 16188G 16189A 16223G 16230T 16311A 16320G
CmMafaVC004,H5,16129C 16148G 16168G 16172A 16187G 16188G 16189A 16223G 16230T 16311A 16320G
CmBulahayVC001,H6,16129C 16148G 16172A 16187G 16188G 16189A 16223G 16230T 16311A 16320G
NeFulaniZinderVC001,H7,16148G 16172A 16187G 16188G 16189A 16223G 16230T 16311A 16320G
CmHideVC003,H8,16093A 16129C 16147A 16148G 16168G 16172A 16187G 16188G 16189A 16209A 16223G 16230T 16278G 16293T 16311A 16320G
CmMasaVC002,H9,16093A 16129C 16148G 16168G 16172A 16187G 16188G 16189A 16193G 16223G 16230T 16278G 16293T 16311A 16320G
NeBudumaVC001,H10,16093A 16129C 16148G 16168G 16172A 16187G 16188G 16189A 16209A 16223G 16230T 16278G 16293T 16311A 16320G
NgKanuriVC003,H10,16093A 16129C 16148G 16168G 16172A 16187G 16188G 16189A 16209A 16223G 16230T 16278G 16293T 16311A 16320G
CmHideVC004,H10,16093A 16129C 16148G 16168G 16172A 16187G 16188G 16189A 16209A 16223G 16230T 16278G 16293T 16311A 16320G
CmKotokoVC004,H10,16093A 16129C 16148G 16168G 16172A 16187G 16188G 16189A 16209A 16223G 16230T 16278G 16293T 16311A 16320G
CmKotokoVC005,H10,16093A 16129C 16148G 16168G 16172A 16187G 16188G 16189A 16209A 16223G 16230T 16278G 16293T 16311A 16320G
CmMasaVC003,H10,16093A 16129C 16148G 16168G 16172A 16187G 16188G 16189A 16209A 16223G 16230T 16278G 16293T 16311A 16320G
NgKanuriVC004,H11,16129C 16148G 16168G 16172A 16184G 16187G 16188G 16223G 16230T 16278G 16293T 16311A 16320G
NgKanuriVC005,H12,16129C 16148G 16168G 16172A 16187G 16188A 16189A 16223G 16230T 16278G 16293T 16311A 16320G
CmBulahayVC002,H13,16129C 16148G 16168G 16172A 16187G 16188G 16189A 16193G 16223G 16230T 16278G 16293T 16311A 16320G
CmKotokoVC006,H13,16129C 16148G 16168G 16172A 16187G 16188G 16189A 16193G 16223G 16230T 16278G 16293T 16311A 16320G
CmHideVC005,H14,16129C 16148G 16168G 16172A 16187G 16188G 16189A 16209A 16223G 16230T 16278G 16293T 16311A 16320G
CmKotokoVC007,H14,16129C 16148G 16168G 16172A 16187G 16188G 16189A 16209A 16223G 16230T 16278G 16293T 16311A 16320G
CmKotokoVC008,H15,16129C 16148G 16168G 16172A 16187G 16188G 16189A 16223G 16230T 16278G 16293T 16311A 16320G
CmMafaVC005,H15,16129C 16148G 16168G 16172A 16187G 16188G 16189A 16223G 16230T 16278G 16293T 16311A 16320G
CmFaliVC001,H16,16129C 16148G 16168G 16172A 16187G 16188G 16189A 16223G 16230T 16278G 16311A 16320G
CmFaliVC002,H16,16129C 16148G 16168G 16172A 16187G 16188G 16189A 16223G 16230T 16278G 16311A 16320G
CmHideVC006,H17,16129C 16169G 16172A 16187G 16189A 16209A 16223G 16230T 16278G 16311A 16327G 16368A
NeFulaniAderVC001,H18,16189A 16223G 16264G 16270G 16278G 16293T 16311A
MlFulaniDiafarabeVC001,H19,16126A 16187G 16189A 16223G 16264G 16270G 16278G 16311A
MlFulaniDiafarabeVC002,H19,16126A 16187G 16189A 16223G 16264G 16270G 16278G 16311A
BfFulaniTindangouVC001,H19,16126A 16187G 16189A 16223G 16264G 16270G 16278G 16311A
NeFulaniZinderVC002,H19,16126A 16187G 16189A 16223G 16264G 16270G 16278G 16311A
TdFulaniLiniaVC001,H19,16126A 16187G 16189A 16223G 16264G 16270G 16278G 16311A
TdFulaniBongorVC001,H20,16126A 16187G 16189A 16223G 16270G 16278G 16293T 16311A
MlSonghaiVC001,H21,16126A 16187G 16189A 16223G 16256G 16270G 16278G 16293T 16311A
MlFulaniDiafarabeVC003,H22,16126A 16187G 16189A 16223G 16264G 16270G 16278G 16293T 16311A
MlFulaniDiafarabeVC004,H22,16126A 16187G 16189A 16223G 16264G 16270G 16278G 16293T 16311A
MlFulaniDiafarabeVC005,H22,16126A 16187G 16189A 16223G 16264G 16270G 16278G 16293T 16311A
BfFulaniBanforaVC001,H22,16126A 16187G 16189A 16223G 16264G 16270G 16278G 16293T 16311A
BfFulaniBanforaVC002,H22,16126A 16187G 16189A 16223G 16264G 16270G 16278G 16293T 16311A
BfFulaniBanforaVC003,H22,16126A 16187G 16189A 16223G 16264G 16270G 16278G 16293T 16311A
BfFulaniBanforaVC004,H22,16126A 16187G 16189A 16223G 16264G 16270G 16278G 16293T 16311A
BfFulaniBanforaVC005,H22,16126A 16187G 16189A 16223G 16264G 16270G 16278G 16293T 16311A
BfFulaniBanforaVC006,H22,16126A 16187G 16189A 16223G 16264G 16270G 16278G 16293T 16311A
BfFulaniTindangouVC002,H22,16126A 16187G 16189A 16223G 16264G 16270G 16278G 16293T 16311A
BfFulaniTindangouVC003,H22,16126A 16187G 16189A 16223G 16264G 16270G 16278G 16293T 16311A
BfFulaniTindangouVC004,H22,16126A 16187G 16189A 16223G 16264G 16270G 16278G 16293T 16311A
BfFulaniTindangouVC005,H22,16126A 16187G 16189A 16223G 16264G 16270G 16278G 16293T 16311A
BfFulaniTindangouVC006,H22,16126A 16187G 16189A 16223G 16264G 16270G 16278G 16293T 16311A
BfFulaniTindangouVC007,H22,16126A 16187G 16189A 16223G 16264G 16270G 16278G 16293T 16311A
BfFulaniTindangouVC008,H22,16126A 16187G 16189A 16223G 16264G 16270G 16278G 16293T 16311A
BfFulaniTindangouVC009,H22,16126A 16187G 16189A 16223G 16264G 16270G 16278G 16293T 16311A
NeFulaniAbalaVC001,H22,16126A 16187G 16189A 16223G 16264G 16270G 16278G 16293T 16311A
NeFulaniAbalaVC002,H22,16126A 16187G 16189A 16223G 16264G 16270G 16278G 16293T 16311A
NeFulaniAbalaVC003,H22,16126A 16187G 16189A 16223G 16264G 16270G 16278G 16293T 16311A
NeFulaniAderVC002,H22,16126A 16187G 16189A 16223G 16264G 16270G 16278G 16293T 16311A
NeFulaniAderVC003,H22,16126A 16187G 16189A 16223G 16264G 16270G 16278G 16293T 16311A
NeFulaniAderVC004,H22,16126A 16187G 16189A 16223G 16264G 16270G 16278G 16293T 16311A
NeFulaniAderVC005,H22,16126A 16187G 16189A 16223G 16264G 16270G 16278G 16293T 16311A
NeFulaniAderVC006,H22,16126A 16187G 16189A 16223G 16264G 16270G 16278G 16293T 16311A
NeFulaniAderVC007,H22,16126A 16187G 16189A 16223G 16264G 16270G 16278G 16293T 16311A
NeFulaniBalatungurVC001,H22,16126A 16187G 16189A 16223G 16264G 16270G 16278G 16293T 16311A
NeFulaniBalatungurVC002,H22,16126A 16187G 16189A 16223G 16264G 16270G 16278G 16293T 16311A
NeFulaniBalatungurVC003,H22,16126A 16187G 16189A 16223G 16264G 16270G 16278G 16293T 16311A
NeFulaniDiffaVC003,H22,16126A 16187G 16189A 16223G 16264G 16270G 16278G 16293T 16311A
NeFulaniZinderVC003,H22,16126A 16187G 16189A 16223G 16264G 16270G 16278G 16293T 16311A
NeFulaniZinderVC004,H22,16126A 16187G 16189A 16223G 16264G 16270G 16278G 16293T 16311A
NeFulaniZinderVC005,H22,16126A 16187G 16189A 16223G 16264G 16270G 16278G 16293T 16311A
NeFulaniZinderVC006,H22,16126A 16187G 16189A 16223G 16264G 16270G 16278G 16293T 16311A
NeFulaniZinderVC007,H22,16126A 16187G 16189A 16223G 16264G 16270G 16278G 16293T 16311A
CmFulaniTchebouaVC001,H22,16126A 16187G 16189A 16223G 16264G 16270G 16278G 16293T 16311A
CmFulaniTchebouaVC002,H22,16126A 16187G 16189A 16223G 16264G 16270G 16278G 16293T 16311A
CmFulaniTchebouaVC003,H22,16126A 16187G 16189A 16223G 16264G 16270G 16278G 16293T 16311A
CmFulaniTchebouaVC004,H22,16126A 16187G 16189A 16223G 16264G 16270G 16278G 16293T 16311A
TdFulaniBongorVC002,H22,16126A 16187G 16189A 16223G 16264G 16270G 16278G 16293T 16311A
TdFulaniBongorVC003,H22,16126A 16187G 16189A 16223G 16264G 16270G 16278G 16293T 16311A
TdFulaniBongorVC004,H22,16126A 16187G 16189A 16223G 16264G 16270G 16278G 16293T 16311A
TdFulaniBongorVC005,H22,16126A 16187G 16189A 16223G 16264G 16270G 16278G 16293T 16311A
TdFulaniBongorVC006,H22,16126A 16187G 16189A 16223G 16264G 16270G 16278G 16293T 16311A
TdFulaniBongorVC007,H22,16126A 16187G 16189A 16223G 16264G 16270G 16278G 16293T 16311A
MlSonghaiVC002,H22,16126A 16187G 16189A 16223G 16264G 16270G 16278G 16293T 16311A
MlSonghaiVC003,H22,16126A 16187G 16189A 16223G 16264G 16270G 16278G 16293T 16311A
MlSonghaiVC004,H22,16126A 16187G 16189A 16223G 16264G 16270G 16278G 16293T 16311A
MlSonghaiVC005,H22,16126A 16187G 16189A 16223G 16264G 16270G 16278G 16293T 16311A
TdKanembouVC004,H22,16126A 16187G 16189A 16223G 16264G 16270G 16278G 16293T 16311A
TdKanembouVC005,H22,16126A 16187G 16189A 16223G 16264G 16270G 16278G 16293T 16311A
CmFaliVC003,H22,16126A 16187G 16189A 16223G 16264G 16270G 16278G 16293T 16311A
CmFaliVC004,H22,16126A 16187G 16189A 16223G 16264G 16270G 16278G 16293T 16311A
CmFaliVC005,H22,16126A 16187G 16189A 16223G 16264G 16270G 16278G 16293T 16311A
CmFaliVC006,H22,16126A 16187G 16189A 16223G 16264G 16270G 16278G 16293T 16311A
CmKotokoVC009,H22,16126A 16187G 16189A 16223G 16264G 16270G 16278G 16293T 16311A
CmKotokoVC010,H22,16126A 16187G 16189A 16223G 16264G 16270G 16278G 16293T 16311A
BfFulaniBanforaVC007,H23,16126A 16187G 16189A 16223G 16264G 16270G 16278G 16311A 16368A
BfFulaniBanforaVC008,H23,16126A 16187G 16189A 16223G 16264G 16270G 16278G 16311A 16368A
MlSonghaiVC006,H24,16126A 16187G 16189A 16223G 16264G 16270G 16278G 16311A 16362A
MlFulaniDiafarabeVC006,H25,16093A 16126A 16187G 16189A 16223G 16264G 16270G 16278G 16293T 16311A
MlFulaniDiafarabeVC007,H25,16093A 16126A 16187G 16189A 16223G 16264G 16270G 16278G 16293T 16311A
BfFulaniBanforaVC009,H25,16093A 16126A 16187G 16189A 16223G 16264G 16270G 16278G 16293T 16311A
BfFulaniBanforaVC010,H25,16093A 16126A 16187G 16189A 16223G 16264G 16270G 16278G 16293T 16311A
BfFulaniBanforaVC011,H25,16093A 16126A 16187G 16189A 16223G 16264G 16270G 16278G 16293T 16311A
BfFulaniBanforaVC012,H25,16093A 16126A 16187G 16189A 16223G 16264G 16270G 16278G 16293T 16311A
BfFulaniTindangouVC010,H25,16093A 16126A 16187G 16189A 16223G 16264G 16270G 16278G 16293T 16311A
BfFulaniTindangouVC011,H25,16093A 16126A 16187G 16189A 16223G 16264G 16270G 16278G 16293T 16311A
NeFulaniAbalaVC004,H25,16093A 16126A 16187G 16189A 16223G 16264G 16270G 16278G 16293T 16311A
NeFulaniAbalaVC005,H25,16093A 16126A 16187G 16189A 16223G 16264G 16270G 16278G 16293T 16311A
NeFulaniBalatungurVC004,H25,16093A 16126A 16187G 16189A 16223G 16264G 16270G 16278G 16293T 16311A
NeFulaniBalatungurVC005,H25,16093A 16126A 16187G 16189A 16223G 16264G 16270G 16278G 16293T 16311A
NeFulaniBalatungurVC006,H25,16093A 16126A 16187G 16189A 16223G 16264G 16270G 16278G 16293T 16311A
NeFulaniBalatungurVC007,H25,16093A 16126A 16187G 16189A 16223G 16264G 16270G 16278G 16293T 16311A
NeFulaniBalatungurVC008,H25,16093A 16126A 16187G 16189A 16223G 16264G 16270G 16278G 16293T 16311A
NeFulaniBalatungurVC009,H25,16093A 16126A 16187G 16189A 16223G 16264G 16270G 16278G 16293T 16311A
NeFulaniDiffaVC004,H25,16093A 16126A 16187G 16189A 16223G 16264G 16270G 16278G 16293T 16311A
NeFulaniZinderVC008,H25,16093A 16126A 16187G 16189A 16223G 16264G 16270G 16278G 16293T 16311A
NeFulaniZinderVC009,H25,16093A 16126A 16187G 16189A 16223G 16264G 16270G 16278G 16293T 16311A
NeFulaniZinderVC010,H25,16093A 16126A 16187G 16189A 16223G 16264G 16270G 16278G 16293T 16311A
NeFulaniZinderVC011,H25,16093A 16126A 16187G 16189A 16223G 16264G 16270G 16278G 16293T 16311A
NeFulaniZinderVC012,H25,16093A 16126A 16187G 16189A 16223G 16264G 16270G 16278G 16293T 16311A
CmFulaniTchebouaVC005,H25,16093A 16126A 16187G 16189A 16223G 16264G 16270G 16278G 16293T 16311A
CmFulaniTchebouaVC006,H25,16093A 16126A 16187G 16189A 16223G 16264G 16270G 16278G 16293T 16311A
TdFulaniBongorVC008,H25,16093A 16126A 16187G 16189A 16223G 16264G 16270G 16278G 16293T 16311A
TdFulaniBongorVC009,H25,16093A 16126A 16187G 16189A 16223G 16264G 16270G 16278G 16293T 16311A
TdFulaniBongorVC010,H25,16093A 16126A 16187G 16189A 16223G 16264G 16270G 16278G 16293T 16311A
TdFulaniLiniaVC002,H25,16093A 16126A 16187G 16189A 16223G 16264G 16270G 16278G 16293T 16311A
TdFulaniLiniaVC003,H25,16093A 16126A 16187G 16189A 16223G 16264G 16270G 16278G 16293T 16311A
TdFulaniLiniaVC004,H25,16093A 16126A 16187G 16189A 16223G 16264G 16270G 16278G 16293T 16311A
TdFulaniLiniaVC005,H25,16093A 16126A 16187G 16189A 16223G 16264G 16270G 16278G 16293T 16311A
BfFulaniBanforaVC013,H26,16126A 16170T 16187G 16189A 16223G 16264G 16270G 16278G 16293T 16311A
NgKanuriVC006,H27,16126A 16172A 16187G 16189A 16223G 16264G 16270G 16278G 16293T 16311A
CmBulahayVC003,H27,16126A 16172A 16187G 16189A 16223G 16264G 16270G 16278G 16293T 16311A
CmMasaVC004,H27,16126A 16172A 16187G 16189A 16223G 16264G 16270G 16278G 16293T 16311A
MlSonghaiVC007,H28,16126A 16187G 16189A 16223G 16255C 16264G 16270G 16278G 16293T 16311A
TdKanembouVC006,H29,16126A 16187G 16189A 16223G 16264G 16270G 16278G 16289T 16293T 16311A
TdFulaniBongorVC011,H30,16069G 16093A 16126A 16187G 16189A 16223G 16264G 16270G 16278G 16293T 16311A
BfFulaniTindangouVC012,H31,16093A 16126A 16187G 16189A 16223G 16255C 16264G 16270G 16278G 16293T 16311A
TdFulaniBongorVC012,H32,16126A 16184G 16187G 16189A 16223G 16260G 16264G 16270G 16278G 16293T 16311A
TdKanembouVC007,H32,16126A 16184G 16187G 16189A 16223G 16260G 16264G 16270G 16278G 16293T 16311A
TdKanembouVC008,H32,16126A 16184G 16187G 16189A 16223G 16260G 16264G 16270G 16278G 16293T 16311A
TdKanembouVC009,H32,16126A 16184G 16187G 16189A 16223G 16260G 16264G 16270G 16278G 16293T 16311A
MlFulaniDiafarabeVC008,H33,16126A 16187G 16189A 16213C 16223G 16260G 16264G 16270G 16278G 16293T 16311A
MlFulaniDiafarabeVC009,H33,16126A 16187G 16189A 16213C 16223G 16260G 16264G 16270G 16278G 16293T 16311A
MlFulaniDiafarabeVC010,H33,16126A 16187G 16189A 16213C 16223G 16260G 16264G 16270G 16278G 16293T 16311A
MlFulaniDiafarabeVC011,H33,16126A 16187G 16189A 16213C 16223G 16260G 16264G 16270G 16278G 16293T 16311A
BfFulaniBanforaVC014,H33,16126A 16187G 16189A 16213C 16223G 16260G 16264G 16270G 16278G 16293T 16311A
BfFulaniBanforaVC015,H33,16126A 16187G 16189A 16213C 16223G 16260G 16264G 16270G 16278G 16293T 16311A
BfFulaniBanforaVC016,H33,16126A 16187G 16189A 16213C 16223G 16260G 16264G 16270G 16278G 16293T 16311A
BfFulaniTindangouVC013,H33,16126A 16187G 16189A 16213C 16223G 16260G 16264G 16270G 16278G 16293T 16311A
NeFulaniDiffaVC005,H33,16126A 16187G 16189A 16213C 16223G 16260G 16264G 16270G 16278G 16293T 16311A
NeFulaniDiffaVC006,H33,16126A 16187G 16189A 16213C 16223G 16260G 16264G 16270G 16278G 16293T 16311A
NeFulaniZinderVC013,H33,16126A 16187G 16189A 16213C 16223G 16260G 16264G 16270G 16278G 16293T 16311A
NeFulaniZinderVC014,H33,16126A 16187G 16189A 16213C 16223G 16260G 16264G 16270G 16278G 16293T 16311A
CmFulaniTchebouaVC007,H33,16126A 16187G 16189A 16213C 16223G 16260G 16264G 16270G 16278G 16293T 16311A
CmFulaniTchebouaVC008,H33,16126A 16187G 16189A 16213C 16223G 16260G 16264G 16270G 16278G 16293T 16311A
TdFulaniBongorVC013,H33,16126A 16187G 16189A 16213C 16223G 16260G 16264G 16270G 16278G 16293T 16311A
TdFulaniBongorVC014,H33,16126A 16187G 16189A 16213C 16223G 16260G 16264G 16270G 16278G 16293T 16311A
TdFulaniLiniaVC006,H33,16126A 16187G 16189A 16213C 16223G 16260G 16264G 16270G 16278G 16293T 16311A
TdFulaniLiniaVC007,H33,16126A 16187G 16189A 16213C 16223G 16260G 16264G 16270G 16278G 16293T 16311A
TdFulaniLiniaVC008,H33,16126A 16187G 16189A 16213C 16223G 16260G 16264G 16270G 16278G 16293T 16311A
CmMafaVC006,H34,16126A 16187G 16189A 16223G 16245G 16264G 16270G 16278G 16293T 16301G 16311A
TdFulaniLiniaVC009,H35,16126A 16187G 16189A 16223G 16264G 16270G 16278G 16293T 16311A 16319C 16352A
TdFulaniLiniaVC010,H35,16126A 16187G 16189A 16223G 16264G 16270G 16278G 16293T 16311A 16319C 16352A
NgKanuriVC007,H36,16114A 16126A 16187G 16189A 16223G 16264G 16270G 16278G 16293T 16311A
NeBudumaVC002,H37,16189A 16192G 16223G 16278G 16294G 16360G
NeFulaniDiffaVC007,H38,16129C 16187G 16189A 16223G 16278G 16311A 16360G
CmBulahayVC004,H39,16093A 16129C 16172A 16189A 16215T 16223G 16278G 16294G 16311A 16360G
CmBulahayVC005,H39,16093A 16129C 16172A 16189A 16215T 16223G 16278G 16294G 16311A 16360G
CmHideVC007,H39,16093A 16129C 16172A 16189A 16215T 16223G 16278G 16294G 16311A 16360G
CmFulaniTchebouaVC009,H40,16129C 16180T 16182C 16183C 16189A 16215T 16223G 16278G 16294G 16311A 16355G 16360G
CmMafaVC007,H41,16129C 16182C 16183C 16189A 16215T 16219T 16223G 16278G 16294G 16311A 16360G
CmFaliVC007,H42,16129C 16183C 16188G 16189A 16193d 16215T 16223G 16278G 16294G 16311A 16360G
CmBulahayVC006,H43,16129C 16183C 16189A 16213C 16215T 16223G 16278G 16291G 16294G 16311A 16355G 16360G
CmBulahayVC007,H43,16129C 16183C 16189A 16213C 16215T 16223G 16278G 16291G 16294G 16311A 16355G 16360G
CmBulahayVC008,H43,16129C 16183C 16189A 16213C 16215T 16223G 16278G 16291G 16294G 16311A 16355G 16360G
CmFaliVC008,H44,16129C 16183C 16189A 16213C 16215T 16223G 16278G 16291G 16294G 16311A 16355G 16360G 16362A 16364G
CmHideVC008,H45,16129C 16183C 16189A 16215T 16219T 16223G 16246T 16266G 16278G 16294G 16311A 16360G
CmMasaVC005,H46,16129C 16183C 16189A 16215T 16223G 16278G 16294G 16311A 16360G
CmHideVC009,H47,16129C 16163T 16187G 16189A 16278G 16293T 16294G 16311A 16360G
MlSonghaiVC008,H48,16129C 16187G 16189A 16223G 16278G 16293T 16294G 16311A 16360G
MlSonghaiVC009,H49,16038T 16086A 16129C 16187G 16189A 16223G 16278G 16293T 16294G 16360G
CmMasaVC006,H50,16129C 16163T 16187G 16189A 16223G 16278G 16293T 16294G 16311A 16360G
CmFaliVC009,H51,16129C 16187G 16189A 16223G 16278G 16284T 16293T 16294G 16311A 16360G
CmBulahayVC009,H52,16129C 16163T 16187G 16189A 16209A 16223G 16278G 16293T 16294G 16311A 16360G
CmHideVC010,H52,16129C 16163T 16187G 16189A 16209A 16223G 16278G 16293T 16294G 16311A 16360G
CmMasaVC007,H52,16129C 16163T 16187G 16189A 16209A 16223G 16278G 16293T 16294G 16311A 16360G
CmFaliVC010,H53,16038T 16084C 16129C 16187G 16189A 16223G 16278G 16284T 16293T 16294G 16311A 16360G
CmFulaniTchebouaVC010,H54,16038T 16129C 16187G 16189A 16223G 16256G 16278G 16284T 16293T 16294G 16311A 16360G
TdKanembouVC010,H55,16129C 16148G 16187G 16189A 16192G 16223G 16255C 16278G 16293T 16294G 16311A 16360G
TdKanembouVC011,H55,16129C 16148G 16187G 16189A 16192G 16223G 16255C 16278G 16293T 16294G 16311A 16360G
MlFulaniDiafarabeVC012,H56,16223G 16278G
MlFulaniDiafarabeVC013,H56,16223G 16278G
MlFulaniDiafarabeVC014,H56,16223G 16278G
MlFulaniDiafarabeVC015,H56,16223G 16278G
MlFulaniDiafarabeVC016,H56,16223G 16278G
MlFulaniDiafarabeVC017,H56,16223G 16278G
BfFulaniBanforaVC017,H56,16223G 16278G
BfFulaniBanforaVC018,H56,16223G 16278G
BfFulaniBanforaVC019,H56,16223G 16278G
BfFulaniBanforaVC020,H56,16223G 16278G
BfFulaniTindangouVC014,H56,16223G 16278G
BfFulaniTindangouVC015,H56,16223G 16278G
BfFulaniTindangouVC016,H56,16223G 16278G
BfFulaniTindangouVC017,H56,16223G 16278G
NeFulaniAbalaVC006,H56,16223G 16278G
NeFulaniAbalaVC007,H56,16223G 16278G
NeFulaniAbalaVC008,H56,16223G 16278G
NeFulaniAderVC008,H56,16223G 16278G
NeFulaniAderVC009,H56,16223G 16278G
NeFulaniAderVC010,H56,16223G 16278G
NeFulaniAderVC011,H56,16223G 16278G
NeFulaniAderVC012,H56,16223G 16278G
NeFulaniAderVC013,H56,16223G 16278G
NeFulaniDiffaVC008,H56,16223G 16278G
NeFulaniDiffaVC009,H56,16223G 16278G
NeFulaniZinderVC015,H56,16223G 16278G
CmFulaniTchebouaVC011,H56,16223G 16278G
CmFulaniTchebouaVC012,H56,16223G 16278G
CmFulaniTchebouaVC013,H56,16223G 16278G
TdFulaniBongorVC015,H56,16223G 16278G
CmBulahayVC010,H56,16223G 16278G
CmMasaVC008,H56,16223G 16278G
NeFulaniAbalaVC009,H57,16223G 16274C 16278G
NeBudumaVC003,H58,16223G 16278G 16318T
CmKotokoVC011,H59,16223G 16278G 16294G
CmKotokoVC012,H59,16223G 16278G 16294G
CmMasaVC009,H59,16223G 16278G 16294G
MlFulaniDiafarabeVC018,H60,16183C 16189A 16223G 16278G 16294G
MlFulaniDiafarabeVC019,H60,16183C 16189A 16223G 16278G 16294G
TdFulaniBongorVC016,H60,16183C 16189A 16223G 16278G 16294G
CmHideVC011,H61,16189A 16192G 16223G 16278G 16294G
CmHideVC012,H61,16189A 16192G 16223G 16278G 16294G
CmMafaVC008,H61,16189A 16192G 16223G 16278G 16294G
TdFulaniBongorVC017,H62,16093A 16183C 16189A 16215T 16223G 16278G 16294G 16311A
MlSonghaiVC010,H63,16093A 16183C 16189A 16223G 16278G 16294G 16309T
NeFulaniAderVC014,H64,16183C 16189A 16223G 16278G 16294G
CmMafaVC009,H65,16169G 16223G 16278G 16294G 16311A 16355G
TdKanembouVC012,H66,16189A 16223G 16266G 16278G 16294G 16355G
TdKanembouVC013,H66,16189A 16223G 16266G 16278G 16294G 16355G
TdKanembouVC014,H67,16183C 16189A 16223G 16266G 16278G 16294G 16355G 16358G
MlFulaniDiafarabeVC020,H68,16182C 16183C 16189A 16223G 16278G 16294G
NeFulaniAbalaVC010,H69,16278G 16294G 16309T
BfFulaniBanforaVC021,H70,16223G 16278G 16294G 16309T
MlSonghaiVC011,H70,16223G 16278G 16294G 16309T
NeBudumaVC004,H70,16223G 16278G 16294G 16309T
NeBudumaVC005,H70,16223G 16278G 16294G 16309T
TdKanembouVC015,H70,16223G 16278G 16294G 16309T
TdKanembouVC016,H70,16223G 16278G 16294G 16309T
CmBulahayVC011,H70,16223G 16278G 16294G 16309T
CmBulahayVC012,H70,16223G 16278G 16294G 16309T
CmHideVC013,H70,16223G 16278G 16294G 16309T
NgKanuriVC008,H71,16278G 16292G 16294G 16309T
TdKanembouVC017,H72,16093A 16209A 16223G 16278G 16294G
TdKanembouVC018,H72,16093A 16209A 16223G 16278G 16294G
CmMafaVC010,H73,16129C 16223G 16278G 16294G 16309T
CmMafaVC011,H73,16129C 16223G 16278G 16294G 16309T
CmMafaVC012,H73,16129C 16223G 16278G 16294G 16309T
CmMasaVC010,H74,16145C 16213C 16223G 16278G 16294G
CmKotokoVC013,H75,16181T 16223G 16278G 16294G 16309T
CmKotokoVC014,H75,16181T 16223G 16278G 16294G 16309T
CmKotokoVC015,H75,16181T 16223G 16278G 16294G 16309T
CmKotokoVC016,H75,16181T 16223G 16278G 16294G 16309T
CmKotokoVC017,H75,16181T 16223G 16278G 16294G 16309T
BfFulaniBanforaVC022,H76,16189A 16223G 16278G 16294G 16309T
NeFulaniAderVC015,H76,16189A 16223G 16278G 16294G 16309T
NgKanuriVC009,H76,16189A 16223G 16278G 16294G 16309T
CmBulahayVC013,H76,16189A 16223G 16278G 16294G 16309T
CmFaliVC011,H76,16189A 16223G 16278G 16294G 16309T
CmKotokoVC018,H77,16223G 16234G 16278G 16294G 16309T
NeFulaniZinderVC016,H78,16223G 16278G 16284T 16294G 16309T
NeFulaniZinderVC017,H78,16223G 16278G 16284T 16294G 16309T
CmBulahayVC014,H79,16223G 16278G 16286G 16294G 16309T
CmHideVC014,H79,16223G 16278G 16286G 16294G 16309T
CmHideVC015,H79,16223G 16278G 16286G 16294G 16309T
BfFulaniBanforaVC023,H80,16086A 16223G 16278G 16286G 16294G 16309T
NeFulaniZinderVC018,H81,16092A 16223G 16278G 16286G 16294G 16309T
MlFulaniDiafarabeVC021,H82,16189A 16192G 16223G 16278G 16294G 16309T
NeFulaniZinderVC019,H82,16189A 16192G 16223G 16278G 16294G 16309T
TdFulaniBongorVC018,H82,16189A 16192G 16223G 16278G 16294G 16309T
MlSonghaiVC012,H82,16189A 16192G 16223G 16278G 16294G 16309T
MlSonghaiVC013,H82,16189A 16192G 16223G 16278G 16294G 16309T
NeBudumaVC006,H82,16189A 16192G 16223G 16278G 16294G 16309T
NeBudumaVC007,H82,16189A 16192G 16223G 16278G 16294G 16309T
NgKanuriVC010,H82,16189A 16192G 16223G 16278G 16294G 16309T
NgKanuriVC011,H82,16189A 16192G 16223G 16278G 16294G 16309T
NgKanuriVC012,H82,16189A 16192G 16223G 16278G 16294G 16309T
CmKotokoVC019,H82,16189A 16192G 16223G 16278G 16294G 16309T
NeBudumaVC008,H83,16189A 16193G 16223G 16278G 16294G 16309T
NeBudumaVC009,H84,16213C 16223G 16278G 16291G 16294G 16309T
MlFulaniDiafarabeVC022,H85,16111G 16189A 16223G 16278G 16292G 16294G 16309T
CmHideVC016,H86,16126A 16189A 16192G 16223G 16278G 16294G 16309T
TdKanembouVC019,H87,16183C 16189A 16223G 16278G 16291G 16294G 16309T
TdKanembouVC020,H87,16183C 16189A 16223G 16278G 16291G 16294G 16309T
TdKanembouVC021,H87,16183C 16189A 16223G 16278G 16291G 16294G 16309T
CmBulahayVC015,H88,16184G 16189A 16192G 16223G 16278G 16294G 16309T
CmMafaVC013,H89,16185G 16189A 16193G 16223G 16278G 16294G 16309T
TdKanembouVC022,H90,16187G 16189A 16192G 16223G 16278G 16294G 16309T
TdKanembouVC023,H91,16189A 16192G 16221G 16223G 16278G 16294G 16309T
MlFulaniDiafarabeVC023,H92,16193G 16213C 16223G 16239G 16278G 16294G 16309T
MlFulaniDiafarabeVC024,H93,16093A 16173G 16189A 16192G 16223G 16278G 16294G 16309T
MlFulaniDiafarabeVC025,H94,16093A 16189A 16192G 16223G 16278G 16294G 16309T 16357A
BfFulaniTindangouVC018,H95,16182C 16183C 16189A 16223G 16278G 16290G 16294G 16309T
NeFulaniZinderVC020,H96,16189A 16192G 16223G 16245G 16278G 16292G 16294G 16309T
TdKanembouVC024,H97,16113C 16223G 16278G 16294G 16309T
TdKanembouVC025,H98,16126A 16183C 16189A 16223G 16278G 16292G 16294G 16309T
MlSonghaiVC014,H99,16150G 16183C 16189A 16223G 16278G 16294G 16309T
CmFaliVC012,H100,16174G 16183C 16189A 16223G 16278G 16294G 16309T 16365G
MlSonghaiVC015,H101,16183C 16189A 16192G 16223G 16278G 16294G 16309T
CmFaliVC013,H102,16183C 16189A 16213C 16223G 16278G 16294G 16309T
CmKotokoVC020,H103,16183C 16189A 16223G 16245G 16278G 16294G 16309T 16358G
TdKanembouVC026,H104,16209A 16223G 16278G 16294G 16301G 16354G
CmKotokoVC021,H104,16209A 16223G 16278G 16294G 16301G 16354G
CmKotokoVC022,H104,16209A 16223G 16278G 16294G 16301G 16354G
NgKanuriVC013,H105,16093A 16209A 16223G 16278G 16294G 16301G 16354G
TdKanembouVC027,H106,16175T 16209A 16223G 16278G 16294G 16301G 16354G
CmKotokoVC023,H107,16189A 16209A 16223G 16278G 16294G 16301G 16354G
CmFaliVC014,H108,16209A 16223G 16278G 16294G 16301G 16311A 16354G
TdKanembouVC028,H109,16189A 16209A 16223G 16271A 16278G 16294G 16301G 16354G
TdKanembouVC029,H109,16189A 16209A 16223G 16271A 16278G 16294G 16301G 16354G
CmBulahayVC016,H110,16189A 16223G 16229A 16278G 16291G 16294G 16311A
CmBulahayVC017,H110,16189A 16223G 16229A 16278G 16291G 16294G 16311A
CmBulahayVC018,H110,16189A 16223G 16229A 16278G 16291G 16294G 16311A
CmMasaVC011,H110,16189A 16223G 16229A 16278G 16291G 16294G 16311A
CmBulahayVC019,H111,16067G 16189A 16223G 16229A 16278G 16291G 16294G 16311A
CmKotokoVC024,H111,16067G 16189A 16223G 16229A 16278G 16291G 16294G 16311A
CmKotokoVC025,H111,16067G 16189A 16223G 16229A 16278G 16291G 16294G 16311A
TdKanembouVC030,H112,16188G 16189A 16223G 16229A 16278G 16291G 16294G 16311A
MlFulaniDiafarabeVC026,H113,16189A 16223G 16229A 16234G 16278G 16291G 16294G 16311A
TdFulaniBongorVC019,H114,16136A 16183C 16189A 16223G 16229A 16270G 16278G 16291G 16294G 16311A
NeFulaniDiffaVC010,H115,16067G 16183C 16189A 16223G 16229A 16278G 16291G 16294G 16311A
CmMasaVC012,H115,16067G 16183C 16189A 16223G 16229A 16278G 16291G 16294G 16311A
CmMasaVC013,H115,16067G 16183C 16189A 16223G 16229A 16278G 16291G 16294G 16311A
CmFaliVC015,H116,16182C 16183C 16189A 16223G 16229A 16278G 16291G 16294G 16311A 16320G 16364G
CmHideVC017,H117,16183C 16189A 16223G 16229A 16278G 16291G 16294G 16311A
CmFaliVC016,H118,16183C 16189A 16223G 16229A 16278G 16291G 16294G 16311A 16365G
BfFulaniBanforaVC024,H119,16223G 16278G 16355G
BfFulaniTindangouVC019,H119,16223G 16278G 16355G
BfFulaniTindangouVC020,H119,16223G 16278G 16355G
CmMafaVC014,H120,16071A 16114A 16129C 16213C 16223G 16278G
BfFulaniBanforaVC025,H121,16075A 16114A 16129C 16213C 16223G 16278G
BfFulaniTindangouVC021,H121,16075A 16114A 16129C 16213C 16223G 16278G
BfFulaniTindangouVC022,H121,16075A 16114A 16129C 16213C 16223G 16278G
TdFulaniLiniaVC011,H122,16086G 16114A 16129C 16213C 16223G 16278G 16294G 16355G 16362A
CmMafaVC015,H123,16114A 16129C 16172A 16213C 16223G 16278G
CmMafaVC016,H123,16114A 16129C 16172A 16213C 16223G 16278G
TdKanembouVC031,H124,16114A 16129C 16189A 16213C 16218G 16223G 16278G
NeBudumaVC010,H125,16114A 16129C 16213C 16218G 16223G 16274C 16278G
NgKanuriVC014,H126,16114A 16129C 16213C 16223G 16274C 16278G
CmHideVC018,H126,16114A 16129C 16213C 16223G 16274C 16278G
CmHideVC019,H126,16114A 16129C 16213C 16223G 16274C 16278G
CmMafaVC017,H126,16114A 16129C 16213C 16223G 16274C 16278G
CmMafaVC018,H126,16114A 16129C 16213C 16223G 16274C 16278G
CmBulahayVC020,H127,16114A 16129C 16213C 16223G 16278G
CmBulahayVC021,H127,16114A 16129C 16213C 16223G 16278G
BfFulaniBanforaVC026,H128,16114A 16129C 16213C 16223G 16278G 16294G 16355G 16362A
BfFulaniBanforaVC027,H128,16114A 16129C 16213C 16223G 16278G 16294G 16355G 16362A
BfFulaniBanforaVC028,H128,16114A 16129C 16213C 16223G 16278G 16294G 16355G 16362A
BfFulaniBanforaVC029,H128,16114A 16129C 16213C 16223G 16278G 16294G 16355G 16362A
BfFulaniTindangouVC023,H128,16114A 16129C 16213C 16223G 16278G 16294G 16355G 16362A
NeFulaniAbalaVC011,H128,16114A 16129C 16213C 16223G 16278G 16294G 16355G 16362A
NeFulaniAbalaVC012,H128,16114A 16129C 16213C 16223G 16278G 16294G 16355G 16362A
NeFulaniAderVC016,H128,16114A 16129C 16213C 16223G 16278G 16294G 16355G 16362A
NeFulaniAderVC017,H128,16114A 16129C 16213C 16223G 16278G 16294G 16355G 16362A
NeFulaniAderVC018,H128,16114A 16129C 16213C 16223G 16278G 16294G 16355G 16362A
NeFulaniDiffaVC011,H128,16114A 16129C 16213C 16223G 16278G 16294G 16355G 16362A
NeFulaniZinderVC021,H128,16114A 16129C 16213C 16223G 16278G 16294G 16355G 16362A
CmFulaniTchebouaVC014,H128,16114A 16129C 16213C 16223G 16278G 16294G 16355G 16362A
CmFulaniTchebouaVC015,H128,16114A 16129C 16213C 16223G 16278G 16294G 16355G 16362A
CmFulaniTchebouaVC016,H128,16114A 16129C 16213C 16223G 16278G 16294G 16355G 16362A
TdFulaniBongorVC020,H128,16114A 16129C 16213C 16223G 16278G 16294G 16355G 16362A
TdFulaniBongorVC021,H128,16114A 16129C 16213C 16223G 16278G 16294G 16355G 16362A
TdFulaniLiniaVC012,H128,16114A 16129C 16213C 16223G 16278G 16294G 16355G 16362A
NgKanuriVC015,H129,16114A 16129C 16213C 16223G 16278G 16354G
MlSonghaiVC016,H130,16114A 16129C 16213C 16223G 16278G 16355G 16356A 16362A
MlSonghaiVC017,H131,16114A 16129C 16213C 16223G 16278G 16355G 16362A
BfFulaniBanforaVC030,H132,16114A 16129C 16213C 16223G 16278G 16355G 16362A 16368A
CmMafaVC019,H132,16114A 16129C 16213C 16223G 16278G 16355G 16362A 16368A
NgKanuriVC016,H133,16114A 16129C 16213C 16223G 16278G 16362A
CmMasaVC014,H133,16114A 16129C 16213C 16223G 16278G 16362A
CmBulahayVC022,H134,16114A 16145C 16213C 16219T 16223G 16278G
CmBulahayVC023,H134,16114A 16145C 16213C 16219T 16223G 16278G
CmKotokoVC026,H135,16114A 16213C 16223G 16255C 16274C 16278G 16287G 16362A
NeFulaniBalatungurVC010,H136,16114A 16213C 16223G 16278G 16294G 16355G 16362A
NeFulaniDiffaVC012,H137,16114A 16213C 16223G 16278G 16362A
TdFulaniBongorVC022,H137,16114A 16213C 16223G 16278G 16362A
TdKanembouVC032,H137,16114A 16213C 16223G 16278G 16362A
CmBulahayVC024,H137,16114A 16213C 16223G 16278G 16362A
NeFulaniDiffaVC013,H138,16111A 16145C 16155T 16184G 16223G 16239G 16278G 16292G 16355G
CmFaliVC017,H139,16111A 16145C 16184G 16189A 16223G 16239G 16278G 16290G 16292G 16355G
CmHideVC020,H139,16111A 16145C 16184G 16189A 16223G 16239G 16278G 16290G 16292G 16355G
BfFulaniTindangouVC024,H140,16111A 16145C 16184G 16223G 16239G 16278G 16292G 16355G
BfFulaniTindangouVC025,H140,16111A 16145C 16184G 16223G 16239G 16278G 16292G 16355G
BfFulaniTindangouVC026,H140,16111A 16145C 16184G 16223G 16239G 16278G 16292G 16355G
NeFulaniAderVC019,H140,16111A 16145C 16184G 16223G 16239G 16278G 16292G 16355G
CmFulaniTchebouaVC017,H140,16111A 16145C 16184G 16223G 16239G 16278G 16292G 16355G
TdFulaniLiniaVC013,H140,16111A 16145C 16184G 16223G 16239G 16278G 16292G 16355G
CmMafaVC020,H140,16111A 16145C 16184G 16223G 16239G 16278G 16292G 16355G
NeBudumaVC011,H141,16111A 16145C 16223G 16239G 16278G 16292G 16355G
NeBudumaVC012,H141,16111A 16145C 16223G 16239G 16278G 16292G 16355G
NeBudumaVC013,H141,16111A 16145C 16223G 16239G 16278G 16292G 16355G
NeBudumaVC014,H141,16111A 16145C 16223G 16239G 16278G 16292G 16355G
NeBudumaVC015,H141,16111A 16145C 16223G 16239G 16278G 16292G 16355G
CmMafaVC021,H142,16223G
TdKanembouVC033,H143,16223G 16355G
CmMafaVC022,H144,16124A 16223G 16278G
CmMasaVC015,H144,16124A 16223G 16278G
CmHideVC021,H145,16124A 16223G 16278G 16291G
MlFulaniDiafarabeVC027,H146,16124A 16223G 16278G 16362A
MlFulaniDiafarabeVC028,H146,16124A 16223G 16278G 16362A
MlFulaniDiafarabeVC029,H146,16124A 16223G 16278G 16362A
MlFulaniDiafarabeVC030,H146,16124A 16223G 16278G 16362A
MlFulaniDiafarabeVC031,H146,16124A 16223G 16278G 16362A
MlFulaniDiafarabeVC032,H146,16124A 16223G 16278G 16362A
BfFulaniBanforaVC031,H146,16124A 16223G 16278G 16362A
BfFulaniBanforaVC032,H146,16124A 16223G 16278G 16362A
BfFulaniBanforaVC033,H146,16124A 16223G 16278G 16362A
BfFulaniBanforaVC034,H146,16124A 16223G 16278G 16362A
BfFulaniBanforaVC035,H146,16124A 16223G 16278G 16362A
BfFulaniBanforaVC036,H146,16124A 16223G 16278G 16362A
BfFulaniBanforaVC037,H146,16124A 16223G 16278G 16362A
BfFulaniTindangouVC027,H146,16124A 16223G 16278G 16362A
BfFulaniTindangouVC028,H146,16124A 16223G 16278G 16362A
NeFulaniAbalaVC013,H146,16124A 16223G 16278G 16362A
NeFulaniAderVC020,H146,16124A 16223G 16278G 16362A
NeFulaniAderVC021,H146,16124A 16223G 16278G 16362A
NeFulaniAderVC022,H146,16124A 16223G 16278G 16362A
NeFulaniAderVC023,H146,16124A 16223G 16278G 16362A
NeFulaniAderVC024,H146,16124A 16223G 16278G 16362A
NeFulaniAderVC025,H146,16124A 16223G 16278G 16362A
NeFulaniAderVC026,H146,16124A 16223G 16278G 16362A
NeFulaniAderVC027,H146,16124A 16223G 16278G 16362A
NeFulaniBalatungurVC011,H146,16124A 16223G 16278G 16362A
NeFulaniBalatungurVC012,H146,16124A 16223G 16278G 16362A
NeFulaniBalatungurVC013,H146,16124A 16223G 16278G 16362A
NeFulaniBalatungurVC014,H146,16124A 16223G 16278G 16362A
NeFulaniDiffaVC014,H146,16124A 16223G 16278G 16362A
NeFulaniDiffaVC015,H146,16124A 16223G 16278G 16362A
NeFulaniZinderVC022,H146,16124A 16223G 16278G 16362A
NeFulaniZinderVC023,H146,16124A 16223G 16278G 16362A
CmFulaniTchebouaVC018,H146,16124A 16223G 16278G 16362A
CmFulaniTchebouaVC019,H146,16124A 16223G 16278G 16362A
CmFulaniTchebouaVC020,H146,16124A 16223G 16278G 16362A
CmFulaniTchebouaVC021,H146,16124A 16223G 16278G 16362A
CmFulaniTchebouaVC022,H146,16124A 16223G 16278G 16362A
CmFulaniTchebouaVC023,H146,16124A 16223G 16278G 16362A
TdFulaniLiniaVC014,H146,16124A 16223G 16278G 16362A
TdFulaniLiniaVC015,H146,16124A 16223G 16278G 16362A
TdFulaniLiniaVC016,H146,16124A 16223G 16278G 16362A
TdFulaniLiniaVC017,H146,16124A 16223G 16278G 16362A
MlSonghaiVC018,H146,16124A 16223G 16278G 16362A
MlSonghaiVC019,H146,16124A 16223G 16278G 16362A
NgKanuriVC017,H146,16124A 16223G 16278G 16362A
NgKanuriVC018,H146,16124A 16223G 16278G 16362A
TdKanembouVC034,H146,16124A 16223G 16278G 16362A
TdKanembouVC035,H146,16124A 16223G 16278G 16362A
CmBulahayVC025,H146,16124A 16223G 16278G 16362A
CmFaliVC018,H146,16124A 16223G 16278G 16362A
CmFaliVC019,H146,16124A 16223G 16278G 16362A
CmFaliVC020,H146,16124A 16223G 16278G 16362A
CmMafaVC023,H146,16124A 16223G 16278G 16362A
CmMasaVC016,H146,16124A 16223G 16278G 16362A
BfFulaniTindangouVC029,H147,16048C 16124A 16223G 16278G 16362A
CmFulaniTchebouaVC024,H148,16124A 16189A 16223G 16278G 16362A
TdFulaniLiniaVC018,H148,16124A 16189A 16223G 16278G 16362A
NgKanuriVC019,H149,16124A 16223G 16278G 16292G 16362A
NeBudumaVC016,H150,16124A 16223G 16278G 16311A 16362A
NgKanuriVC020,H150,16124A 16223G 16278G 16311A 16362A
CmKotokoVC027,H150,16124A 16223G 16278G 16311A 16362A
CmKotokoVC028,H150,16124A 16223G 16278G 16311A 16362A
CmMasaVC017,H150,16124A 16223G 16278G 16311A 16362A
CmMasaVC018,H150,16124A 16223G 16278G 16311A 16362A
NeFulaniAderVC028,H151,16086A 16124A 16223G 16278G 16311A 16362A
TdFulaniBongorVC023,H151,16086A 16124A 16223G 16278G 16311A 16362A
NgKanuriVC021,H152,16093A 16124A 16223G 16278G 16311A 16362A
CmMafaVC024,H152,16093A 16124A 16223G 16278G 16311A 16362A
TdKanembouVC036,H153,16124A 16169G 16223G 16278G 16311A 16362A
CmMafaVC025,H154,16124A 16189A 16223G 16266G 16278G 16362A
CmMasaVC019,H155,16124A 16182C 16183C 16189A 16223G 16278G 16311A 16362A
MlSonghaiVC020,H156,16124A 16182C 16183C 16189A 16223G 16278G 16362A
NgKanuriVC022,H157,16124A 16183C 16189A 16223G 16278G 16362A
BfFulaniBanforaVC038,H158,16124A 16223G 16278G 16318T
TdFulaniBongorVC024,H159,16192G 16223G 16278G
MlFulaniDiafarabeVC033,H160,16214G 16223G 16278G
NeFulaniZinderVC024,H161,16223G 16261G 16278G
MlFulaniDiafarabeVC034,H162,16223G 16278G 16362A
NeFulaniAderVC029,H162,16223G 16278G 16362A
NeFulaniAderVC030,H162,16223G 16278G 16362A
NeFulaniAderVC031,H162,16223G 16278G 16362A
NeFulaniAderVC032,H162,16223G 16278G 16362A
NeFulaniDiffaVC016,H162,16223G 16278G 16362A
NeFulaniDiffaVC017,H162,16223G 16278G 16362A
NeFulaniZinderVC025,H162,16223G 16278G 16362A
MlFulaniDiafarabeVC035,H163,16051T 16223G 16278G 16362A
MlFulaniDiafarabeVC036,H163,16051T 16223G 16278G 16362A
CmMafaVC026,H163,16051T 16223G 16278G 16362A
CmMafaVC027,H163,16051T 16223G 16278G 16362A
CmMafaVC028,H163,16051T 16223G 16278G 16362A
MlFulaniDiafarabeVC037,H164,16093A 16223G 16278G 16362A
BfFulaniBanforaVC039,H164,16093A 16223G 16278G 16362A
BfFulaniBanforaVC040,H164,16093A 16223G 16278G 16362A
BfFulaniBanforaVC041,H164,16093A 16223G 16278G 16362A
BfFulaniBanforaVC042,H164,16093A 16223G 16278G 16362A
BfFulaniTindangouVC030,H164,16093A 16223G 16278G 16362A
BfFulaniTindangouVC031,H164,16093A 16223G 16278G 16362A
BfFulaniTindangouVC032,H164,16093A 16223G 16278G 16362A
BfFulaniTindangouVC033,H164,16093A 16223G 16278G 16362A
BfFulaniTindangouVC034,H164,16093A 16223G 16278G 16362A
BfFulaniTindangouVC035,H164,16093A 16223G 16278G 16362A
BfFulaniTindangouVC036,H164,16093A 16223G 16278G 16362A
BfFulaniTindangouVC037,H164,16093A 16223G 16278G 16362A
BfFulaniTindangouVC038,H164,16093A 16223G 16278G 16362A
BfFulaniTindangouVC039,H164,16093A 16223G 16278G 16362A
BfFulaniTindangouVC040,H164,16093A 16223G 16278G 16362A
BfFulaniTindangouVC041,H164,16093A 16223G 16278G 16362A
NeFulaniAbalaVC014,H164,16093A 16223G 16278G 16362A
NeFulaniAbalaVC015,H164,16093A 16223G 16278G 16362A
NeFulaniAbalaVC016,H164,16093A 16223G 16278G 16362A
NeFulaniAbalaVC017,H164,16093A 16223G 16278G 16362A
NeFulaniAbalaVC018,H164,16093A 16223G 16278G 16362A
NeFulaniAderVC033,H164,16093A 16223G 16278G 16362A
NeFulaniAderVC034,H164,16093A 16223G 16278G 16362A
NeFulaniAderVC035,H164,16093A 16223G 16278G 16362A
NeFulaniAderVC036,H164,16093A 16223G 16278G 16362A
NeFulaniAderVC037,H164,16093A 16223G 16278G 16362A
NeFulaniAderVC038,H164,16093A 16223G 16278G 16362A
NeFulaniAderVC039,H164,16093A 16223G 16278G 16362A
NeFulaniAderVC040,H164,16093A 16223G 16278G 16362A
NeFulaniAderVC041,H164,16093A 16223G 16278G 16362A
NeFulaniBalatungurVC015,H164,16093A 16223G 16278G 16362A
NeFulaniBalatungurVC016,H164,16093A 16223G 16278G 16362A
NeFulaniBalatungurVC017,H164,16093A 16223G 16278G 16362A
NeFulaniDiffaVC018,H164,16093A 16223G 16278G 16362A
NeFulaniDiffaVC019,H164,16093A 16223G 16278G 16362A
NeFulaniZinderVC026,H164,16093A 16223G 16278G 16362A
NeFulaniZinderVC027,H164,16093A 16223G 16278G 16362A
CmFulaniTchebouaVC025,H164,16093A 16223G 16278G 16362A
CmFulaniTchebouaVC026,H164,16093A 16223G 16278G 16362A
CmFulaniTchebouaVC027,H164,16093A 16223G 16278G 16362A
CmFulaniTchebouaVC028,H164,16093A 16223G 16278G 16362A
TdFulaniBongorVC025,H164,16093A 16223G 16278G 16362A
TdFulaniBongorVC026,H164,16093A 16223G 16278G 16362A
TdFulaniBongorVC027,H164,16093A 16223G 16278G 16362A
TdFulaniBongorVC028,H164,16093A 16223G 16278G 16362A
TdFulaniBongorVC029,H164,16093A 16223G 16278G 16362A
TdFulaniBongorVC030,H164,16093A 16223G 16278G 16362A
TdFulaniBongorVC031,H164,16093A 16223G 16278G 16362A
TdFulaniBongorVC032,H164,16093A 16223G 16278G 16362A
TdFulaniBongorVC033,H164,16093A 16223G 16278G 16362A
TdFulaniBongorVC034,H164,16093A 16223G 16278G 16362A
TdFulaniBongorVC035,H164,16093A 16223G 16278G 16362A
TdFulaniLiniaVC019,H164,16093A 16223G 16278G 16362A
TdFulaniBongorVC036,H165,16189A 16223G 16278G 16362A
CmFulaniTchebouaVC029,H166,16192G 16223G 16278G 16311A
BfFulaniTindangouVC042,H167,16223G 16278G 16311A 16318T
CmMafaVC029,H168,16051T 16223G 16271A 16278G 16362A
CmMafaVC030,H169,16051T 16223G 16278G 16356A 16362A
NeFulaniDiffaVC020,H170,16093A 16129C 16223G 16278G 16362A
NeFulaniDiffaVC021,H170,16093A 16129C 16223G 16278G 16362A
NeFulaniBalatungurVC018,H171,16093A 16189A 16223G 16278G 16362A
MlFulaniDiafarabeVC038,H172,16093A 16223G 16278G 16311A 16362A
CmFulaniTchebouaVC030,H172,16093A 16223G 16278G 16311A 16362A
TdFulaniLiniaVC020,H173,16093A 16223G 16278G 16333T 16362A
BfFulaniBanforaVC043,H174,16093A 16223G 16278G 16355G 16362A
TdFulaniBongorVC037,H175,16189A 16223G 16278G 16358G 16362A
MlFulaniDiafarabeVC039,H176,16082G 16223G 16264G 16278G 16343T 16362A
CmBulahayVC026,H177,16183C 16189A 16223G 16278G 16362A
TdFulaniLiniaVC021,H178,16124A 16223G
MlSonghaiVC021,H178,16124A 16223G
CmBulahayVC027,H178,16124A 16223G
CmHideVC022,H178,16124A 16223G
NgKanuriVC023,H179,16124A 16223G 16311A
MlFulaniDiafarabeVC040,H180,16124A 16213C
NgKanuriVC024,H181,16111G 16124A 16223G
TdKanembouVC037,H181,16111G 16124A 16223G
CmHideVC023,H182,16124A 16223G 16264G
TdFulaniBongorVC038,H183,16124A 16223G 16327G
NeFulaniZinderVC028,H184,16051T 16124A 16223G 16304A
NeFulaniZinderVC029,H184,16051T 16124A 16223G 16304A
NgKanuriVC025,H185,16086A 16111G 16124A 16223G
NeFulaniZinderVC030,H186,16124A 16153C 16223G 16291G
NgKanuriVC026,H187,16124A 16223G 16254T 16288A
BfFulaniTindangouVC043,H188,16124A 16223G 16256G 16294G
NgKanuriVC027,H189,16068A 16124A 16183C 16189A 16223G 16362A
CmMasaVC020,H190,16124A 16183C 16189A 16223G
CmHideVC024,H191,16124A 16223G 16240T 16362A
CmHideVC025,H191,16124A 16223G 16240T 16362A
CmMasaVC021,H191,16124A 16223G 16240T 16362A
CmMafaVC031,H192,16124A 16213C 16223G 16319C
MlFulaniDiafarabeVC041,H193,16124A 16223G 16319C 16362A
BfFulaniBanforaVC044,H193,16124A 16223G 16319C 16362A
BfFulaniBanforaVC045,H193,16124A 16223G 16319C 16362A
BfFulaniTindangouVC044,H193,16124A 16223G 16319C 16362A
NeFulaniAderVC042,H193,16124A 16223G 16319C 16362A
NeFulaniAderVC043,H193,16124A 16223G 16319C 16362A
NeFulaniAderVC044,H193,16124A 16223G 16319C 16362A
NeFulaniAderVC045,H193,16124A 16223G 16319C 16362A
NeFulaniAderVC046,H193,16124A 16223G 16319C 16362A
NeFulaniBalatungurVC019,H193,16124A 16223G 16319C 16362A
CmFulaniTchebouaVC031,H193,16124A 16223G 16319C 16362A
CmFulaniTchebouaVC032,H193,16124A 16223G 16319C 16362A
TdFulaniBongorVC039,H193,16124A 16223G 16319C 16362A
TdFulaniBongorVC040,H193,16124A 16223G 16319C 16362A
TdFulaniBongorVC041,H193,16124A 16223G 16319C 16362A
MlSonghaiVC022,H193,16124A 16223G 16319C 16362A
NgKanuriVC028,H193,16124A 16223G 16319C 16362A
NeFulaniDiffaVC022,H194,16124A 16223G 16263A 16300T 16319C
NeFulaniAderVC047,H195,16124A 16223G 16293T 16319C 16362A
CmFaliVC021,H196,16124A 16150G 16168G 16185G 16223G 16319C
CmFaliVC022,H196,16124A 16150G 16168G 16185G 16223G 16319C
NeFulaniAbalaVC019,H197,16124A 16166T 16223G
NeFulaniAbalaVC020,H197,16124A 16166T 16223G
NeFulaniAbalaVC021,H197,16124A 16166T 16223G
NgKanuriVC029,H197,16124A 16166T 16223G
NgKanuriVC030,H197,16124A 16166T 16223G
CmBulahayVC028,H197,16124A 16166T 16223G
CmHideVC026,H197,16124A 16166T 16223G
CmHideVC027,H197,16124A 16166T 16223G
CmMafaVC032,H197,16124A 16166T 16223G
CmMafaVC033,H197,16124A 16166T 16223G
MlFulaniDiafarabeVC042,H198,16124A 16223G 16256G 16368A
NgKanuriVC031,H198,16124A 16223G 16256G 16368A
CmMafaVC034,H199,16086A 16124A 16223G 16256G 16368A
CmMafaVC035,H199,16086A 16124A 16223G 16256G 16368A
CmMafaVC036,H199,16086A 16124A 16223G 16256G 16368A
CmMafaVC037,H199,16086A 16124A 16223G 16256G 16368A
CmBulahayVC029,H200,16223G 16327G
CmBulahayVC030,H200,16223G 16327G
CmBulahayVC031,H200,16223G 16327G
CmHideVC028,H200,16223G 16327G
CmKotokoVC029,H200,16223G 16327G
CmMafaVC038,H200,16223G 16327G
CmMafaVC039,H200,16223G 16327G
NeFulaniDiffaVC023,H201,16086A 16223G 16327G
TdFulaniBongorVC042,H202,16187G 16223G 16327G
TdKanembouVC038,H203,16189A 16223G 16291G 16327G 16358G
NeFulaniDiffaVC024,H204,16037T 16111G 16167G 16223G 16327G
NeFulaniDiffaVC025,H204,16037T 16111G 16167G 16223G 16327G
NeFulaniDiffaVC026,H204,16037T 16111G 16167G 16223G 16327G
NeFulaniAbalaVC022,H205,16093A 16172A 16186G 16223G 16327G
CmKotokoVC030,H206,16192G 16223G 16256G 16325d 16327G
NgKanuriVC032,H207,16223G 16256G 16325d 16327G
NeFulaniZinderVC031,H208,16176G 16223G 16266G 16327G
NeFulaniDiffaVC027,H209,16223G 16320G
NgKanuriVC033,H209,16223G 16320G
CmBulahayVC032,H209,16223G 16320G
CmKotokoVC031,H209,16223G 16320G
CmMasaVC022,H209,16223G 16320G
TdFulaniBongorVC043,H210,16223G 16311A 16320G
CmFaliVC023,H210,16223G 16311A 16320G
CmFaliVC024,H210,16223G 16311A 16320G
CmFaliVC025,H210,16223G 16311A 16320G
CmFaliVC026,H210,16223G 16311A 16320G
CmFaliVC027,H210,16223G 16311A 16320G
CmFaliVC028,H210,16223G 16311A 16320G
CmFaliVC029,H210,16223G 16311A 16320G
CmFaliVC030,H210,16223G 16311A 16320G
CmFaliVC031,H210,16223G 16311A 16320G
CmMasaVC023,H210,16223G 16311A 16320G
CmMasaVC024,H210,16223G 16311A 16320G
MlSonghaiVC023,H211,16172A 16189A 16223G 16311A 16320G
CmFulaniTchebouaVC033,H212,16150G 16172A 16189A 16223G 16224A 16320G
CmFulaniTchebouaVC034,H212,16150G 16172A 16189A 16223G 16224A 16320G
TdFulaniBongorVC044,H213,16172A 16183C 16189A 16223G 16284T 16320G
MlFulaniDiafarabeVC043,H214,16172A 16189A 16223G 16239G 16302T 16320G
TdFulaniBongorVC045,H215,16172A 16183C 16189A 16223G 16311A 16320G 16358G
CmFulaniTchebouaVC035,H216,16172A 16183C 16189A 16209A 16223G 16234G 16311A 16319C 16320G
CmMasaVC025,H217,16150G 16172A 16183C 16189A 16223G 16320G
CmMafaVC040,H218,16172A 16183C 16189A 16209A 16223G 16263A 16320G
CmMafaVC041,H218,16172A 16183C 16189A 16209A 16223G 16263A 16320G
NeBudumaVC017,H219,16172A 16183C 16189A 16223G 16249A 16250G 16320G
MlFulaniDiafarabeVC044,H220,16172A 16183C 16189A 16223G 16259G 16320G
MlFulaniDiafarabeVC045,H220,16172A 16183C 16189A 16223G 16259G 16320G
NgKanuriVC034,H221,16172A 16183C 16189A 16223G 16311A 16320G
NeBudumaVC018,H222,16172A 16183C 16189A 16223G 16320G
NeFulaniDiffaVC028,H223,16172A 16183C 16189A 16223G 16320G
NeFulaniZinderVC032,H223,16172A 16183C 16189A 16223G 16320G
NeFulaniZinderVC033,H223,16172A 16183C 16189A 16223G 16320G
TdFulaniLiniaVC022,H223,16172A 16183C 16189A 16223G 16320G
NgKanuriVC035,H223,16172A 16183C 16189A 16223G 16320G
CmBulahayVC033,H223,16172A 16183C 16189A 16223G 16320G
CmBulahayVC034,H223,16172A 16183C 16189A 16223G 16320G
CmMafaVC042,H223,16172A 16183C 16189A 16223G 16320G
CmMafaVC043,H223,16172A 16183C 16189A 16223G 16320G
CmMafaVC044,H223,16172A 16183C 16189A 16223G 16320G
CmMafaVC045,H223,16172A 16183C 16189A 16223G 16320G
CmMafaVC046,H223,16172A 16183C 16189A 16223G 16320G
CmMasaVC026,H223,16172A 16183C 16189A 16223G 16320G
TdFulaniLiniaVC023,H224,16172A 16183C 16189A 16223G 16320G
NeFulaniDiffaVC029,H225,16172A 16183C 16189A 16223G 16320G 16362A
CmHideVC029,H225,16172A 16183C 16189A 16223G 16320G 16362A
CmKotokoVC032,H225,16172A 16183C 16189A 16223G 16320G 16362A
CmFaliVC032,H226,16172A 16183C 16189A 16223G 16320G 16364G
CmBulahayVC035,H227,16172A 16183C 16189A 16320G
NgKanuriVC036,H228,16172A 16183C 16223G 16320G
CmMafaVC047,H229,16093A 16223G 16265T
NgKanuriVC037,H230,16223G 16265T
NeFulaniDiffaVC030,H231,16041T 16223G
NeFulaniDiffaVC031,H231,16041T 16223G
TdFulaniBongorVC046,H231,16041T 16223G
NgKanuriVC038,H231,16041T 16223G
CmFaliVC033,H231,16041T 16223G
CmFaliVC034,H231,16041T 16223G
CmHideVC030,H231,16041T 16223G
CmKotokoVC033,H231,16041T 16223G
CmKotokoVC034,H231,16041T 16223G
CmKotokoVC035,H231,16041T 16223G
CmKotokoVC036,H231,16041T 16223G
CmKotokoVC037,H231,16041T 16223G
CmKotokoVC038,H231,16041T 16223G
CmKotokoVC039,H231,16041T 16223G
CmKotokoVC040,H231,16041T 16223G
CmKotokoVC041,H231,16041T 16223G
CmKotokoVC042,H231,16041T 16223G
CmKotokoVC043,H231,16041T 16223G
CmMasaVC027,H231,16041T 16223G
CmHideVC031,H232,16037T 16041T 16223G
CmHideVC032,H232,16037T 16041T 16223G
CmKotokoVC044,H232,16037T 16041T 16223G
CmKotokoVC045,H233,16041T 16067G 16223G
NgKanuriVC039,H234,16041T 16075A 16223G
CmFaliVC035,H235,16041T 16086A 16223G
CmFaliVC036,H235,16041T 16086A 16223G
CmFulaniTchebouaVC036,H236,16041T 16129C 16223G
CmMasaVC028,H237,16041T 16148G 16223G
NeFulaniBalatungurVC020,H238,16041T 16192G 16223G
CmKotokoVC046,H238,16041T 16192G 16223G
CmMasaVC029,H238,16041T 16192G 16223G
CmMasaVC030,H238,16041T 16192G 16223G
NgKanuriVC040,H239,16041T 16221G 16223G
CmHideVC033,H240,16041T 16223G 16254T
CmHideVC034,H240,16041T 16223G 16254T
CmHideVC035,H240,16041T 16223G 16254T
CmMafaVC048,H241,16041T 16223G 16261G
CmMafaVC049,H241,16041T 16223G 16261G
CmMafaVC050,H241,16041T 16223G 16261G
CmFaliVC037,H242,16041T 16223G 16291G
TdKanembouVC039,H243,16041T 16223G 16325A
TdKanembouVC040,H244,16041T 16223G 16343T
CmBulahayVC036,H245,16037T 16041T 16213C 16223G
NgKanuriVC041,H246,16041T 16093A 16192G 16223G
TdKanembouVC041,H247,16041T 16189A 16223G 16343T
CmMasaVC031,H248,16041T 16223G 16291G 16298A
NeBudumaVC019,H249,16209A 16223G
NeBudumaVC020,H249,16209A 16223G
NeBudumaVC021,H250,16086A 16209A 16223G
BfFulaniTindangouVC045,H251,16209A 16223G 16311A
CmBulahayVC037,H251,16209A 16223G 16311A
CmBulahayVC038,H251,16209A 16223G 16311A
CmKotokoVC047,H251,16209A 16223G 16311A
CmKotokoVC048,H251,16209A 16223G 16311A
CmKotokoVC049,H251,16209A 16223G 16311A
CmMasaVC032,H252,16053G 16188G 16209A 16223G
NgKanuriVC042,H253,16086A 16209A 16223G 16311A
TdKanembouVC042,H254,16093A 16209A 16223G 16301G 16311A
CmFulaniTchebouaVC037,H255,16183C 16189A 16209A 16223G 16311A
CmBulahayVC039,H256,16184G 16209A 16223G 16292G 16311A
CmKotokoVC050,H257,16188G 16209A 16215T 16223G 16234G
CmFaliVC038,H258,16126A 16209A 16219T 16223G 16255C 16327G
CmFaliVC039,H259,16129C 16209A 16223G 16292G 16295G 16311A
CmHideVC036,H260,16184G 16209A 16223G 16259G 16292G 16311A
MlFulaniDiafarabeVC046,H261,16209A 16223G 16292G 16311A
NgKanuriVC043,H261,16209A 16223G 16292G 16311A
NgKanuriVC044,H261,16209A 16223G 16292G 16311A
TdKanembouVC043,H261,16209A 16223G 16292G 16311A
TdKanembouVC044,H261,16209A 16223G 16292G 16311A
CmBulahayVC040,H261,16209A 16223G 16292G 16311A
CmBulahayVC041,H261,16209A 16223G 16292G 16311A
CmBulahayVC042,H261,16209A 16223G 16292G 16311A
CmBulahayVC043,H261,16209A 16223G 16292G 16311A
CmHideVC037,H261,16209A 16223G 16292G 16311A
CmKotokoVC051,H261,16209A 16223G 16292G 16311A
CmKotokoVC052,H261,16209A 16223G 16292G 16311A
CmKotokoVC053,H261,16209A 16223G 16292G 16311A
CmKotokoVC054,H261,16209A 16223G 16292G 16311A
CmKotokoVC055,H261,16209A 16223G 16292G 16311A
CmMafaVC051,H261,16209A 16223G 16292G 16311A
CmMasaVC033,H261,16209A 16223G 16292G 16311A
CmMasaVC034,H261,16209A 16223G 16292G 16311A
CmMasaVC035,H261,16209A 16223G 16292G 16311A
NgKanuriVC045,H262,16209A 16214G 16223G 16292G 16311A
TdKanembouVC045,H263,16209A 16223G 16255C 16292G 16311A
MlSonghaiVC024,H264,16209A 16223G 16292G 16295G 16311A
TdKanembouVC046,H265,16209A 16223G 16292G 16305T 16311A
NgKanuriVC046,H266,16209A 16223G 16266A 16292G 16311A
CmFulaniTchebouaVC038,H267,16176G 16209A 16223G
NgKanuriVC047,H268,16176G 16209A 16223G 16234G
NgKanuriVC048,H268,16176G 16209A 16223G 16234G
NgKanuriVC049,H268,16176G 16209A 16223G 16234G
CmBulahayVC044,H268,16176G 16209A 16223G 16234G
CmBulahayVC045,H268,16176G 16209A 16223G 16234G
CmBulahayVC046,H268,16176G 16209A 16223G 16234G
CmBulahayVC047,H268,16176G 16209A 16223G 16234G
CmBulahayVC048,H268,16176G 16209A 16223G 16234G
CmBulahayVC049,H268,16176G 16209A 16223G 16234G
CmBulahayVC050,H268,16176G 16209A 16223G 16234G
CmKotokoVC056,H268,16176G 16209A 16223G 16234G
CmKotokoVC057,H268,16176G 16209A 16223G 16234G
CmKotokoVC058,H268,16176G 16209A 16223G 16234G
CmMasaVC036,H268,16176G 16209A 16223G 16234G
CmMasaVC037,H268,16176G 16209A 16223G 16234G
CmKotokoVC059,H269,16139T 16176G 16209A 16223G 16234G
NeBudumaVC022,H270,16176G 16188G 16209A 16223G 16234G
NgKanuriVC050,H270,16176G 16188G 16209A 16223G 16234G
NgKanuriVC051,H270,16176G 16188G 16209A 16223G 16234G
NgKanuriVC052,H270,16176G 16188G 16209A 16223G 16234G
NgKanuriVC053,H270,16176G 16188G 16209A 16223G 16234G
CmKotokoVC060,H270,16176G 16188G 16209A 16223G 16234G
CmKotokoVC061,H270,16176G 16188G 16209A 16223G 16234G
CmKotokoVC062,H270,16176G 16188G 16209A 16223G 16234G
CmKotokoVC063,H271,16176G 16209A 16218G 16223G 16234G
NeBudumaVC023,H272,16176G 16209A 16223G 16234G 16284T
CmMasaVC038,H272,16176G 16209A 16223G 16234G 16284T
CmMasaVC039,H273,16176G 16209A 16223G 16234G 16292G
CmMafaVC052,H274,16176G 16209A 16223G 16234G 16294G
NeBudumaVC024,H275,16176G 16188G 16209A 16223G 16234G 16278G
CmMafaVC053,H276,16153C 16176G 16188G 16209A 16223G 16234G 16311A
CmKotokoVC064,H277,16179G 16192G 16215T 16223G 16235T 16256A 16284T 16311A
CmKotokoVC065,H277,16179G 16192G 16215T 16223G 16235T 16256A 16284T 16311A
CmKotokoVC066,H277,16179G 16192G 16215T 16223G 16235T 16256A 16284T 16311A
CmKotokoVC067,H277,16179G 16192G 16215T 16223G 16235T 16256A 16284T 16311A
NgKanuriVC054,H278,16179G 16192G 16215T 16223G 16256A 16284T 16311A
TdKanembouVC047,H279,16093A 16223G 16287A 16293T 16301G 16311A 16355G 16356A 16362A
TdKanembouVC048,H280,16093A 16223G 16293T 16301G 16311A 16355G 16356A 16362A
CmHideVC038,H281,16093G 16189A 16223G 16287A 16293T 16311A 16355G 16362A
CmHideVC039,H281,16093G 16189A 16223G 16287A 16293T 16311A 16355G 16362A
NeFulaniAderVC048,H282,16093G 16223G 16287A 16293T 16301G 16311A 16355G 16362A
NeBudumaVC025,H282,16093G 16223G 16287A 16293T 16301G 16311A 16355G 16362A
NgKanuriVC055,H283,16188G 16189A 16209A 16223G 16274C 16292G 16293T 16311A 16335T 16355G 16362A
TdKanembouVC049,H284,16111G 16129C 16148G 16166T 16187G 16189A 16223G 16254T 16278G 16355G 16360G
CmKotokoVC068,H285,16210T 16224A 16278G
NeBudumaVC026,H286,16129C 16183C 16189A 16223G 16249A 16311A
NeBudumaVC027,H287,16129C 16183C 16189A 16249A 16311A
NeBudumaVC028,H287,16129C 16183C 16189A 16249A 16311A
MlSonghaiVC025,H288,16129C 16183C 16189A 16278G 16300T 16354G
CmHideVC040,H289,16093A 16126A 16192G 16294G 16304A
CmHideVC041,H289,16093A 16126A 16192G 16294G 16304A
NeBudumaVC029,H290,16343T
NeFulaniBalatungurVC021,H291,16093A 16260G 16343T
TdFulaniBongorVC047,H292,16189A 16270G 16320G
BfFulaniBanforaVC046,H293,16189A 16192G 16270G 16320G
BfFulaniBanforaVC047,H293,16189A 16192G 16270G 16320G
NeFulaniAbalaVC023,H293,16189A 16192G 16270G 16320G
NeFulaniAbalaVC024,H293,16189A 16192G 16270G 16320G
NeFulaniDiffaVC032,H293,16189A 16192G 16270G 16320G
TdFulaniBongorVC048,H293,16189A 16192G 16270G 16320G
TdFulaniBongorVC049,H293,16189A 16192G 16270G 16320G
TdFulaniBongorVC050,H293,16189A 16192G 16270G 16320G
MlSonghaiVC026,H293,16189A 16192G 16270G 16320G
NeFulaniAbalaVC025,H294,16189A 16192G 16270G 16320G
MlSonghaiVC027,H295,16172A 16219T 16278G
NgKanuriVC056,H295,16172A 16219T 16278G
CmBulahayVC051,H295,16172A 16219T 16278G
BfFulaniBanforaVC048,H296,16172A 16183C 16189A 16219T 16278G
MlSonghaiVC028,H297,16172A 16183C 16189A 16219T 16278G
CmMafaVC054,H298,16172A 16219T 16311A
CmFulaniTchebouaVC039,H299,16298A
TdFulaniLiniaVC024,H299,16298A
NgKanuriVC057,H299,16298A
MlFulaniDiafarabeVC047,H300,16145C 16222G
MlFulaniDiafarabeVC048,H300,16145C 16222G
MlFulaniDiafarabeVC049,H300,16145C 16222G
BfFulaniBanforaVC049,H300,16145C 16222G
BfFulaniBanforaVC050,H300,16145C 16222G
BfFulaniTindangouVC046,H300,16145C 16222G
BfFulaniTindangouVC047,H300,16145C 16222G
BfFulaniTindangouVC048,H300,16145C 16222G
BfFulaniTindangouVC049,H300,16145C 16222G
BfFulaniTindangouVC050,H300,16145C 16222G
NeFulaniAbalaVC026,H300,16145C 16222G
NeFulaniAderVC049,H300,16145C 16222G
NeFulaniAderVC050,H300,16145C 16222G
NeFulaniZinderVC034,H300,16145C 16222G
TdFulaniLiniaVC025,H300,16145C 16222G
TdFulaniLiniaVC026,H300,16145C 16222G
MlSonghaiVC029,H300,16145C 16222G
MlSonghaiVC030,H300,16145C 16222G
TdFulaniLiniaVC027,H301,16145C 16167G 16222G
MlFulaniDiafarabeVC050,H302,
NeFulaniBalatungurVC022,H302,
CmFulaniTchebouaVC040,H302,
NeBudumaVC030,H302,
NgKanuriVC058,H302,
CmFaliVC040,H302,
CmHideVC042,H302,
CmFaliVC041,H303,16362A
NeFulaniBalatungurVC023,H304,16189A 16278G
NgKanuriVC059,H305,16223G 16301G
CmKotokoVC069,H306,16223G 16261G 16294G
CmMasaVC040,H307,16051T 16223G 16256G 16264G
TdKanembouVC050,H308,16192G 16212T 16298A 16311A
CmFaliVC042,H309,16192G 16223G 16278G 16311A 16320G
MlSonghaiVC031,H310,16177T 16192G 16217A 16223G 16264G 16278G
CmMasaVC041,H311,16150G 16189A 16223G 16229A 16278G 16291G 16311A
CmMafaVC055,H312,16166d 16217A 16223G 16325A
