GhAkanLF002,GHF002,16093C 16189C 16192T 16223T 16278T 16294T 16309G 16311C 16316G 16390A 73G 146C 152C 195C 198T 263G 315.1C
GhAkanLF003,GHF003,16193T 16223T 16278T 16390A 73G 93G 146C 150T 152C 182T 195C 198T 263G 315.1C 325T 513d 514d
GhAkanLF004,GHF004,16189C 16223T 16278T 16294T 16309G 16390A 16519C 73G 143A 146C 152C 195C 263G 315.1C
GhAkanLF005,GHF005,16114A 16129A 16213A 16223T 16278T 16390A 73G 146C 150T 152C 182T 189G 195C 198T 204C 207A 263G 315.1C 462T
GhAkanLF006,GHF006,16051G 16223T 16278T 16362C 16519C 73G 152C 263G 315.1C 523d 524d
GhAkanLF007,GHF007,16209C 16223T 16292T 16311C 16519C 73G 150T 189G 200G 263G 309.1C 315.1C
GhAkanLF008,GHF008,16189C 16192T 16223T 16278T 16294T 16309G 16390A 16519C 73G 143A 146C 152C 195C 263G 315.1C 534T
GhAkanLF009,GHF009,16172C 16223T 16327T 16399G 73G 150T 189G 200G 263G 309.1C 315.1C
GhAkanLF010,GHF010,16126C 16187T 16189C 16223T 16264T 16270T 16278T 16293G 16301T 16311C 73G 152C 182T 185T 195C 247A 263G 315.1C 357G 521d 522d 523d 524d
GhAkanLF011,GHF011,16124C 16223T 16278T 16362C 16368C 16519C 73G 263G 315.1C 523d 524d
GhAkanLF012,GHF012,16193T 16213A 16223T 16239T 16278T 16294T 16309G 16390A 73G 143A 146C 152C 195C 263G 309.1C 315.1C 513A
GhAkanLF013,GHF013,16172C 16183C 16189C 16219G 16278T 73G 150T 263G 309.1C 315.1C
GhAkanLF014,GHF014,16129A 16183C 16189C 16193.1C 16215G 16223T 16278T 16294T 16311C 16360T 16519C 73G 151T 152C 182T 186A 189C 247A 263G 309.1C 309.2C 315.1C 316A 523d 524d
GhAkanLF015,GHF015,16114A 16129A 16213A 16223T 16278T 16325C 16362C 16390A 73G 146C 150T 152C 182T 183G 195C 198T 204C 263G 309.1C 315.1C 385G 418T 523d 524d
GhAkanLF016,GHF016,16223T 16278T 16286Y 16294T 16309G 16390A 16519C 73G 146C 152C 195C 263G 309.1C 315.1C
GhAkanLF017,GHF017,16093C 16111A 16145A 16184T 16223T 16239T 16278T 16292T 16355T 16390A 16399G 16400T 16519C 73G 146C 150T 152C 182T 263G 315.1C 479G
GhAkanLF018,GHF018,16183C 16189C 16193.1C 16223T 16278T 16294T 16309G 16390A 73G 146C 152C 195C 198T 263G 309.1C 309.2C 315.1C
GhAkanLF019,GHF019,16129A 16148T 16175G 16187T 16189C 16192T 16223T 16255A 16278T 16293G 16294T 16311C 16360T 16519C 73G 151T 152C 182T 186A 189C 195C 198T 247A 263G 297G 309.1C 315.1C 316A 523d 524d
GhAkanLF020,GHF020,16209C 16223T 16292T 16311C 16519C 73G 150T 189G 200G 263G 309.1C 315.1C
GhAkanLF021,GHF021,16093C 16189C 16192T 16223T 16278T 16294T 16309G 16390A 73G 146C 152C 195C 263G 315.1C
GhAkanLF022,GHF022,16223T 16320T 16519C 44.1C 73G 150T 195C 198T 263G 315.1C 513A
GhAkanLF023,GHF023,16124C 16223T 16278T 16362C 16519C 73G 263G 309.1C 315.1C 523d 524d
GhAkanLF024,GHF024,16114G 16129A 16187T 16189C 16223T 16261T 16278T 16311C 16360T 16519C 73G 151T 152C 182T 186A 189C 247A 263G 291T 297G 309.1C 315.1C 316A 523d 524d 573.1C
GhAkanLF025,GHF025,16223T 16320T 16519C 73G 150T 195C 198T 263G 309.1C 315.1C
GhAkanLF026,GHF026,16223T 16278T 16286T 16294T 16309G 16390A 16519C 73G 146C 152C 195C 263G 309.1C 315.1C
GhAkanLF027,GHF027,16086C 16124C 16166G 16192T 16223T 64T 73G 152C 263G 295T 315.1C 523d 524d
GhAkanLF028,GHF028,16078G 16124C 16223T 16390A 73G 152C 263G 315.1C 523d 524d
GhAkanLF029,GHF029,16172C 16223T 16327T 16399G 73G 150T 189G 200G 263G 309.1C 315.1C
GhAkanLF030,GHF030,16086C 16129A 16163G 16187T 16189C 16223T 16278T 16293G 16294T 16301G 16311C 16360T 16519C 73G 151T 152C 182T 186A 189C 247A 263G 309.1C 315.1C 316A 523d 524d
GhAkanLF031,GHF031,16093C 16187T 16189C 16192T 16223T 16278T 16294T 16309G 16390A 73G 143A 146C 152C 195C 263G 309.1C 315.1C
GhAkanLF032,GHF032,16189C 16193.1C 16223T 16278T 16286T 16294T 16309G 16390A 73G 146C 152C 195C 235G 263G 309.1C 309.2C 315.1C
GhAkanLF033,GHF033,16126C 16187T 16189C 16223T 16264T 16270T 16278T 16311C 73G 152C 182T 185T 195C 247A 263G 315.1C 357G 523d 524d
GhAkanLF034,GHF034,16129A 16183C 16189C 16215G 16223T 16278T 16294T 16311C 16360T 16519C 73G 151T 152C 182T 186A 189C 247A 263G 315.1C 316A 408A 494T 523d 524d
GhAkanLF035,GHF035,16172C 16189C 16223T 16239T 16320T 16519C 73G 150T 195C 263G 315.1C
GhAkanLF036,GHF036,16176T 16223T 16278T 16294T 16309G 16390A 73G 143A 146C 152C 195C 263G 309.1C 315.1C 523d 524d
GhAkanLF037,GHF037,16172C 16189C 16223T 16239T 16320T 16519C 73G 150T 195C 263G 315.1C
GhAkanLF038,GHF038,16189C 16192T 16223T 16278T 16294T 16309G 16390A 16519C 73G 146C 152C 195C 263G 315.1C
GhAkanLF039,GHF039,16223T 16258T 16320T 16519C 73G 150T 189G 195C 210G 263G 315.1C
GhAkanLF040,GHF040,16184.1T 16189C 16192.1T 16223T 16278T 16294T 16309G 16390A 73G 146C 152C 195C 263G 309.1C 315.1C
GhAkanLF041,GHF041,16223T 16320T 16519C 16525R 73G 150T 185A 188G 195C 198T 263G 309.1C 315.1C
GhAkanLF042,GHF042,16114A 16129A 16213A 16223T 16278T 16355T 16362C 16390A 73G 150T 152C 182T 195C 198T 204C 263G 315.1C 418T 523d 524d
GhAkanLF043,GHF043,16223T 16278T 16286T 16294T 16309G 16390A 16519C 73G 146C 152C 195C 263G 315.1C
GhAkanLF044,GHF044,16093C 16223T 16265T 73G 150T 195C 263G 315.1C 523d 524d
GhAkanLF045,GHF045,16223T 16242T 16278T 16294T 16309G 16390A 16519C 73G 143A 146C 151T 152C 189G 195C 263G 315.1C
GhAkanLF046,GHF046,16223T 16278T 16294T 16309G 16390A 16519C 73G 146C 152C 195C 263G 315.1C
GhAkanLF047,GHF047,16189C 16223T 16278T 16294T 16309G 16390A 73G 143A 146C 152C 195C 263G 315.1C
GhAkanLF049,GHF049,16223T 16278T 16294T 16309G 16390A 16519C 73G 146C 152C 195C 263G 315.1C
GhAkanLF050,GHF050,16172C 16183C 16189C 16192T 16223T 16320T 16519C 73G 150T 195C 263G 309.1C 315.1C
GhAkanLF052,GHF052,16124C 16169T 16223T 16278T 16300G 16362C 16390A 16527T 73G 263G 315.1C 523d 524d
GhAkanLF053,GHF053,16126C 16187T 16189C 16223T 16264T 16270T 16278T 16293G 16311C 16519C 73G 146C 152C 182T 185T 195C 247A 263G 309.1C 315.1C 357G 523d 524d
GhAkanLF054,GHF054,16114A 16129A 16213A 16223T 16390A 73G 146C 150T 152C 182T 183G 195C 198T 204C 263G 309.1C 315.1C
GhAkanLF055,GHF055,16223T 16278T 16294T 16309G 16390A 73G 143A 146C 152C 195C 263G 309.1C 315.1C 523d 524d
GhAkanLF056,GHF056,16189C 16192T 16223T 16278T 16294T 16309G 16390A 73G 146C 152C 195C 207A 263G 315.1C
GhAkanLF057,GHF057,16093C 16189C 16192T 16223T 16278T 16294T 16309G 16390A 73G 146C 152C 195C 263G 315.1C
GhAkanLF058,GHF058,16126C 16187T 16189C 16223T 16264T 16270T 16278T 16293G 16311C 16519C 73G 146C 152C 182T 185T 195C 247A 263G 309.1C 315.1C 357G 523d 524d
GhAkanLF059,GHF059,16129A 16182C 16183C 16189C 16213A 16215G 16223T 16278T 16291T 16294T 16311C 16355T 16360T 16519C 73G 151T 152C 182T 186A 189C 247A 263G 309.1C 315.1C 316A 523d 524d
GhAkanLF060,GHF060,16093C 16189C 16192T 16223T 16278T 16294T 16309G 16390A 73G 146C 152C 195C 263G 315.1C
GhAkanLF061,GHF061,16223T 16278T 16291T 16294T 16309G 16390A 16519C 73G 146C 152C 195C 263G 315.1C
GhAkanLF062,GHF062,16129A 16209C 16223T 16292T 16295T 16311C 16519C 73G 189G 200G 263G 315.1C
GhAkanLF063,GHF063,16126C 16187T 16189C 16223T 16264T 16270T 16278T 16293G 16311C 16519C 73G 146C 152C 182T 185T 195C 247A 263G 309.1C 315.1C 357G 523d 524d
GhAkanLF064,GHF064,16172C 16189C 16223T 16239T 16320T 16519C 73G 150T 195C 263G 315.1C
GhAkanLF065,GHF065,16129A 16182C 16183C 16189C 16213A 16215G 16223T 16278T 16291T 16294T 16311C 16355T 16360T 16519C 73G 151T 152C 182T 186A 189C 247A 263G 309.1C 315.1C 316A 523d 524d
GhAkanLF066,GHF066,16093C 16172C 16183C 16189C 16193.1C 16219G 16261T 16278T 73G 150T 185A 189G 263G 309.1C 315.1C
GhAkanLF067,GHF067,16093C 16223T 16278T 16294T 16309G 16390A 16519C 73G 143A 146C 152C 195C 228A 263G 315.1C 523d 524d
GhAkanLF068,GHF068,16126C 16172C 16189C 16223T 16320T 16519C 73G 150T 195C 215G 263G 309.1C 315.1C
GhAkanLF069,GHF069,16179T 16215G 16223T 16256A 16284G 16311C 73G 189C 195C 263G 309.1C 315.1C 523d 524d
GhAkanLF070,GHF070,16129A 16184T 16189C 16223T 16265G 16278T 16294T 16311C 16360T 16519C 73G 151T 152C 182T 186A 189C 247A 263G 309.1C 315.1C 316A 385G 523d 524d
GhAkanLF071,GHF071,16126C 16172C 16189C 16223T 16320T 16519C 73G 150T 195C 215R 263G 309.1C 315.1C
GhAkanLF072,GHF072,16093C 16129A 16182C 16183C 16189C 16215G 16223T 16278T 16294T 16311C 16360T 16519C 73G 151T 152C 182T 186A 189C 247A 263G 315.1C 316A 523d 524d
GhAkanLF073,GHF073,16093C 16189C 16192T 16223T 16278T 16294T 16309G 16390A 73G 146C 152C 195C 263G 315.1C
GhAkanLF074,GHF074,16129A 16163G 16187T 16189C 16223T 16278T 16293G 16294T 16311C 16360T 16519C 73G 151T 152C 182T 186A 189C 247A 263G 315.1C 316A 523d 524d
GhAkanLF075,GHF075,16223T 16254G 16320T 16519C 73G 150T 195C 198T 263G 309.1C 315.1C
GhAkanLF076,GHF076,16129A 16182C 16183C 16189C 16213A 16215G 16223T 16278T 16291T 16294T 16311C 16355T 16360T 16519C 73G 151T 152C 182T 186A 189C 247A 263G 309.1C 315.1C 316A 523d 524d
GhAkanLF077,GHF077,16223T 16278T 16362C 16519C 73G 263G 309.1C 315.1C 523d 524d
GhAkanLF079,GHF079,16223T 16320T 16519C 73G 150T 195C 198T 263G 309.1C 315.1C
GhAkanLF080,GHF080,16124C 16166G 16223T 16320T 64T 73G 152C 263G 295T 309.1C 315.1C 523d 524d
GhAkanLF081,GHF081,16093C 16189C 16192T 16223T 16278T 16294T 16309G 16390A 73G 146C 152C 195C 263G 315.1C
GhAkanLF082,GHF082,16209C 16223T 16292T 16295T 16311C 16519C 73G 189G 263G 315.1C
GhAkanLF083,GHF083,16124C 16223T 16278T 16295T 16362C 16519C 73G 263G 315.1C 523d 524d
GhAkanLF084,GHF084,16048A 16124C 16223T 16278T 16362C 73G 189G 263G 315.1C 523d 524d
GhAkanLF085,GHF085,16209C 16223T 16274A 16292T 16311C 16519C 73G 150T 189G 263G 315.1C 523d 524d
GhAkanLF086,GHF086,16093C 16148T 16223T 16265T 16519C 73G 150T 195C 263G 315.1C 523d 524d
GhAkanLF087,GHF087,16223T 16261T 16294T 16320T 16519C 73G 150T 195C 198T 263G 315.1C
GhAkanLF088,GHF088,16093C 16223T 16278T 16294T 16309G 16390A 16519C 73G 143A 146C 152C 195C 228R 263G 315.1C 523d 524d
GhAkanLF089,GHF089,16086C 16223T 16278T 16294T 16309G 16390A 73G 143A 146C 152C 195C 198T 263G 315.1C
GhAkanLF090,GHF090,16126C 16187T 16189C 16223T 16264T 16270T 16278T 16293G 16311C 16519C 73G 146C 152C 182T 185T 195C 247A 263G 309.1C 315.1C 357G 523d 524d
GhAkanLF092,GHF092,16193T 16213A 16223T 16239T 16278T 16294T 16309G 16390A 73G 143A 146C 152C 195C 263G 315.1C 513A
GhAkanLF093,GHF093,16114A 16129A 16213A 16223T 16265G 16278T 16311C 16368C 16390A 64Y 73G 146C 150T 152C 182T 195C 198T 204C 263G 315.1C 513A
GhAkanLF094,GHF094,16124C 16223T 16278T 16295T 16362C 16519C 73G 263G 315.1C 523d 524d
GhAkanLF095,GHF095,16189C 16223T 16233G 16278T 16294T 16362C 16390A 73G 143A 146C 152C 195C 263G 309.1C 315.1C
GhAkanLF096,GHF096,16048A 16124C 16223T 16278T 16362C 73G 189G 263G 315.1C 523d 524d
GhAkanLF097,GHF097,16093C 16223T 16264T 16278T 16390A 73G 89C 93G 146C 150T 152C 195C 198T 263G 315.1C 325T 523d 524d
GhAkanLF098,GHF098,16114A 16129A 16213A 16223T 16274A 16278T 16390A 73G 146C 150T 152C 182T 183G 195C 198T 204C 263G 309.1C 315.1C 573.1C
GhAkanLF099,GHF099,16124C 16183C 16189C 16193.1C 16223T 16278T 16362C 16527T 73G 263G 315.1C 523d 524d
GhAkanLF100,GHF100,16129A 16223T 16278T 16294T 16390A 73G 143A 146C 152C 195C 263G 309.1C 315.1C
GhAkanLF101,GHM101,16111T 16126C 16187T 16189C 16223T 16239T 16270T 16278T 16293G 16301T 16311C 16519C 73G 146C 152C 182T 185T 189G 247A 263G 309.1C 315.1C 357G 523d 524d
GhAkanLF102,GHM102,16093Y 16223T 16258T 16293G 16320T 16519C 73G 150T 189G 195C 263G 309.1C 315.1C
GhAkanLF103,GHM103,16223T 16278T 16294T 16309G 16368C 16390A 16519C 73G 146C 152C 195C 263G 315.1C 524.1A 524.2C 524.3A 524.4C
GhAkanLF104,GHM104,16124C 16223T 16256T 16294T 73G 146C 152C 263G 309.1C 315.1C 523d 524d 574G
GhAkanLF105,GHM105,16172C 16189C 16223T 16320T 16519C 73G 150T 195C 263G 315.1C
GhAkanLF106,GHM106,16172C 16183C 16189C 16223T 16320T 16371G 16519C 73G 93G 95C 150T 152C 195C 263G 309.1C 315.1C 523d 524d
GhAkanLF107,GHM107,16126C 16187T 16189C 16223T 16264T 16270T 16278T 16311C 16519C 73G 150T 152C 182T 185T 189G 195C 247A 263G 315.1C 357G 523d 524d
GhAkanLF108,GHM108,16172C 16223T 16327T 16399G 73G 150T 189G 200G 263G 309.1C 315.1C
GhAkanLF109,GHM109,16126C 16187T 16189C 16223T 16264T 16270T 16278T 16293G 16311C 16519C 73G 146C 152C 182T 185T 195C 247A 263G 309.1C 315.1C 357G 523d 524d
GhAkanLF110,GHM110,16093C 16223T 16274A 16278T 16294T 16390A 16519C 73G 146C 152C 195C 263G 315.1C
GhAkanLF111,GHM111,16172C 16183d 16193.1C 16193.2C 16223T 16320T 16519C 73G 150T 195C 263G 315.1C
GhAkanLF112,GHM112,16189C 16192T 16223T 16278T 16294T 16309G 16390A 73G 143A 146C 152C 195C 263G 309.1C 315.1C
GhAkanLF113,GHM113,16038G 16086C 16129A 16187T 16189C 16223T 16278T 16293G 16294T 16360T 16519C 73G 151T 152C 182T 186A 189C 195C 204C 247A 263G 297G 315.1C 316A 459d 523d 524d
GhAkanLF114,GHM114,16126C 16187T 16189C 16223T 16264T 16270T 16278T 16293G 16311C 16519C 73G 152C 182T 185T 189G 195C 207A 247A 263G 315.1C 357G 523d 524d
GhAkanLF115,GHM115,16213A 16223T 16278T 16294T 16309G 16390A 16519C 73G 143A 146C 152C 195C 263G 309.1C 315.1C
GhAkanLF116,GHM116,16223T 16278T 16294T 16309G 16390A 16391A 16519C 73G 143A 146C 152C 195C 263G 309.1C 315.1C 523d 524d
GhAkanLF117,GHM117,16189C 16192T 16223T 16278T 16294T 16362C 16390A 73G 143A 146C 152C 195C 263G 315.1C
GhAkanLF118,GHM118,16086C 16223T 16278T 16294T 16309G 16390A 73G 143A 146C 152C 195C 198T 263G 315.1C
GhAkanLF119,GHM119,16189C 16192T 16223T 16278T 16294T 16362C 16390A 73G 143A 146C 152C 195C 263G 315.1C
GhAkanLF120,GHM120,16126C 16172C 16189C 16223T 16320T 16519C 73G 150T 195C 263G 315.1C
GhAkanLF121,GHM121,16189C 16223T 16278T 16294T 16309G 16390A 73G 143A 146C 152C 195C 207A 263G 309.1C 315.1C 523d 524d 549T
GhAkanLF122,GHM122,16126C 16187T 16189C 16223T 16264T 16270T 16278T 16293G 16311C 16519C 73G 152C 182T 185T 195C 247A 256T 263G 315.1C 357G 523d 524d
GhAkanLF123,GHM123,16209C 16223T 16292T 16311C 16519C 73G 189G 200G 263G 315.1C
GhAkanLF124,GHM124,16172C 16189Y 16223T 16327T 16399G 73G 150T 189G 200G 263G 315.1C
GhAkanLF125,GHM125,16223T 16264T 16278T 16390A 73G 93G 146C 150T 152C 182T 195C 198T 263G 315.1C 325T 523d 524d
GhAkanLF126,GHM126,16124C 16223T 16257T 16519C 73G 151T 152C 263G 315.1C 523d 524d
GhAkanLF127,GHM127,16126C 16187T 16189C 16223T 16234T 16264T 16270T 16278T 16293G 16311C 16519C 73G 152C 182T 185T 189G 195C 247A 263G 309.1C 315.1C 357G 523d 524d
GhAkanLF128,GHM128,16209C 16223T 16269G 16292T 16311C 16519C 73G 150T 189G 200G 263G 309.1C 315.1C
GhAkanLF129,GHM129,16051G 16223T 16264T 16319A 16519C 73G 150T 263G 309.1C 315.1C 336G 390G 523d 524d
GhAkanLF130,GHM130,16124C 16182M 16183C 16189C 16223T 16256T 16311C 16519C 73G 146C 152C 200G 263G 315.1C 523d 524d
GhAkanLF131,GHM131,16223T 16278T 16294T 16309G 16390A 16519C 73G 146C 152C 195C 263G 315.1C
GhAkanLF132,GHM132,16129A 16148T 16168T 16172C 16187T 16188G 16189C 16223T 16230G 16271C 16278T 16293G 16311C 16320T 93G 95C 185A 189G 236C 247A 263G 309.1C 315.1C 523d 524d
GhAkanLF133,GHM133,16126C 16187T 16189C 16223T 16256T 16264T 16278T 16293G 16311C 16360T 16519C 73G 152C 182T 185T 189G 195C 236C 247A 263G 315.1C 357G 523d 524d
GhAkanLF134,GHM134,16172C 16189C 16223T 16239T 16320T 16519C 73G 150T 195C 263G 315.1C
GhAkanLF135,GHM135,16183C 16189C 16192T 16223T 16278T 16294T 16309G 16390A 16519C 73G 143A 146C 152C 195C 198T 263G 309.1C 315.1C
GhAkanLF137,GHM137,16223T 16278T 16294T 16309G 16390A 16519C 73G 146C 152C 195C 263G 309.1C 315.1C 523d 524d
GhAkanLF138,GHM138,16223T 16278T 16294T 16309G 16390A 16519C 73G 146C 152C 195C 263G 309.1C 315.1C 523d 524d
GhAkanLF139,GHM139,16124C 16223T 16278T 16362C 16519C 73G 263G 315.1C 523d 524d
GhAkanLF140,GHM140,16093C 16189C 16223T 16234T 16278T 16294T 16309G 16390A 73G 146C 152C 195C 263G 315.1C 523d 524d
GhAkanLF141,GHM141,16183C 16189C 16192T 16223T 16278T 16294T 16309R 16390A 16519C 73G 143A 146C 152C 195C 198T 263G 309.1C 315.1C
GhAkanLF142,GHM142,16129A 16183C 16189C 16215G 16223T 16278T 16294T 16311C 16355T 16360T 16519C 73G 151T 152C 182T 183G 186A 189C 204C 247A 257G 263G 315.1C 316A 523d 524d
GhAkanLF143,GHM143,16223T 16278T 16294T 16309G 16390A 16519C 73G 146C 152C 195C 263G 315.1C
GhAkanLF144,GHM144,16223T 16278T 16294T 16309G 16390A 73G 143A 146C 152C 195C 263G 309.1C 315.1C 523d 524d
GhAkanLF145,GHM145,16124C 16223T 16260T 16519C 73G 152C 189G 195C 263G 315.1C 523d 524d
GhAkanLF146,GHM146,16189C 16192T 16223T 16278T 16294T 16309G 16390A 73G 146C 152C 195C 263G 309.1C 315.1C
GhAkanLF147,GHM147,16126C 16187T 16189C 16223T 16264T 16270T 16278T 16293G 16311C 16519C 73G 152C 182T 185T 195C 247A 263G 315.1C 357G 523d 524d
GhAkanLF148,GHM148,16086C 16104T 16129A 16163G 16187T 16189C 16223T 16278T 16293G 16294T 16301G 16311C 16360T 16519C 73G 151T 152C 182T 186A 189C 247A 263G 315.1C 316A 523d 524d
GhAkanLF149,GHM149,16223T 16278T 16286T 16294T 16309G 16390A 16519C 73G 146C 152C 195C 263G 315.1C
GhAkanLF150,GHM150,16092C 16126C 16187T 16189C 16223T 16264T 16270T 16278T 16293G 16301T 16311C 73G 152C 182T 185T 195C 198T 247A 263G 315.1C 357G 523d 524d
GhAkanLF151,GHM151,16126C 16187T 16189C 16223T 16264T 16270T 16278T 16311C 16519C 73G 150T 152C 182T 185T 189G 195C 247A 263G 315.1C 357G 523d 524d
GhAkanLF152,GHM152,16126C 16187T 16189C 16223T 16264T 16270T 16278T 16311C 16519C 73G 152C 182T 185T 195C 247A 263G 315.1C 357G 523d 524d
GhAkanLF153,GHM153,16129A 16182C 16183C 16189C 16213A 16215G 16223T 16278T 16291T 16294T 16311C 16355T 16360T 16519C 73G 151T 152C 182T 186A 189C 247A 263G 309.1C 315.1C 316A 523d 524d
GhAkanLF154,GHM154,16223T 16278T 16291T 16294T 16309G 16390A 16519C 73G 146C 152C 195C 263G 315.1C
GhAkanLF155,GHM155,16126C 16172C 16189C 16223T 16320T 16519C 73G 150T 195C 263G 309.1C 315.1C
GhAkanLF156,GHM156,16126C 16187T 16189C 16223T 16264T 16270T 16278T 16293G 16311C 16519C 73G 152C 182T 185T 195C 247A 263G 315.1C 357G 523d 524d
GhAkanLF157,GHM157,16223T 16264T 16278T 16390A 73G 93G 146C 150T 152C 182T 195C 198T 263G 315.1C 325T 523d 524d
GhAkanLF158,GHM158,16093C 16223T 16278T 16294T 16309G 16390A 16519C 73G 143A 146C 152C 195C 228A 263G 315.1C 523d 524d
GhAkanLF159,GHM159,16126C 16187T 16189C 16223T 16264T 16270T 16278T 16293G 16311C 16519C 73G 146C 152C 182T 185T 195C 247A 263G 309.1C 315.1C 357G 523d 524d
GhAkanLF160,GHM160,16223T 16254G 16320T 16519C 73G 150T 195C 198T 263G 309.1C 315.1C
GhAkanLF161,GHM161,16048A 16124C 16223T 16278T 16362C 73G 189G 263G 315.1C 523d 524d
GhAkanLF162,GHM162,16086C 16129A 16163G 16187T 16189C 16223T 16278T 16293G 16294T 16301G 16311C 16360T 16519C 73G 151T 152C 182T 186A 189C 247A 263G 309.1C 315.1C 316A 523d 524d
GhAkanLF163,GHM163,16148T 16223T 16320T 16519C 73G 150T 195C 198T 263G 315.1C
GhAkanLF164,GHM164,16209C 16223T 16292T 16295T 16311C 16519C 73G 152C 189G 263G 315.1C
GhAkanLF165,GHM165,16221T 16223T 16278T 16294T 16390A 73G 143A 146C 152C 195C 263G 309.1C 315.1C 523d 524d
GhAkanLF166,GHM166,16223T 16278T 16294T 16309G 16390A 16519C 73G 146C 152C 195C 263G 309.1C 315.1C
GhAkanLF167,GHM167,16126C 16187T 16189C 16223T 16264T 16270T 16278T 16311C 16519C 73G 152C 182T 185T 195C 247A 263G 309.1C 315.1C 357G 523d 524d
GhAkanLF168,GHM168,16129A 16182C 16183C 16189C 16213A 16215G 16223T 16278T 16291T 16294T 16311C 16355T 16360T 16519C 73G 151T 152C 182T 186A 189C 247A 263G 309.1C 315.1C 316A 523d 524d
GhAkanLF169,GHM169,16172C 16189C 16223T 16239T 16320T 16519C 73G 150T 195C 263G 315.1C
GhAkanLF170,GHM170,16126C 16187T 16189C 16223T 16264T 16270T 16278T 16293G 16311C 16519C 73G 146C 152C 182T 185T 195C 247A 263G 309.1C 315.1C 357G 523d 524d
GhAkanLF171,GHM171,16172C 16183C 16189C 16192T 16223T 16320T 16519C 73G 150T 195C 263G 309.1C 315.1C
GhAkanLF172,GHM172,16093C 16129A 16182C 16183C 16189C 16215G 16223T 16278T 16294T 16311C 16360T 16519C 73G 151T 152C 182T 186A 189C 247A 263G 315.1C 316A 523d 524d
GhAkanLF173,GHM173,16129A 16182C 16183C 16189C 16213A 16215G 16223T 16278T 16291T 16294T 16311C 16355T 16360T 16519C 73G 151T 152C 182T 186A 189C 247A 263G 309.1C 315.1C 316A 523d 524d
GhAkanLF174,GHM174,16093C 16223T 16278T 16294T 16309G 16390A 16519C 73G 143A 146C 152C 195C 228A 263G 315.1C 523d 524d
GhAkanLF175,GHM175,16066G 16124C 16223T 16278T 16362C 16519C 73G 152C 263G 309.1C 315.1C 523d 524d 574C 575.1C 575.2C
GhAkanLF176,GHM176,16193T 16213A 16223T 16239T 16278T 16294T 16309G 16390A 73G 143A 146C 152C 195C 263G 309.1C 315.1C 513A
GhAkanLF178,GHM178,16221T 16223T 16278T 16294T 16390A 73G 143A 146C 152C 195C 263G 309.1C 315.1C 523d 524d
GhAkanLF179,GHM179,16129A 16182C 16183C 16189C 16213A 16215G 16223T 16278T 16291T 16294T 16311C 16355T 16360T 16519C 73G 151T 152C 182T 186A 189C 247A 263G 309.1C 315.1C 316A 523d 524d
GhAkanLF180,GHM180,16129A 16182C 16183C 16189C 16213A 16215G 16223T 16278T 16291T 16294T 16311C 16355T 16360T 16519C 73G 151T 152C 182T 186A 189C 247A 263G 309.1C 315.1C 316A 523d 524d
GhAkanLF181,GHM181,16124C 16223T 16278T 16362C 16519C 73G 152C 263G 315.1C 523d 524d
GhAkanLF182,GHM182,16223T 16320T 16519C 73G 150T 195C 198T 263G 315.1C
GhAkanLF183,GHM183,16126C 16187T 16189C 16223T 16264T 16270T 16278T 16293G 16311C 16519C 73G 146C 152C 182T 185T 195C 247A 263G 309.1C 315.1C 357G 523d 524d
GhAkanLF184,GHM184,16223T 16254G 16320T 16519C 73G 150T 195C 198T 263G 309.1C 315.1C
GhAkanLF185,GHM185,16126C 16187T 16189C 16223T 16264T 16270T 16278T 16293G 16311C 16519C 73G 146C 152C 182T 185T 195C 247A 263G 309.1C 315.1C 357G 523d 524d
GhAkanLF186,GHM186,16093C 16223T 16278T 16294T 16309G 16390A 16519C 73G 143A 146C 152C 195C 228A 263G 315.1C 523d 524d
GhAkanLF187,GHM187,16093Y 16129A 16182C 16183C 16189C 16215G 16223T 16278T 16294T 16311C 16360T 16519C 73G 151T 152C 182T 186A 189C 247A 263G 315.1C 316A 523d 524d
GhAkanLF188,GHM188,16126C 16187T 16189C 16223T 16264T 16270T 16278T 16293G 16311C 16519C 73G 152C 182T 185T 189G 195C 247A 263G 309.1C 315.1C 357G 523d 524d
GhAkanLF189,GHM189,16093C 16129A 16182C 16183C 16189C 16215G 16223T 16278T 16294T 16311C 16360T 16519C 73G 151T 152C 182T 186A 189C 247A 263G 315.1C 316A 523d 524d
GhAkanLF190,GHM190,16126C 16172C 16189C 16223T 16320T 16519C 73G 150T 195C 263G 309.1C 315.1C
GhAkanLF191,GHM191,16048A 16124C 16223T 16278T 16362C 73G 189G 263G 315.1C 523d 524d
GhAkanLF192,GHM192,16129A 16223T 16278T 16294T 16309G 16390A 73G 143A 146C 152C 195C 263G 309.1C 315.1C
GhAkanLF193,GHM193,16126C 16187T 16189C 16223T 16264T 16270T 16278T 16311C 16519C 73G 151T 152C 182T 185T 195C 247A 263G 315.1C 357G 523d 524d
GhAkanLF195,GHM195,16126C 16187T 16189C 16223T 16264T 16270T 16278T 16293G 16311C 16519C 73G 152C 182T 185T 189G 195C 247A 263G 309.1C 315.1C 357G 523d 524d
GhAkanLF196,GHM196,16193T 16213A 16223T 16239T 16278T 16294T 16309G 16390A 73G 143A 146C 152C 195C 247A 263G 309.1C 315.1C 513A
GhAkanLF197,GHM197,16093C 16148T 16223T 16265T 16519C 73G 150T 195C 263G 315.1C 523d 524d
GhAkanLF198,GHM198,16126C 16166G 16172C 16187T 16189C 16223T 16264T 16270T 16278T 16293G 16311C 16519C 73G 152C 182T 185T 189G 195C 247A 263G 309.1C 309.2C 315.1C 357G 523d 524d
GhAkanLF199,GHM199,16209C 16223T 16274A 16292T 16311C 16519C 73G 150T 189G 263G 315.1C 523d 524d
GhAkanLF200,GHM200,16145A 16189C 16209C 16223T 16292T 16311C 16519C 73G 200G 263G 315.1C
