TzDatogaAK001,dtG20D,16148T 16168T 16172C 16187T 16188G 16189C 16223T 16230G 16287T 16293G 16311C 16320T 93G 185A 189G 236C 247A 263G 309.1C 315.1C
TzDatogaAK002,dtG39D,16129A 16148T 16166d 16172C 16180G 16187T 16188G 16189C 16223T 16230G 16289G 16311C 16320T 16362C 73G 93G 143A 146C 152C 185A 189G 195C 236C 247A 263G 315.1C
TzDatogaAK003,dtG50D,16114A 16129A 16148T 16168T 16172C 16184T 16187T 16188G 16189C 16223T 16230G 16311C 93G 185A 189G 236C 247A 263G 309.1C 315.1C
TzDatogaAK004,dtG51D,16129A 16182C 16183C 16189C 16223T 16249C 16311C 16359C 16368A 73G 195C 263G 309d 315.1C
TzDatogaAK005,dtG52D,16069T 16126C 16193T 16300G 16309G 73G 152C 263G 295T 315.1C 316A
TzDatogaAK006,dtG54D,16189C 16223T 16278T 16294T 16309G 16355N 73G 143A 146C 152C 195C 200G 263G 315.1C
TzDatogaAK007,dtG55D,16129A 16148T 16172C 16187T 16188G 16189C 16223T 16230G 16311C 16320T 93G 152C 185A 189G 204C 207A 236C 247A 263G 315.1C
TzDatogaAK008,dtG56D,16148T 16168T 16172C 16187T 16188G 16189C 16223T 16230G 16287T 16293G 16311C 16320T 93G 185A 189G 236C 247A 263G 309.1C 315.1C
TzDatogaAK009,dtG57D,16179T 16192T 16223T 16256A 16284G 16311C 73G 189C 195C 263G 315.1C
TzDatogaAK010,dtG61D,16148T 16172C 16192T 16214T 16223T 16292T 16311C 73G 93G 146C 152C 263G 315.1C
TzDatogaAK011,dtG62D,16129A 16148T 16168T 16172C 16187T 16188G 16189C 16223T 16230G 16311C 16318G 16320T 64T 93G 152C 189G 200G 236C 247A 263G 315.1C
TzDatogaAK012,dtG63D,16148T 16218T 16223T 16249C 16250T 16265G 16278T 16311C 16362C 73G 146C 152C 195C 263G 315.1C
TzDatogaAK013,dtG64D,16129A 16148T 16168T 16172C 16188G 16189C 16223T 16230G 16311C 16320T 93G 152C 185A 189G 200G 234G 236C 247A 263G 309.1C 315.1C
TzDatogaAK014,dtG67D,16147G 16172C 16223T 16248T 16355T 73G 199C 204C 263G 309.1C 315.1C
TzDatogaAK015,dtG68D,16129A 16148T 16166d 16172C 16180G 16187T 16188G 16189C 16223T 16230G 16289G 16311C 16320T 16362C 73G 93G 143A 146C 152C 185A 189G 195C 236C 247A 263G 315.1C
TzDatogaAK016,dtG6D,16093C 16189C 16192.1T 16223T 16293T 16311C 16344T 16355T 16362C 73G 146C 182T 183G 244G 249d 263G 309.1C 315.1C
TzDatogaAK017,dtG71D,16129A 16148T 16168T 16172C 16187T 16188G 16189C 16223T 16230G 16278T 16293G 16311C 16320T 89C 93G 95C 185A 189G 236C 247A 263G 309.1C 309.2C 315.1C
TzDatogaAK018,dtG72D,16124C 16170G 16223T 16278T 16362C 73G 152C 263G 315.1C
TzHadzaAK001,hzB10H,16041G 16189C 16223T 16278T 16294T 16309G 73G 143A 146C 152C 195C 263G 315.1C
TzHadzaAK002,hzB11H,16041G 16051C 16189C 16223T 16278T 16294T 16309G 73G 143A 146C 152C 195C 263G 315.1C
TzHadzaAK003,hzB12H,16041G 16189C 16223T 16278T 16294T 16309G 73G 143A 146C 152C 195C 263G 315.1C
TzHadzaAK004,hzB14H,16041G 16189C 16223T 16278T 16294T 16309G 73G 143A 146C 152C 195C 263G 315.1C
TzHadzaAK005,hzB1H,16041G 16189C 16223T 16278T 16294T 16309G 73G 143A 146C 152C 195C 263G 315.1C
TzHadzaAK006,hzB3H,16189C 16223T 16311C 16359C 73G 93G 95C 146C 246C 263G 315.1C
TzHadzaAK007,hzB4H,16172C 16223T 16278T 16293T 16294T 16311C 16355T 73G 146C 244G 263G 309.1C 315.1C
TzHadzaAK008,hzB7H,16172C 16223T 16278T 16293T 16294T 16311C 16355T 73G 146C 244G 263G 315.1C
TzHadzaAK009,hzB8H,16172C 16223T 16278T 16293T 16294T 16311C 16355T 73G 146C 244G 263G 309.1C 315.1C
TzHadzaAK010,hzB9H,16172C 16223T 16278T 16293T 16294T 16311C 16355T 73G 146C 244G 263G 309.1C 315.1C
TzHadzaAK011,hzE10H,16041G 16189C 16223T 16278T 16294T 16309G 73G 143A 146C 152C 195C 263G 315.1C
TzHadzaAK012,hzE11H,16041G 16189C 16223T 16278T 16294T 16309G 73G 143A 146C 152C 195C 263G 315.1C
TzHadzaAK013,hzE12H,16041G 16189C 16223T 16278T 16294T 16309G 73G 143A 146C 152C 195C 263G 315.1C
TzHadzaAK014,hzE13H,16172C 16223T 16278T 16293T 16294T 16311C 16355T 73G 146C 244G 263G 315.1C
TzHadzaAK015,hzE14H,16189C 16223T 16311C 16359C 73G 93G 95C 146C 246C 263G 315.1C
TzHadzaAK016,hzE15H,16093C 16124C 16223T 16278T 16362C 73G 143A 146C 152C 195C 263G 315.1C
TzHadzaAK017,hzE16H,16172C 16223T 16278T 16293T 16294T 16311C 16355T 73G 146C 244G 263G 315.1C
TzHadzaAK018,hzE18H,16189C 16223T 16254G 16256T 16278T 16294T 16309G 16344T 73G 146C 152C 195C 263G 309.1C 309.2C 315.1C
TzHadzaAK019,hzE19H,16093C 16124C 16223T 16278T 16362C 73G 263G 315.1C
TzHadzaAK020,hzE1H,16051G 16114T 16189C 16192T 16223T 16293T 16311C 16316G 16355T 16362C 73G 146C 152C 195C 244G 263G 315.1C 340T
TzHadzaAK021,hzE20H,16041G 16189C 16223T 16278T 16294T 16309G 73G 143A 146C 152C 195C 263G 315.1C
TzHadzaAK022,hzE21H,16148T 16172C 16186T 16187T 16188G 16189C 16223T 16230G 16256T 16311C 16320T 73G 150T 152C 185A 189G 236C 247A 263G 309.1C 315.1C
TzHadzaAK023,hzE22H,16172C 16223T 16278T 16293T 16294T 16311C 16355T 73G 146C 244G 263G 315.1C
TzHadzaAK024,hzE23H,16093C 16124C 16223T 16278T 16362C 73G 246C 263G 315.1C
TzHadzaAK025,hzE2H,16093C 16124C 16223T 16278T 16362C 73G 263G 315.1C
TzHadzaAK026,hzE3H,16041G 16189C 16223T 16278T 16294T 16309G 73G 143A 146C 152C 195C 263G 315.1C
TzHadzaAK027,hzE5H,16041G 16189C 16223T 16278T 16294T 16309G 73G 143A 146C 152C 195C 263G 315.1C
TzHadzaAK028,hzE6H,16041G 16189C 16223T 16278T 16294T 16309G 73G 143A 146C 152C 195C 263G 315.1C
TzHadzaAK029,hzE7H,16172C 16223T 16278T 16293T 16294T 16311C 16355T 73G 146C 244G 263G 315.1C
TzHadzaAK030,hzE8H,16172C 16223T 16278T 16293T 16294T 16311C 16355T 73G 146C 244G 263G 315.1C
TzHadzaAK031,hzE9H,16189C 16223T 16311C 16359C 73G 93G 95C 146C 246C 263G 315.1C
TzHadzaAK032,hzG10H,16041G 16189C 16223T 16278T 16294T 16309G 73G 143A 146C 152C 195C 263G 315.1C
TzHadzaAK033,hzG12H,16041G 16189C 16223T 16278T 16294T 16309G 73G 143A 146C 152C 195C 263G 315.1C
TzHadzaAK034,hzG23H,16041G 16189C 16223T 16278T 16294T 16309G 73G 143A 146C 152C 195C 263G 315.1C
TzHadzaAK035,hzG24H,16189C 16223T 16311C 16359C 73G 93G 95C 146C 246C 263G 315.1C
TzHadzaAK036,hzG25H,16172C 16223T 16278T 16293T 16294T 16311C 16355T 73G 146C 244G 263G 315.1C
TzHadzaAK037,hzG26H,16051G 16114T 16189C 16192T 16223T 16293T 16311C 16316G 16355T 16362C 73G 146C 152C 195C 244G 263G 315.1C 340T
TzHadzaAK038,hzG27H,16172C 16223T 16278T 16293T 16294T 16311C 16355T 73G 146C 244G 263G 315.1C
TzHadzaAK039,hzG28H,16041G 16189C 16223T 16278T 16294T 16309G 16355N 73G 143A 146C 152C 195C 263G 315.1C
TzHadzaAK040,hzG29H,16172C 16223T 16278T 16293T 16294T 16311C 16355T 73G 146C 244G 252G 263G 309.1C 315.1C
TzHadzaAK041,hzG30H,16172C 16223T 16278T 16293T 16294T 16311C 16355T 73G 146C 244G 263G 315.1C
TzHadzaAK042,hzG31H,16172C 16223T 16278T 16293T 16294T 16311C 16355T 73G 146C 244G 263G 309.1C 315.1C
TzHadzaAK043,hzG34H,16172C 16223T 16278T 16293T 16294T 16311C 16355T 73G 146C 244G 263G 309.1C 315.1C
TzHadzaAK044,hzG36H,16172C 16223T 16278T 16293T 16294T 16311C 16355T 73G 146C 244G 263G 309.1C 315.1C
TzHadzaAK045,hzG37H,16172C 16223T 16278T 16293T 16294T 16311C 16355T 73G 146C 244G 263G 315.1C
TzHadzaAK046,hzG3H,16041G 16189C 16223T 16278T 16294T 16309G 73G 143A 146C 152C 195C 263G 315.1C
TzHadzaAK047,hzG7H,16189C 16223T 16311C 16359C 73G 93G 95C 146C 246C 263G 315.1C
TzHadzaAK048,hzG8H,16172C 16223T 16278T 16293T 16294T 16311C 16355T 73G 146C 244G 263G 315.1C
TzHadzaAK049,hzG9H,16172C 16223T 16278T 16293T 16294T 16311C 16355T 73G 146C 244G 263G 315.1C
TzIraqwAK001,iqG15I,16148T 16172C 16187T 16188G 16189C 16223T 16230G 16311C 16320T 93G 146C 150T 152C 189G 200G 236C 247A 263G 315.1C
TzIraqwAK002,iqG19I,16223T 16274A 16293T 16311C 16355T 16362C 73G 146C 152C 195C 244G 263G 315.1C
TzIraqwAK003,iqG2I,16223T 16311C 16354T 73G 146C 153G 263G 315.1C
TzIraqwAK004,iqG40I,16223T 16274A 16293T 16311C 16355T 16362C 73G 146C 152C 195C 244G 263G 315.1C
TzIraqwAK005,iqG41I,16052T 16129A 16169T 16187T 16189C 16223T 16230G 16278T 16290T 16311C 16316G 16325C 16327T 16354T 16368C 143A 146C 185A 189G 236C 247A 263G 309.1C 315.1C
TzIraqwAK006,iqG42I,16129A 16148T 16168T 16172C 16187T 16188G 16189C 16223T 16230G 16311C 16318G 16320T 64T 93G 152C 185A 189G 200G 204C 236C 247A 263G 315.1C
TzIraqwAK007,iqG45I,16148T 16172C 16187T 16188G 16189C 16223T 16230G 16311C 16320T 93G 146C 150T 152C 189G 200G 236C 247A 263G 315.1C
TzIraqwAK008,iqG46I,16052T 16129A 16169T 16187T 16189C 16223T 16230G 16278T 16290T 16311C 16316G 16325C 16327T 16354T 16368C 143A 146C 185A 189G 236C 247A 263G 309.1C 309.2C 315.1C
TzIraqwAK009,iqG47I,16147G 16172C 16223T 16248T 16355T 73G 199C 204C 246C 263G 309.1C 315.1C
TzIraqwAK010,iqG48I,16148T 16168T 16172C 16187T 16188G 16189C 16223T 16230G 16287T 16293G 16311C 16320T 93G 185A 189G 236C 247A 263G 309.1C 315.1C
TzIraqwAK011,iqG58I,16148T 16172C 16187T 16188G 16189C 16223T 16230G 16311C 16320T 93G 146C 150T 152C 189G 200G 236C 247A 263G 315.1C
TzIraqwAK012,iqG5I,16129A 16169T 16172C 16187T 16189C 16274A 16278T 16311C 16327T 16352C 16368C 44.1C 73G 146C 152C 189G 204C 207A 247A 263G 315.1C
TzSukumaAK001,skG100S,16148T 16172C 16187T 16188G 16189C 16223T 16230G 16311C 16320T 64T 93G 152C 189G 204C 207A 236C 247A 263G 315.1C
TzSukumaAK002,skG16S,16223T 16293T 16311C 16355T 16362C 73G 146C 152C 244G 263G 309.1C 315.1C
TzSukumaAK003,skG17S,16129A 16166G 16172C 16187T 16189C 16209C 16213A 16223T 16257T 16278T 16295T 16311C 73G 152C 182T 247A 263G 309.1C 315.1C
TzSukumaAK004,skG18S,16189C 16223T 16293T 16311C 16344T 16355T 16362C 73G 146C 182T 183G 244G 249d 263G 315.1C
TzSukumaAK005,skG43S,16129A 16148T 16168T 16172C 16187T 16188G 16189C 16223T 16230G 16261T 16293G 16311C 93G 152C 185A 189G 225A 236C 247A 263G 315.1C
TzSukumaAK006,skG4S,16224C 16311C 73G 263G 315.1C
TzSukumaAK007,skG60S,16071T 16172C 16223T 16293T 16311C 16355T 16362C 73G 146C 244G 263G 315.1C
TzSukumaAK008,skG69S,16223T 16254G 16293G 16316G 73G 152C 263G 315.1C
TzSukumaAK009,skG70S,16129A 16183C 16189C 16223T 16249C 16311C 16359C 73G 195C 263G 309.1C 309.2C 315.1C
TzSukumaAK010,skS13S,16148T 16168T 16172C 16187T 16188G 16189C 16223T 16230G 16287T 16311C 16320T 64T 73G 93G 185A 189G 236C 247A 263G 315.1C
TzSukumaAK011,skS14S,16185T 16209C 16223T 16327T 73G 150T 152C 189G 195C 200G 207A 263G 315.1C
TzSukumaAK012,skS15S,16172C 16223T 16293T 16311C 16343T 16355T 16362C 73G 146C 244G 263G 315.1C 391C
TzSukumaAK013,skS18S,16148T 16172C 16187T 16188G 16189C 16223T 16230G 16242T 16311C 16320T 64T 93G 152C 189G 204C 207A 236C 247A 263G 315.1C
TzSukumaAK014,skS1S,16124C 16223T 16319A 73G 150T 152C 263G 309.1C 315.1C
TzSukumaAK015,skS26S,16129A 16145A 16187T 16189C 16213A 16223T 16265C 16278T 16286G 16294T 16311C 16360T 73G 151T 152C 182T 186A 189T 195C 198T 247A 263G 297G 315.1C 316A
TzSukumaAK016,skS2S,16223T 16274A 16293T 16311C 16355T 16362C 16368C 73G 146C 195C 244G 263G 315.1C
TzSukumaAK017,skS3S,16129A 16163G 16187T 16189C 16209C 16223T 16278T 16293G 16294T 16311C 16360T 73G 151T 152C 182T 186A 189C 247A 263G 315.1C 316A
TzSukumaAK018,skS4S,16129A 16148T 16168T 16172C 16187T 16188G 16189C 16223T 16230G 16278T 16293G 16311C 16320T 93G 95C 185A 189G 236C 247A 263G 315.1C
TzSukumaAK019,skS6S,16189C 16192T 16221T 16223T 16278T 16294T 16309G 73G 146C 152C 195C 263G 309.1C 315.1C
TzSukumaAK020,skS8S,16093C 16129A 16183C 16189C 16215G 16223T 16278T 16294T 16311C 16319A 16327T 16355T 16360T 73G 151T 152C 182T 186A 189C 195C 247A 263G 309.1C 315.1C 316A
TzSukumaAK021,skS9S,16093C 16124C 16223T 16278T 16311C 16362C 73G 263G 315.1C
