MgAntanosyST001,MAD28,16129C 16148G 16168G 16172A 16187G 16188G 16189A 16223G 16230T 16278G 16293T 16311A 16320G
MgAntanosyST002,MAD26,16148G 16172A 16187G 16188G 16189A 16223G 16230T 16311A 16320G
MgAntanosyST003,MAD39,16148G 16172A 16187G 16188G 16189A 16223G 16230T 16311A 16320G
MgAntanosyST004,MAD136,16093A 16148G 16172A 16187G 16188G 16189A 16223G 16230T 16311A 16320G
MgAntaisakaST001,MAD133,16148G 16172A 16187G 16188G 16189A 16223G 16230T 16311A 16320G
MgAntaisakaST002,MAD36,16148G 16172A 16187G 16188G 16189A 16223G 16230T 16311A 16320G
MgAntaisakaST003,MAD37,16148G 16172A 16187G 16188G 16189A 16223G 16230T 16311A 16320G
MgAntandroyST001,MAD118,16129C 16172A 16173G 16188A 16189A 16223G 16256G 16278G 16293T 16294G 16311A 16360G 16368A
MgAntandroyST002,MAD40,16071G 16093A 16129C 16145C 16187G 16189A 16213C 16223G 16234G 16265C 16278G 16286G 16294G 16311A 16360G
MgAntandroyST003,MAD55,16183C 16189A 16223G 16224A 16278G 16309T 16390C
MgAntandroyST004,MAD105,16183C 16189A 16223G 16224A 16278G 16309T 16390C
MgAntandroyST005,MAD47,16183C 16189A 16223G 16224A 16278G 16309T 16390C
MgAntanosyST005,MAD110,16071G 16223G 16259G 16278G 16294G 16309T 16390C
MgAntanosyST006,MAD29,16071G 16223G 16259G 16278G 16294G 16309T 16390C
MgAntandroyST006,MAD95,16189A 16192G 16223G 16256G 16278G 16294G 16309T 16344G 16390C
MgAntanosyST007,MAD30,16172A 16223G 16278G 16286G 16294G 16309T 16390C
MgAntandroyST007,MAD91,16172A 16223G 16278G 16286G 16294G 16309T 16390C
MgAntandroyST008,MAD115,16172A 16223G 16278G 16286G 16294G 16309T 16390C
MgAntandroyST009,MAD122,16092A 16223G 16278G 16286G 16294G 16309T 16390C
MgAntandroyST010,MAD79,16182C 16183C 16189A 16223G 16278G 16290G 16294G 16390C
MgAntandroyST011,MAD80,16182C 16183C 16189A 16223G 16278G 16290G 16294G 16390C
MgAntanosyST008,MAD10,16182C 16183C 16189A 16223G 16278G 16290G 16294G 16390C
MgAntandroyST012,MAD49,16182C 16183C 16189A 16223G 16270G 16278G 16290G 16309T 16390C
MgAntandroyST013,MAD123,16182C 16183C 16189A 16223G 16278G 16290G 16294G 16309T 16390C
MgAntandroyST014,MAD94,16182C 16183C 16189A 16223G 16278G 16290G 16294G 16309T 16390C
MgAntanosyST009,MAD61,16182C 16183C 16189A 16223G 16278G 16290G 16294G 16309T 16390C
MgAntanosyST010,MAD16,16182C 16183C 16189A 16192G 16223G 16278G 16290G 16294G 16309T 16390C
MgAntanosyST011,MAD138,16114A 16129C 16213C 16223G 16278G 16355G 16390C
MgAntanosyST012,MAD69,16169G 16213C 16223G 16240C 16254T 16316T 16335T
MgAntandroyST015,MAD137,16124A 16223G 16278G 16311A 16362A
MgAntanosyST013,MAD66,16093A 16223G 16278G 16362A
MgAntanosyST014,MAD75,16093A 16223G 16278G 16362A
MgAntanosyST015,MAD114,16093A 16223G 16278G 16362A
MgAntandroyST016,MAD88,16093A 16223G 16278G 16362A
MgAntandroyST017,MAD126,16093A 16223G 16278G 16362A
MgMerinaST001,MAD135,16093A 16223G 16278G 16362A
MgMerinaST002,MAD07,16223G 16278G 16362A
MgMerinaST003,MAD09,16223G 16278G 16362A
MgAntanosyST016,MAD141,16223G 16278G 16362A
MgAntaisakaST004,MAD18,16223G 16278G 16311A 16362A
MgAntandroyST018,MAD127,16129C 16223G 16278G 16362A
MgAntandroyST019,MAD90,16124A 16223G 16319C
MgMerinaST004,MAD144,16185G 16223G 16311A 16327G
MgAntandroyST020,MAD134,16223G 16325d 16327G 16400G
MgAntandroyST021,MAD145,16223G 16325d 16327G
MgAntandroyST022,MAD102,16223G 16325d 16327G
MgAntandroyST023,MAD103,16223G 16325d 16327G 16400G
MgAntandroyST024,MAD131,16172A 16183C 16189A 16213C 16223G 16320G
MgAntaisakaST005,MAD65,16172A 16183C 16189A 16213C 16223G 16320G
MgAntanosyST017,MAD51,16172A 16183C 16189A 16213C 16223G 16320G
MgAntanosyST018,MAD112,16172A 16183C 16189A 16223G 16320G
MgAntanosyST019,MAD08,16182C 16183C 16189A 16217A 16261G
MgAntanosyST020,MAD19,16182C 16183C 16189A 16217A 16261G
MgAntanosyST021,MAD33,16182C 16183C 16189A 16217A 16261G
MgAntanosyST022,MAD24,16182C 16183C 16189A 16217A 16261G
MgAntanosyST023,MAD129,16124A 16182C 16183C 16189A 16217A 16247T
MgAntanosyST024,MAD27,16182C 16183C 16189A 16217A 16247T 16261G
MgAntanosyST025,MAD50,16182C 16183C 16189A 16217A 16247T 16261G
MgAntanosyST026,MAD68,16182C 16183C 16189A 16217A 16247T 16261G
MgAntanosyST027,MAD71,16182C 16183C 16189A 16217A 16247T 16261G
MgAntanosyST028,MAD73,16182C 16183C 16189A 16217A 16247T 16261G
MgAntanosyST029,MAD53,16182C 16183C 16189A 16217A 16247T 16261G
MgAntanosyST030,MAD17,16182C 16183C 16189A 16217A 16247T 16261G
MgAntanosyST031,MAD31,16182C 16183C 16189A 16217A 16247T 16261G
MgAntanosyST032,MAD35,16182C 16183C 16189A 16217A 16247T 16261G
MgAntanosyST033,MAD142,16182C 16183C 16189A 16217A 16247T 16261G
MgAntanosyST034,MAD132,16182C 16183C 16189A 16217A 16247T 16261G
MgAntandroyST025,MAD46,16182C 16183C 16189A 16217A 16247T 16261G
MgAntandroyST026,MAD62,16182C 16183C 16189A 16217A 16247T 16261G
MgAntandroyST027,MAD63,16182C 16183C 16189A 16217A 16247T 16261G
MgAntandroyST028,MAD76,16182C 16183C 16189A 16217A 16247T 16261G
MgAntandroyST029,MAD78,16182C 16183C 16189A 16217A 16247T 16261G
MgAntandroyST030,MAD82,16182C 16183C 16189A 16217A 16247T 16261G
MgAntandroyST031,MAD84,16182C 16183C 16189A 16217A 16247T 16261G
MgAntandroyST032,MAD92,16182C 16183C 16189A 16217A 16247T 16261G
MgAntandroyST033,MAD109,16182C 16183C 16189A 16217A 16247T 16261G
MgAntandroyST034,MAD70,16182C 16183C 16189A 16217A 16247T 16261G
MgAntandroyST035,MAD72,16182C 16183C 16189A 16217A 16247T 16261G
MgAntandroyST036,MAD99,16182C 16183C 16189A 16217A 16247T 16261G
MgAntandroyST037,MAD104,16182C 16183C 16189A 16217A 16247T 16261G
MgAntandroyST038,MAD21,16182C 16183C 16189A 16217A 16247T 16261G
MgAntandroyST039,MAD54,16182C 16183C 16189A 16217A 16247T 16261G
MgAntandroyST040,MAD43,16182C 16183C 16189A 16217A 16247T 16261G
MgAntaisakaST006,MAD113,16182C 16183C 16189A 16217A 16247T 16261G
MgAntaisakaST007,MAD74,16182C 16183C 16189A 16217A 16247T 16261G
MgMerinaST005,MAD14,16182C 16183C 16189A 16217A 16247T 16261G
MgMerinaST006,MAD140,16182C 16183C 16189A 16217A 16246T 16247T 16261G
MgMerinaST007,MAD34,16182C 16183C 16189A 16217A 16246T 16247T 16261G
MgAntanosyST035,MAD13,16220C 16265T 16298A 16362A
MgAntanosyST036,MAD42,16220C 16265T 16298A 16362A
MgAntandroyST041,MAD48,16220C 16265T 16298A 16362A
MgAntandroyST042,MAD60,16220C 16265T 16298A 16362A
MgAntaisakaST008,MAD64,16220C 16265T 16298A 16355G 16362A
MgAntaisakaST009,MAD107,16207T 16218G 16241T 16255C 16304A 16311A
MgAntanosyST037,MAD23,16221G 16223G 16291G 16362A 16390C
MgAntanosyST038,MAD25,16221G 16223G 16291G 16362A 16390C
MgAntanosyST039,MAD58,16221G 16223G 16291G 16362A 16390C
MgAntaisakaST010,MAD44,16221G 16223G 16291G 16362A 16390C
MgAntandroyST043,MAD139,16221G 16223G 16291G 16362A 16390C
MgAntanosyST040,MAD111,16223G 16278G 16362A
MgAntanosyST041,MAD59,16223G 16263A 16311A
MgAntanosyST042,MAD22,16223G 16263A 16311A
MgAntandroyST044,MAD45,16223G 16263A 16311A
MgAntandroyST045,MAD96,16223G 16263A 16311A
MgAntandroyST046,MAD128,16223G 16263A 16311A
MgAntandroyST047,MAD85,16223G 16263A 16311A
MgAntandroyST048,MAD86,16223G 16263A 16278G 16311A
MgAntandroyST049,MAD83,16086A 16148G 16223G 16259G 16278G 16319C 16399T
MgAntandroyST050,MAD81,16086A 16148G 16223G 16259G 16278G 16319C 16399T
MgAntandroyST051,MAD87,16086A 16148G 16223G 16259G 16278G 16319C 16399T
MgAntandroyST052,MAD97,16086A 16148G 16223G 16259G 16278G 16319C 16399T
MgAntandroyST053,MAD101,16086A 16148G 16223G 16259G 16278G 16319C 16399T
MgAntandroyST054,MAD143,16086A 16148G 16223G 16259G 16278G 16319C 16399T
MgAntandroyST055,MAD93,16086A 16148G 16223G 16259G 16278G 16319C 16399T
MgAntanosyST043,MAD98,16086A 16148G 16223G 16259G 16278G 16319C 16399T
MgAntanosyST044,MAD52,16086A 16148G 16223G 16259G 16278G 16319C 16399T
MgAntanosyST045,MAD02,16223G 16295G 16362A
MgAntanosyST046,MAD03,16223G 16295G 16362A
MgAntanosyST047,MAD15,16223G 16295G 16362A
MgAntanosyST048,MAD56,16223G 16295G 16362A
MgAntanosyST049,MAD57,16223G 16295G 16362A
MgAntanosyST050,MAD77,16223G 16295G 16362A
MgAntanosyST051,MAD116,16223G 16295G 16362A
MgAntanosyST052,MAD130,16223G 16295G 16362A
MgAntanosyST053,MAD20,16223G 16295G 16305T 16362A
MgAntanosyST054,MAD106,16129C 16223G 16295G 16362A
MgMerinaST008,MAD12,16223G 16295G 16362A
MgMerinaST009,MAD117,16223G 16295G 16362A
MgAntandroyST056,MAD01,16223G 16295G 16362A
MgAntandroyST057,MAD67,16223G 16295G 16362A
MgAntandroyST058,MAD89,16223G 16295G 16362A
MgAntandroyST059,MAD38,16223G 16295G 16362A
MgAntaisakaST011,MAD32,16223G 16295G 16362A
