MgMalagasyMP001,1,16182C 16183C 16189C 16217C 16247G 16261T 16311C 16519C 73G 146C 263G 309.1C
MgMalagasyMP002,2,16223T 16295T 16362C 16519C 73G 146C 199C 263G 309.1C
MgMalagasyMP003,3,16182C 16183C 16189C 16223T 16278T 16290T 16294T 16390A 73G 263G
MgMalagasyMP004,4,16182C 16183C 16189C 16217C 16247G 16261T 16519C 73G 146C 263G 309.1C
MgMalagasyMP005,5,16223T 16295T 16362C 16519C 73G 146C 199C 263G 309.1C
MgMalagasyMP006,6,16221T 16223T 16291T 16362C 16390A 16519C 73G 263G 309.1C
MgMalagasyMP007,7,16182C 16183C 16189C 16217C 16247G 16261T 16519C 73G 146C 263G 309.1C
MgMalagasyMP008,8,16223T 16291T 16362C 16390A 16519C 73G 263G 309.1C 372C
MgMalagasyMP009,9,16223T 16263C 16311C 16519C 73G 152C 195C 204C 207A 263G
MgMalagasyMP010,10,16223T 16278T 16286T 16294T 16309G 16390A 16519C 73G 146C 152C 195C 263G 309.1C
MgMalagasyMP011,11,16223T 16295T 16362C 16519C 73G 146C 199C 204C 263G
MgMalagasyMP012,12,16169T 16213A 16223T 16240C 16254G 16316G 16335G 73G 152C 263G
MgMalagasyMP013,13,16223T 16295T 16362C 16519C 73G 146C 152C 199C 263G 309.1C
MgMalagasyMP014,14,16182C 16183C 16189C 16217C 16247G 16261T 16519C 73G 146C 263G 309.1C
MgMalagasyMP015,15,16148T 16172C 16187T 16188G 16189C 16223T 16230G 16311C 16320T 16519C 64T 93G 152C 189G 204C 207A 236C 247A 263G
MgMalagasyMP016,16,16093C 16124C 16223T 16278T 16362C 16519C 73G 263G
MgMalagasyMP017,17,16129A 16148T 16168T 16172C 16187T 16188G 16189C 16223T 16230G 16278T 16293G 16311C 16320T 16519C 93G 95C 185A 189G 236C 247A 263G
MgMalagasyMP018,18,16182C 16183C 16189C 16217C 16247G 16261T 16519C 73G 146C 263G 309.1C
MgMalagasyMP019,19,16124C 16223T 73G 263G
MgMalagasyMP020,20,16086C 16148T 16223T 16260T 16278T 16319A 16399G 16526A 73G 150T 263G
MgMalagasyMP021,21,16223T 16278T 16286T 16294T 16309G 16390A 16519C 73G 146C 152C 195C 263G
MgMalagasyMP022,22,16223T 16295T 16362C 16519C 73G 146C 199C 263G
MgMalagasyMP023,23,16223T 16295T 16362C 16519C 73G 146C 199C 263G
MgMalagasyMP024,24,16093C 16223T 16286T 16362C 16399C 73G 146C 263G
MgMalagasyMP025,25,16223T 16295T 16362C 16519C 73G 146C 189C 263G
MgMalagasyMP026,26,16093C 16223T 16278T 16362C 16519C 73G 263G 372C
MgMalagasyMP027,27,16223T 16295T 16362C 16519C 73G 146C 199C 204C 263G
MgMalagasyMP028,28,16223T 16295T 16362C 16519C 73G 146C 199C 263G 309.1C
MgMalagasyMP029,29,16182C 16183C 16189C 16217C 16247G 16261T 16519C 73G 146C 263G 309.1C
MgMalagasyMP030,30,16185T 16223T 16327T 16519C 73G 150T 189G 200G 263G
MgMalagasyMP031,31,16263C 16311C 16519C 73G 152C 195C 204C 263G
MgMalagasyMP032,32,16221T 16223T 16291T 16362C 16390A 16519C 73G 263G 309.1C 372C
MgMalagasyMP033,33,16124C 16223T 16278T 16362C 16519C 73G 263G
MgMalagasyMP034,34,16182C 16183C 16189C 16217C 16247G 16261T 16519C 73G 146C 263G 309.1C
MgMalagasyMP035,35,16172C 16183C 16189C 16213A 16223T 16320T 16519C 73G 150T 152C 195C 263G 309.1C
MgMalagasyMP036,36,16148T 16172C 16187T 16188G 16189C 16223T 16230G 16311C 16320T 16519C 64T 93G 95C 152C 189G 207A 215G 236C 247A 263G
MgMalagasyMP037,37,16220C 16265G 16298C 16362C 16519C 73G 150T 152C 263G
MgMalagasyMP038,38,16093C 16223T 16278T 16362C 16519C 73G 263G
MgMalagasyMP039,39,16124C 16223T 16319A 73G 150T 152C 263G 309.1C
MgMalagasyMP040,40,16223T 16263C 16311C 16519C 73G 152C 195G 263G
MgMalagasyMP041,41,16220C 16265G 16298C 16362C 16519C 73G 150T 152C 200G 263G
MgMalagasyMP042,42,16223T 16295T 16362C 16519C 73G 146C 199C 263G 309.1C
MgMalagasyMP043,43,16129A 16209C 16223T 16292T 16295T 16311C 16519C 73G 189G 200G 263G 272G
MgMalagasyMP044,44,16223T 16278T 16362C 16519C 73G 263G 309.1C
MgMalagasyMP045,45,16124C 16223T 16256T 16368C 73G 152C 263G
MgMalagasyMP046,46,16223T 16295T 16362C 16519C 73G 146C 199C 263G 309.1C
MgMalagasyMP047,47,16223T 16327T 73G 150T 152C 189G 263G
MgMalagasyMP048,48,16183C 16189C 16223T 16224C 16278T 16309G 16390A 16519C 73G 146C 152C 182T 183G 263G
MgMalagasyMP049,49,16182C 16183C 16189C 16217C 16247G 16261T 16519C 73G 146C 263G 309.1C
MgMalagasyMP050,50,16223T 16295T 16362C 16519C 73G 146C 199C 263G
MgMalagasyMP051,51,16086C 16148T 16223T 16259T 16278T 16319A 16399G 16526A 73G 150T 200G 263G
MgMalagasyMP052,52,16223T 16263C 16311C 16519C 73G 152C 195C 204C 263G
MgMalagasyMP053,53,16223T 16295T 16362C 16519C 73G 146C 199C 263G
MgMalagasyMP054,54,16223T 16295T 16362C 16519C 73G 146C 199C 263G 309.1C
MgMalagasyMP055,55,16221T 16223T 16291T 16362C 16390A 16519C 73G 263G 309.1C 372C
MgMalagasyMP056,56,16182C 16183C 16189C 16223T 16278T 16290T 16293T 16309G 16390A 73G 263G
MgMalagasyMP057,57,16086C 16148T 16223T 16259T 16278T 16319A 16399G 16526A 73G 150T 200G 263G
MgMalagasyMP058,58,16182C 16183C 16189C 16217C 16247G 16261T 16519C 73G 146C 263G 309.1C
MgMalagasyMP059,59,16220C 16265G 16298C 16362C 73G 150T 152C 263G 309.1C
MgMalagasyMP060,60,16223T 16295T 16362C 16519C 73G 146C 199C 263G 309.1C
MgMalagasyMP061,61,16223T 16278T 16286T 16294T 16309G 16390A 16519C 73G 146C 152C 195C 263G 309.1C
MgMalagasyMP062,62,16223T 16278T 16293G 16294T 16309G 16390A 16519C 73G 146C 152C 195C 263G 309.1C
MgMalagasyMP063,63,16223T 16295T 16362C 16519C 73G 146C 199C 263G 309.1C
MgMalagasyMP064,64,16220C 16265G 16298C 16362C 60C 73G 150T 152C 263G
MgMalagasyMP065,65,16295T 16362C 16519C 73G 146C 199C 263G
MgMalagasyMP066,66,16182C 16183C 16189C 16247G 16261T 16519C 73G 146C 263G 309.1C 309.2C
MgMalagasyMP067,67,16223T 16263C 16311C 16519C 73G 152C 195C 263G
MgMalagasyMP068,68,16182C 16183C 16189C 16217C 16247G 16261T 16519C 73G 146C 263G
MgMalagasyMP069,69,16263C 16311C 16519C 73G 152C 195C 204C 263G
MgMalagasyMP070,70,16093C 16148T 16172C 16187T 16188G 16189C 16223T 16230C 16311C 16320T 16519C 64T 93G 95C 152C 189G 207A 236C 247A 263G
MgMalagasyMP071,71,16223T 16263C 16311C 16519C 73G 152C 195C 263G
MgMalagasyMP072,72,16209C 16362C 16519C 73G 146C 199C 263G 309.1C
MgMalagasyMP073,73,16182C 16183C 16189C 16217C 16247G 16261T 16519C 73G 146C 195C 263G
MgMalagasyMP074,74,16129A 16187T 16189C 16223T 16278T 16293G 16294T 16311C 16360T 16519C 73G 150T 152C 182T 186A 189C 195C 263G
MgMalagasyMP075,75,16182C 16183C 16189C 16247G 16261T 16519C 73G 146C 263G
MgMalagasyMP076,76,16182C 16183C 16223T 16278T 16290T 16294T 16309G 16390A 16519C 73G 146C 195C 263G
MgMalagasyMP077,77,16278T 16286T 16294T 16309G 16390A 16519C 73G 146C 152C 195C 263G
MgMalagasyMP078,78,16086C 16148T 16223T 16259T 16278T 16319A 16399G 16526A 73G 150T 200G 263G
MgMalagasyMP079,79,16093C 16223T 16278T 16362C 16519C 73G 263G
MgMalagasyMP080,80,16182C 16183C 16189C 16247G 16261T 16319A 16519C 73G 146C 263G 309.1C 309.2C
MgMalagasyMP081,81,16086C 16148T 16223T 16259T 16278T 16319A 16399G 16526A 73G 150T 200G 263G
MgMalagasyMP082,82,16209C 16223T 16311C 16519C 73G 146C 150T 189C 200G 263G
MgMalagasyMP083,83,16223T 16295T 16362C 16519C 73G 146C 199C 263G 309.1C
MgMalagasyMP084,84,16124C 16183C 16189C 16223T 16278T 16304C 16311C 73G 152C 263G
MgMalagasyMP085,85,16182C 16183C 16189C 16217C 16247G 16261T 16519C 73G 146C 263G
MgMalagasyMP086,86,16182C 16183C 16189C 16261T 16519C 73G 146C 263G
MgMalagasyMP087,87,16093C 16223T 16278T 16362C 16519C 73G 263G
MgMalagasyMP088,88,16291T 16362C 16390A 16519C 73G 263G 372C
MgMalagasyMP089,89,16169T 16213A 16223T 16240C 16254G 16316G 16335G 73G 152C 263G
MgMalagasyMP090,90,16278T 16286T 16294T 16309G 16390A 16519C 73G 146C 152C 195C 263G
MgMalagasyMP091,91,16182C 16183C 16189C 16217C 16247G 16261T 16519C 73G 146C 263G
MgMalagasyMP092,92,16182C 16183C 16189C 16217C 16247G 16261T 16519C 73G 146C 263G
MgMalagasyMP093,93,16221T 16223T 16291T 16362C 16390A 16519C 73G 263G 372C
MgMalagasyMP094,94,16086C 16148T 16223T 16259T 16278T 16319A 16399G 16526A 73G 150T 200G 263G
MgMalagasyMP095,95,16223T 16295T 16362C 16519C 73G 146C 199C 263G 309.1C
MgMalagasyMP096,96,16223T 16295T 16362C 16519C 73G 146C 199C 263G 309.1C
MgMalagasyMP097,97,16223T 16256T 16278T 16294T 16390A 16519C 73G 143A 146C 152C 195C 263G
MgMalagasyMP098,98,16223T 16224C 16519C 73G 152C 200G 263G
MgMalagasyMP099,99,16209C 16292T 16362C 16519C 73G 146C 199C 263G 309.1C
MgMalagasyMP100,100,16093C 16223T 16355T 73G 150T 152C 235G 263G
MgMalagasyMP101,101,16223T 16295T 16362C 16519C 73G 146C 199C 263G 309.1C
MgMalagasyMP102,102,16223T 16295T 16362C 16519C 73G 146C 263G
MgMalagasyMP103,103,16182C 16183C 16189C 16223T 16278T 16290T 16294T 16309G 16390A 73G 146C 152C 195C 263G
MgMalagasyMP104,104,16182C 16183C 16189C 16217C 16247G 16261T 16519C 73G 146C 263G 309.1C
MgMalagasyMP105,105,16221T 16223T 16291T 16362C 16390A 16519C 73G 263G 309.1C 372C
MgMalagasyMP106,106,16209C 16220C 16265G 16298C 16362C 73G 150T 152C 263G 309.1C
MgMalagasyMP107,107,16220C 16265G 16298C 16362C 73G 150T 152C 262G
MgMalagasyMP108,108,16223T 16362C 16519C 73G 146C 199C 263G 309.1C
MgMalagasyMP109,109,16148T 16172C 16187T 16188G 16209C 16223T 16230G 16260T 16311C 16320T 16519C 64T 93G 152C 189G 204C 207A 236C 247A 263G
MgMalagasyMP110,110,16209C 16223T 16316C 16519C 73G 146C 150T 189G 200G 263G
MgMalagasyMP111,111,16221T 16223T 16291T 16362C 16390A 16519C 73G 263G 309.1C 372C
MgMalagasyMP112,112,16179T 16183C 16189C 16223T 16239T 16311C 16320T 16362C 16519C 73G 150T 199C 204C 263G
MgMalagasyMP113,113,16185T 16223T 16311C 16327T 73G 150T 185A 189G 237G 263G
MgMalagasyMP114,114,16124C 16182C 16183C 16189C 16217C 16247G 16261T 16519C 73G 146C 263G 309.1C
MgMalagasyMP115,115,16182C 16183C 16189C 16215G 16223T 16278T 16294T 16311C 16360T 73G 151T 152C 182T 186A 189C 247A 263G 309.1C 316A
MgMalagasyMP116,116,16220C 16265G 16298C 16362C 73G 150T 152C 263G 309.1C
MgMalagasyMP117,117,16223T 16295T 16362C 16519C 73G 146C 199C 263G 309.1C
MgMalagasyMP118,118,16223T 16295T 16362C 16519C 73G 146C 263G
MgMalagasyMP119,119,16223T 16295T 16362C 16519C 73G 146C 199C 263G 309.1C
MgMalagasyMP120,120,16223T 16278T 16286T 16294T 16309G 16390A 16519C 73G 146C 152C 195C 263G 309.1C
MgMalagasyMP121,121,16148T 16172C 16187T 16188G 16209C 16223T 16230G 16311C 16320T 16519C 64T 93G 152C 189G 204C 207A 236C 247A 263G
MgMalagasyMP122,122,16223T 16295T 16362C 16519C 73G 146C 199C 263G
MgMalagasyMP123,123,16223T 16295T 16296T 16362C 16519C 73G 146C 263G
MgMalagasyMP124,124,16223T 16263C 16311C 16519C 73G 152C 195C 204C 207A 263G
MgMalagasyMP125,125,16223T 16278T 16286T 16294T 16309G 16390A 73G 146C 152C 195C 263G 309.1C
MgMalagasyMP126,126,16086C 16148T 16223T 16259T 16278T 16319A 16399G 16526A 73G 150T 152C 200G 263G
MgMalagasyMP127,127,16182C 16183C 16189C 16223T 16224C 16278T 16309G 16390A 16519C 73G 146C 152C 182T 183G 263G
MgMalagasyMP128,128,16185T 16223T 16327T 16519C 73G 150T 189G 200G 263G
MgMalagasyMP129,129,16182C 16183C 16189C 16223T 16278T 16290T 16294T 16309G 16390A 73G 146C 152C 195C 263G
MgMalagasyMP130,130,16220C 16265G 16298C 16362C 73G 150T 152C 263G
MgMalagasyMP131,131,16223T 16295T 16362C 16519C 73G 146C 199C 263G 309.1C
MgMalagasyMP132,132,16182C 16183C 16189C 16247G 16261T 16519C 73G 146C 263G
MgMalagasyMP133,133,16223T 16278T 16286T 16294T 16309G 16390A 16519C 73G 146C 152C 195C 263G 309.1C
MgMalagasyMP134,134,16092C 16145A 16182C 16183C 16189C 16217C 16247G 16261T 16519C 73G 146C 263G 309.1C
MgMalagasyMP135,135,16220C 16265G 16298C 16362C 73G 150T 152C 200G 234G 249d 263G
MgMalagasyMP136,136,16182C 16183C 16189C 16247G 16261T 16519C 73G 146C 263G
MgMalagasyMP137,137,16221T 16223T 16291T 16362C 16390A 16519C 73G 263G 309.1C 372C
MgMalagasyMP138,138,16183C 16189C 16223T 16224C 16274T 16309G 16390A 16519C 73G 143A 146C 152C 182T 183G 263G
MgMalagasyMP139,139,16185T 16223T 16327T 16519C 73G 150T 189G 200G 263G
MgMalagasyMP140,140,16148T 16223T 16259T 16278T 16319A 16399G 16526A 73G 150T 263G
MgMalagasyMP141,141,16223T 16274A 16319A 16519C 73G 146C 263G 309.1C
MgMalagasyMP142,142,16182C 16183C 16189C 16217C 16247G 16261T 16519C 73G 146C 263G 309.1C
MgMalagasyMP143,143,16223T 16263C 16311C 16519C 73G 152C 195C 204C 263G
MgMalagasyMP144,144,16182C 16183C 16189C 16217C 16247G 16261T 16357C 16519C 73G 146C 263G 309.1C
MgMalagasyMP145,145,16209C 16362C 16519C 73G 146C 199C 263G 309.1C
MgMalagasyMP146,146,16182C 16183C 16189C 16217C 16247G 16261T 16519C 73G 146C 189C 263G 309.1C
MgMalagasyMP147,147,16172C 16183C 16189C 16213A 16223T 16311C 16320T 16519C 73G 150T 152C 195C 263G 309.1C
MgMalagasyMP148,148,16182C 16183C 16189C 16217C 16247G 16261T 16519C 73G 146C 263G 309.1C
MgMalagasyMP149,149,16129A 16148T 16168T 16172C 16187T 16188G 16189C 16223T 16230G 16278T 16293G 16311C 16320T 93G 95C 185A 189G 236C 247A 263G
MgMalagasyMP150,150,16221T 16223T 16291T 16362C 16390A 16519C 73G 263G 309.1C
MgMalagasyMP151,151,16124C 16223T 16291T 73G 152C 263G
MgMalagasyMP152,152,16169T 16213A 16223T 16240C 16254G 16316G 16335G 73G 152C 263G
MgMalagasyMP153,153,16182C 16183C 16189C 16217C 16223T 16247G 16261T 16325C 16519C 73G 146C 263G 309.1C
MgMalagasyMP154,154,16093C 16223T 16278T 16362C 16519C 73G 263G
MgMalagasyMP155,155,16223T 16295T 16362C 16519C 73G 146C 199C 263G 309.1C
MgMalagasyMP156,156,16221T 16223T 16291T 16362C 16390A 16519C 73G 263G 309.1C 372C
MgMalagasyMP157,157,16223T 16295T 16362C 16519C 73G 146C 199C 263G 309.1C
MgMalagasyMP158,158,16093C 16124C 16223T 16278T 16362C 16519C 73G 263G
MgMalagasyMP159,159,16169T 16213A 16223T 16240C 16254G 16316G 16335G 73G 152C 263G
MgMalagasyMP160,160,16223T 16263C 16311C 16519C 73G 152C 195C 204C 263G
MgMalagasyMP161,161,16221T 16223T 16291T 16390A 16519C 73G 263G 372C
MgMalagasyMP162,162,16182C 16183C 16189C 16217C 16247G 16261T 16357C 16519C 73G 146C 263G 309.1C
MgMalagasyMP163,163,16223T 16265T 16519C 73G 150T 195C 263G
MgMalagasyMP164,164,16221T 16223T 16291T 16362C 16390A 16519C 73G 263G 309.1C 372C
MgMalagasyMP165,165,16221T 16223T 16291T 16362C 16390A 16519C 73G 263G 309.1C 372C
MgMalagasyMP166,166,16223T 16263C 16278T 16311C 16519C 73G 152C 195C 204C 263G
MgMalagasyMP167,167,16182C 16183C 16189C 16217C 16247G 16261T 16519C 73G 146C 263G 309.1C
MgMalagasyMP168,168,16086C 16148T 16223T 16259T 16278T 16319A 16399G 16526A 73G 150T 200G 263G
