MlBambaraBE001,BAM676,16126A 16187G 16189A 16223G 16264G 16270G 16278G 16311A
MlBambaraBE002,BAM612,16126A 16187G 16189A 16223G 16256G 16264G 16270G 16278G 16293T 16311A
MlBambaraBE003,BAM595,16126A 16187G 16189A 16223G 16264G 16266G 16270G 16278G 16293T 16311A
MlBambaraBE004,BAM599,16126A 16187G 16189A 16223G 16264G 16266G 16270G 16278G 16293T 16311A
MlBambaraBE005,BAM600-2,16126A 16187G 16189A 16223G 16264G 16270G 16278G 16293T 16311A
MlBambaraBE006,BAM060,16223G 16278G 16294G 16368A 16390C
MlBambaraBE007,BAM598,16189A 16192G 16209A 16223G 16278G 16294G 16309T 16390C
MlBambaraBE008,BAM604,16223G 16278G 16286G 16294G 16309T 16390C
MlBambaraBE009,BAM627,16114A 16213C 16223G 16278G 16290G 16355G 16390C
MlBambaraBE010,BAM659,16114A 16129C 16213C 16223G 16278G 16362A 16390C
MlBambaraBE011,BAM037,16129C 16223G 16261G 16278G 16390C
MlBambaraBE012,BAM685,16183T 16223G 16264G 16278G 16320G 16390C
MlBambaraBE013,BAM679-1,16223G 16264G 16278G 16390C
MlBambaraBE014,BAM629,16111A 16145C 16184G 16223G 16239G 16278G 16292G 16355G 16390C 16399T 16400G
MlBambaraBE015,BAM068,16124A 16223G 16278G 16362A
MlBambaraBE016,BAM072,16223G 16284T 16320G
MlBambaraBE017,BAM605,16093A 16148G 16223G 16265T 16311A
MlBambaraBE018,BAM027,16049C 16129C 16209A 16223G 16292G 16295G 16311A
MlBambaraBE019,BAM614,16223G 16272T 16292G 16311A
MlMalinkeBE001,BAM 552,16111G 16126A 16187G 16189A 16223G 16239G 16270G 16278G 16311A
MlMalinkeBE002,BAM 237,16126A 16187G 16189A 16223G 16239G 16264G 16270G 16278G 16311A
MlMalinkeBE003,BAM 357,16126A 16187G 16189A 16223G 16239G 16264G 16270G 16278G 16311A
MlMalinkeBE004,BAM 040,16126A 16187G 16189A 16223G 16264G 16270G 16278G 16311A
MlMalinkeBE005,BAM 385,16093A 16126A 16145C 16187G 16189A 16223G 16264G 16270G 16278G 16293T 16311A
MlMalinkeBE006,BAM 555,16126A 16187G 16189A 16213C 16223G 16260G 16264G 16270G 16278G 16293T 16311A
MlMalinkeBE007,BAM 225,16126A 16187G 16189A 16223G 16264G 16270G 16278G 16293T 16311A 16362A 16400G
MlMalinkeBE008,BAM 407,16129C 16189A 16215T 16223G 16278G 16294G 16311A 16360G
MlMalinkeBE009,BAM 013,16129C 16187G 16189A 16223G 16265T 16286G 16294G 16311A 16360G
MlMalinkeBE010,BAM 397,16189A 16192G 16223G 16278G 16294G 16390C
MlMalinkeBE011,BAM 221,16189A 16223G 16278G 16294G 16390C
MlMalinkeBE012,BAM 426,16223G 16278G 16286G 16294G 16390C
MlMalinkeBE013,BAM 083,16223G 16278G 16294G 16390C
MlMalinkeBE014,BAM 414,16093A 16189A 16192G 16223G 16265T 16278G 16294G 16309T 16390C
MlMalinkeBE015,BAM 143,16086A 16223G 16230T 16278G 16294G 16309T 16390C
MlMalinkeBE016,BAM 117,16092A 16223G 16278G 16294G 16309T 16390C
MlMalinkeBE017,BAM 341,16093A 16223G 16278G 16294G 16309T 16390C
MlMalinkeBE018,BAM 534,16140A 16189A 16192G 16223G 16278G 16294G 16309T 16390C
MlMalinkeBE019,BAM 665,16189A 16192G 16223G 16266G 16278G 16294G 16309T 16390C
MlMalinkeBE020,BAM 082,16189A 16192G 16223G 16278G 16294G 16309T
MlMalinkeBE021,BAM 174,16192G 16223G 16278G 16294G 16309T 16390C
MlMalinkeBE022,BAM 195,16192G 16223G 16278G 16294G 16309T 16390C
MlMalinkeBE023,BAM 395,16223G 16278G 16294G 16309T 16368A 16390C
MlMalinkeBE024,BAM 406,16223G 16278G 16294G 16309T 16390C
MlMalinkeBE025,BAM 204,16223G 16278G 16309T 16390C
MlMalinkeBE026,BAM 296,16056G 16114A 16129C 16213C 16223G 16278G 16362A 16390C
MlMalinkeBE027,BAM 085,16093A 16114A 16129C 16213C 16223G 16278G 16355G 16362A 16390C
MlMalinkeBE028,BAM 577,16114A 16129C 16213C 16223G 16278G 16311A 16355G 16362A 16390C
MlMalinkeBE029,BAM 290,16114A 16129C 16213C 16223G 16278G 16362A 16390C
MlMalinkeBE030,BAM 319,16114A 16129C 16213C 16223G 16278G 16362A 16390C
MlMalinkeBE031,BAM 401,16129C 16223G 16261G 16278G 16362A 16390C
MlMalinkeBE032,BAM 631,16162T 16223G 16261G 16278G 16390C
MlMalinkeBE033,BAM 427,16223G 16278G 16362A 16390C
MlMalinkeBE034,BAM 652,16223G 16278G 16390C
MlMalinkeBE035,BAM 269,16223G 16256G 16261G 16278G 16318T 16390C
MlMalinkeBE036,BAM 432,16093A 16223G 16264G 16278G 16362A 16390C
MlMalinkeBE037,BAM 151,16223G 16264G 16278G 16390C
MlMalinkeBE038,BAM 680,16223G 16264G 16278G 16390C
MlMalinkeBE039,BAM 681,16223G 16264G 16278G 16390C
MlMalinkeBE040,BAM 187,16129C 16278G 16300T 16354G 16390C 16399T
MlMalinkeBE041,BAM 110,16111A 16145C 16184G 16223G 16239G 16278G 16292G 16355G 16360G 16390C 16399T 16400G
MlMalinkeBE042,BAM 463,16124A 16223G 16278G
MlMalinkeBE043,BAM 185,16124A 16223G 16278G 16362A
MlMalinkeBE044,BAM 420,16124A 16223G 16278G 16362A
MlMalinkeBE045,BAM 430,16124A 16223G 16278G 16362A
MlMalinkeBE046,BAM 384,16223G 16278G 16362A
MlMalinkeBE047,BAM 461,16111G 16124A 16223G
MlMalinkeBE048,BAM 521,16111G 16124A 16223G
MlMalinkeBE049,BAM 160,16124A 16223G
MlMalinkeBE050,BAM 375,16172A 16223G 16239G 16320G
MlMalinkeBE051,BAM 402,16172A 16223G 16320G 16353G
MlMalinkeBE052,BAM 467,16188G 16223G
MlMalinkeBE053,BAM 525,16188G 16223G 16320G
MlMalinkeBE054,BAM 041,16223G 16257G 16290A 16320G
MlMalinkeBE055,BAM 464,16223G 16320G
MlMalinkeBE056,BAM 260,16223G 16320G 16362A
MlMalinkeBE057,BAM 070,16157A 16209A 16223G 16274C 16292G 16304A 16311A
MlMalinkeBE058,BAM 398,16188G 16209A 16223G 16292G 16311A
MlMalinkeBE059,BAM 116,16209A 16223G 16274C 16292G 16311A
MlMalinkeBE060,BAM 061,16189A 16192G 16270G 16320G
MlMalinkeBE061,BAM 047,16189A 16192G 16270G 16320G
