KeNairobiAB112,Nairobi-112,16145A 16182C 16183C 16189C 16223T 16224C 16278T 16294T 16390A 73G 143A 146C 152C 189G 195C 199C 263G 309.1C 309.2C 315.1C
KeNairobiAB111,Nairobi-111,16223T 16325d 16327T 73G 150T 152C 185A 189G 263G 309.1C 315.1C
KeNairobiAB110,Nairobi-110,16093Y 16169T 16207C 16223T 16260T 16311C 16362C 16519C 73G 195C 198T 263G 315.1C 325T
KeNairobiAB109,Nairobi-109,16148T 16170G 16172C 16187T 16188G 16189C 16223T 16230G 16311C 16320T 16519C 93G 152C 189G 236C 247A 263G 315.1C 523d 524d
KeNairobiAB108,Nairobi-108,16129A 16148T 16168T 16172C 16187T 16188G 16189C 16223T 16230G 16287T 16293G 16294T 16311C 16519C 93G 151T 152C 185A 189G 236C 247A 263G 315.1C 523d 524d 553T
KeNairobiAB107,Nairobi-107,16111T 16129A 16148T 16166G 16172C 16187T 16189C 16223T 16254G 16278T 16360T 73G 189G 195C 247d 263G 309.1C 315.1C 535T
KeNairobiAB106,Nairobi-106,16129A 16148T 16166d 16172C 16187T 16188G 16189C 16223T 16230G 16311C 16320T 16519C 93G 152C 189G 204C 207A 236C 247A 263G 315.1C 523d 524d
KeNairobiAB105,Nairobi-105,16069T 16169T 16171G 16223T 16278T 16519C 73G 150T 204C 207A 263G 315.1C 523d 524d
KeNairobiAB104,Nairobi-104,16148T 16223T 16292T 16311C 16399G 73G 146C 152C 263G 315.1C
KeNairobiAB103,Nairobi-103,16052T 16129A 16169T 16187T 16189C 16223T 16230G 16278T 16290T 16311C 16325C 16327T 16354T 16360T 16368C 16519C 143A 146C 152C 189G 247A 263G 315.1C 523d 524d
KeNairobiAB102,Nairobi-102,16172C 16223T 16266T 16293T 16311C 16355T 16362C 16399G 16519C 73G 146C 244G 263G 309.1C 315.1C 391C
KeNairobiAB101,Nairobi-101,16129A 16148T 16168T 16172C 16187T 16188G 16189C 16223T 16230G 16278T 16293G 16311C 16320T 16519C 89C 93G 95C 185A 189G 236C 247A 263G 309.1C 315.1C 523d 524d
KeNairobiAB100,Nairobi-100,16172C 16183C 16189C 16223T 16320T 16519C 73G 150T 195C 241.1T 241.2A 241.3A 263G 315.1C
KeNairobiAB099,Nairobi-099,16129A 16169T 16172C 16187T 16189C 16223T 16230G 16278T 16311C 16325C 16327T 16354T 16368C 73G 146C 152C 185A 189G 199C 207A 247A 263G 315.1C
KeNairobiAB098,Nairobi-098,16172C 16223T 16293T 16311C 16355T 16399G 73G 146C 244G 263G 315.1C
KeNairobiAB097,Nairobi-097,16071T 16172C 16223T 16293T 16311C 16355T 16362C 16399G 16519C 73G 146C 244G 263G 315.1C
KeNairobiAB096,Nairobi-096,16129A 16169T 16172C 16187T 16189C 16223T 16278T 16311C 16327T 16368C 16519C 44.1C 146C 152C 189G 204C 207A 247A 263G 315.1C 511T
KeNairobiAB095,Nairobi-095,16093C 16124C 16223T 16278T 16362C 16519C 73G 263G 309.1C 315.1C 523d 524d
KeNairobiAB094,Nairobi-094,16126C 16209C 16223T 16519C 73G 228A 263G 315.1C
KeNairobiAB093,Nairobi-093,16069T 16126C 16266T 16519C 73G 185A 188G 228A 263G 295T 309.1C 315.1C 462T 489C
KeNairobiAB091,Nairobi-091,16093C 16124C 16223T 16278T 16362C 16519C 73G 263G 315.1C 523d 524d
KeNairobiAB090,Nairobi-090,16172C 16192T 16223T 16249C 16293T 16311C 16355T 16362C 16399G 16488T 16519C 73G 146C 244G 263G 309.1C 315.1C 391C
KeNairobiAB089,Nairobi-089,16052T 16129A 16169T 16187T 16189C 16223T 16230G 16278T 16290T 16311C 16325C 16327T 16344T 16354T 16368C 16519C 143A 146C 152C 185A 189G 247A 263G 309.1C 315.1C 523d 524d
KeNairobiAB088,Nairobi-088,16189C 16223T 16245T 16278T 16294T 16390A 16519C 73G 143A 146C 152C 195C 263G 315.1C
KeNairobiAB087,Nairobi-087,16185T 16223T 16311C 16327T 73G 150T 185A 189G 263G 315.1C
KeNairobiAB086,Nairobi-086,16111T 16153A 16223T 16293T 16311C 16355T 16362C 16399G 16519C 73G 146C 244G 263G 315.1C 398C 513d 514d
KeNairobiAB085,Nairobi-085,16129A 16169T 16172C 16187T 16189C 16223T 16278T 16311C 16327T 16368C 16519C 44.1C 146C 152C 189G 204C 207A 247A 263G 315.1C 511T
KeNairobiAB084,Nairobi-084,16169T 16172C 16187T 16189C 16223T 16230G 16265G 16278T 16311C 16319A 16327T 16354T 16368C 93G 95C 151T 152C 173C 185A 189G 247A 263G 315.1C 523d 524d 573.1C 573.2C 573.3C 573.4C 573.5C
KeNairobiAB083,Nairobi-083,16183C 16189C 16223T 16224C 16278T 16390A 16519C 73G 146C 152C 182T 183G 263G 309.1C 315.1C 511T
KeNairobiAB082,Nairobi-082,16129A 16148T 16168T 16172C 16187T 16188G 16189C 16223T 16230G 16311C 16320T 64T 93G 152C 185A 189G 236C 247A 263G 309.1C 315.1C 523d 524d
KeNairobiAB081,Nairobi-081,16169T 16223T 16278T 16519C 73G 150T 204C 207A 263G 315.1C 523d 524d
KeNairobiAB080,Nairobi-080,16093C 16126C 16187T 16189C 16223T 16264T 16270T 16278T 16293G 16311C 16519C 73G 152C 182T 185T 189G 195C 247A 263G 309.1C 315.1C 357G 523d 524d
KeNairobiAB079,Nairobi-079,16093C 16223T 16256T 16278T 16294T 16309G 16390A 16519C 73G 143A 146C 152C 195C 263G 315.1C
KeNairobiAB078,Nairobi-078,16114T 16126C 16362C 16519C 57.1C 64T 263G 309.1C 315.1C
KeNairobiAB077,Nairobi-077,16129A 16163G 16187T 16189C 16209C 16223T 16278T 16293G 16294T 16298C 16311C 16360T 16519C 73G 152C 182T 186A 189C 194T 198T 247d 263G 309.1C 315.1C 316A 523d 524d
KeNairobiAB076,Nairobi-076,16183C 16189C 16223T 16243C 16311C 16362C 16519C 73G 195C 263G 315.1C
KeNairobiAB075,Nairobi-075,16093C 16148T 16172C 16173T 16187T 16188G 16189C 16223T 16230G 16311C 16320T 16399G 16519C 93G 152C 236C 247A 263G 309.1C 315.1C 523d 524d
KeNairobiAB074,Nairobi-074,16129A 16209C 16223T 16292T 16295T 16311C 16519C 73G 150T 263G 272G 309.1C 315.1C
KeNairobiAB073,Nairobi-073,16172C 16183C 16189C 16219G 16278T 73G 103A 146C 195C 263G 309.1C 315.1C
KeNairobiAB072,Nairobi-072,16172C 16223T 16293T 16311C 16355T 16362C 16399G 16519C 73G 146C 244G 263G 309.1C 315.1C 391C
KeNairobiAB071,Nairobi-071,16209C 16223T 16292T 16311C 16519C 73G 146C 189G 200G 263G 315.1C
KeNairobiAB070,Nairobi-070,16129A 16182G 16189C 16223T 16249C 16265C 16311C 16519C 73G 195C 263G 315.1C 489C
KeNairobiAB069,Nairobi-069,16051G 16129A 16148T 16172C 16187T 16188G 16189C 16223T 16230G 16311C 16320T 93G 95C 185A 189G 236C 247A 263G 309.1C 315.1C
KeNairobiAB068,Nairobi-068,16093C 16129A 16148T 16166G 16183d 16187T 16189C 16223T 16278T 16311C 16355T 16362C 73G 151T 152C 182T 195C 247A 263G 315.1C 455.1T 455.2T 455.3C 513d 514d
KeNairobiAB066,Nairobi-066,16176T 16209C 16223T 16256T 73G 152C 189G 195C 263G 309.1C 315.1C 318C
KeNairobiAB065,Nairobi-065,16129A 16189C 16223T 16249C 16311C 16359C 16519C 73G 150T 195C 198T 263G 309.1C 315.1C 489C 523d 524d
KeNairobiAB064,Nairobi-064,16209C 16223T 16234T 16311C 16519C 73G 189G 263G 309.1C 315.1C 523d 524d
KeNairobiAB063,Nairobi-063,16189C 16223T 16278T 16294T 16309G 16390A 73G 143A 146C 152C 195C 263G 315.1C
KeNairobiAB061,Nairobi-061,16223T 16325d 16327T 73G 150T 185A 189G 263G 309.1C 315.1C
KeNairobiAB060,Nairobi-060,16082T 16223T 16265T 16519C 73G 150T 195C 198T 263G 309.1C 315.1C 523d 524d 573.1C 573.2C 573.3C 573.4C 573.5C
KeNairobiAB059,Nairobi-059,16223T 16265T 16519C 73G 150T 195C 263G 309.1C 315.1C 523d 524d 573.1C 573.2C 573.3C 573.4C
KeNairobiAB058,Nairobi-058,16148T 16172C 16187T 16188G 16189C 16223T 16230G 16311C 16320T 16519C 64T 93G 146C 152C 185A 189G 236C 247A 263G 309.1C 315.1C 523d 524d
KeNairobiAB057,Nairobi-057,16111T 16223T 16293T 16311C 16355T 16362C 16399G 16519C 73G 146C 244G 263G 315.1C 398C 513d 514d
KeNairobiAB056,Nairobi-056,16223T 16311C 16354T 16399G 73G 146C 153G 263G 315.1C
KeNairobiAB055,Nairobi-055,16183C 16189C 16223T 16249C 16311C 16519C 73G 195C 263G 309.1C 315.1C 489C 524.1A 524.2C
KeNairobiAB054,Nairobi-054,16172C 16223T 16293T 16311C 16355T 16362C 16399G 73G 146C 244G 263G 315.1C
KeNairobiAB053,Nairobi-053,16129A 16209C 16223T 16292T 16295T 16311C 16519C 73G 189G 200G 263G 315.1C
KeNairobiAB052,Nairobi-052,16129A 16148T 16168T 16172C 16187T 16188G 16189C 16223T 16230G 16311C 16320T 64T 93G 152C 185A 189G 200G 236C 247A 263G 315.1C 523d 524d
KeNairobiAB051,Nairobi-051,16129A 16147A 16169T 16172C 16187T 16189C 16223T 16230G 16278T 16311C 16327T 16368C 16390A 16399G 16519C 44.1C 146C 185A 189G 204C 207A 247A 309.1C 315.1C 511T
KeNairobiAB050,Nairobi-050,16189C 16223T 16287G 16293T 16311C 16355T 16362C 16399G 73G 146C 152C 244G 263G 315.1C 513A 573.1C 573.2C 573.3C 573.4C 573.5C 573.6C
KeNairobiAB049,Nairobi-049,16172C 16183C 16189C 16223T 16320T 16519C 73G 150T 195C 198T 263G 315.1C
KeNairobiAB048,Nairobi-048,16172C 16209C 16223T 16293T 16311C 16355T 16399G 73G 146C 244G 263G 315.1C
KeNairobiAB047,Nairobi-047,16183G 16223T 16261T 16287T 16293T 16311C 16355T 16362C 16399G 16519C 73G 146C 244G 257G 263G 294C 309.1C 315.1C
KeNairobiAB044,Nairobi-044,16223T 16254G 16316G 73G 152C 189G 263G 309.1C 315.1C 523d 524d 573T
KeNairobiAB043,Nairobi-043,16223T 16254G 16316G 73G 152C 189G 263G 309.1C 315.1C 523d 524d 573T
KeNairobiAB042,Nairobi-042,16187T 16189C 16223T 16264T 16270T 16278T 16311C 16519C 73G 151T 152C 182T 185T 195C 198T 247A 263G 315.1C 357G 523d 524d
KeNairobiAB041,Nairobi-041,16052T 16114A 16169T 16187T 16189C 16223T 16230G 16278T 16290T 16311C 16325C 16327T 16368C 16519C 143A 146C 152C 185A 189G 247A 263G 315.1C 523d 524d
KeNairobiAB040,Nairobi-040,16223T 16265T 16519C 73G 150T 195C 263G 309.1N 315.1C 320T 523d 524d 573.1C 573.2C 573.3C 573.4C 573.5C
KeNairobiAB039,Nairobi-039,16183G 16223T 16261T 16287T 16293T 16311C 16355T 16362C 16399G 16519C 73G 146C 189G 244G 257G 263G 294C 309.1C 315.1C
KeNairobiAB038,Nairobi-038,16209C 16223T 16295T 16309G 73G 152C 263G 309.1C 315.1C
KeNairobiAB037,Nairobi-037,16192T 16223T 16311C 16399G 73G 146C 263G 309.1C 315.1C
KeNairobiAB036,Nairobi-036,16129A 16163G 16187T 16189C 16209C 16223T 16278T 16293G 16294T 16311C 16360T 16519C 73G 151T 152C 182T 183G 186A 189C 247A 263G 315.1C 316A 523d 524d
KeNairobiAB035,Nairobi-035,16129A 16183C 16189C 16223T 16249C 16311C 16359C 16519C 73G 195C 263G 309.1C 315.1C 489C
KeNairobiAB034,Nairobi-034,16223T 16234T 16249C 16278T 16294T 16295T 16390A 16519C 73G 143A 146C 152C 195C 263G 309.1C 315.1C
KeNairobiAB033,Nairobi-033,16093C 16124C 16223T 16278T 16362C 16519C 73G 263G 315.1C 523d 524d
KeNairobiAB032,Nairobi-032,16124C 16223T 16278T 16362C 16519C 73G 263G 315.1C 523d 524d
KeNairobiAB031,Nairobi-031,16129A 16144C 16148T 16168T 16172C 16187T 16188G 16189C 16207G 16223T 16230G 16311C 16320T 16344T 93G 146C 185A 189G 200G 236C 247A 263G 309.1C 315.1C 523d 524d
KeNairobiAB030,Nairobi-030,16129A 16148T 16168T 16172C 16187T 16188G 16189C 16223T 16230G 16278T 16293G 16311C 16320T 93G 95C 185A 189G 236C 247A 263G 309.1C 315.1C 523d 524d
KeNairobiAB029,Nairobi-029,16185T 16209C 16223T 16327T 73G 150T 152C 189G 195C 200G 207A 263G 309.1C 315.1C
KeNairobiAB028,Nairobi-028,16223T 16261T 16293T 16311C 16355T 16362C 16399G 16519C 73G 146C 244G 257G 263G 315.1C 497T
KeNairobiAB027,Nairobi-027,16148T 16172C 16187T 16188A 16189C 16223T 16230G 16311C 16320T 16497G 16519C 16527T 93G 95C 195C 236C 247A 263G 315.1C
KeNairobiAB026,Nairobi-026,16223T 16325d 16327T 73G 150T 185A 189G 263G 309.1C 315.1C
KeNairobiAB025,Nairobi-025,16093C 16223T 16260T 16278T 16311C 16519C 73G 150T 152C 189G 263G 315.1C 523d 524d
KeNairobiAB024,Nairobi-024,16129A 16172C 16174T 16192T 16218T 16223T 16256A 16311C 16362C 73G 151T 152C 189C 195C 263G 294C 315.1C 523d 524d
KeNairobiAB023,Nairobi-023,16129A 16148T 16166G 16183C 16186T 16189C 16223T 16278T 16311C 16355T 16362C 73G 152C 182T 195C 247A 263G 315.1C 455.1T 455.2T 455.3C 523d 524d
KeNairobiAB022,Nairobi-022,16172C 16223T 16293T 16311C 16355T 16362C 16399G 73G 146C 244G 263G 315.1C
KeNairobiAB021,Nairobi-021,16093C 16129A 16148T 16168T 16172C 16187T 16188G 16189C 16223T 16230G 16278T 16293G 16311C 16320T 93G 95C 185A 189G 236C 247A 263G 315.1C 523d 524d
KeNairobiAB020,Nairobi-020,16189C 16192T 16223T 16278T 16294T 16309G 16390A 16519C 73G 146C 152C 195C 263G 315.1C
KeNairobiAB019,Nairobi-019,16148T 16172C 16192T 16214T 16223T 16234T 16292T 16311C 16399G 73G 93G 146C 152C 263G 315.1C
KeNairobiAB018,Nairobi-018,16081G 16189C 16192T 16223T 16234T 16278T 16294T 16309G 16390A 73G 146C 152C 195C 263G 309.1C 315.1C
KeNairobiAB017,Nairobi-017,16189C 16192T 16223T 16249C 16278T 16292T 16294T 16309G 16390A 73G 143A 146C 152C 195C 263G 315.1C 523d 524d
KeNairobiAB016,Nairobi-016,16165G 16189C 16192T 16223T 16311C 16399G 73G 146C 152C 207A 263G 315.1C
KeNairobiAB015,Nairobi-015,16129A 16148T 16168T 16172C 16187T 16188G 16189C 16223T 16230G 16311C 16320T 64T 93G 185A 189G 200G 236C 247A 263G 309.1C 315.1C 523d 524d
KeNairobiAB014,Nairobi-014,16207T 16220G 16223T 16260T 16261T 16311C 16318G 16362C 16519C 73G 195C 198T 263G 315.1C 325T
KeNairobiAB013,Nairobi-013,16093C 16129A 16172C 16189C 16278T 16300G 16354T 16390A 16399G 16519C 73G 146C 150T 195C 263G 315.1C 456T
KeNairobiAB012,Nairobi-012,16093C 16148T 16172C 16187T 16188G 16189C 16223T 16230G 16311C 16320T 16519C 64T 89C 93G 152C 189G 236C 247A 263G 315.1C 523d 524d
KeNairobiAB011,Nairobi-011,16093C 16124C 16223T 16278T 16362C 16519C 73G 263G 315.1C 523d 524d
KeNairobiAB010,Nairobi-010,16186T 16209C 16223T 16309G 16310A 16311C 16327T 73G 263G 315.1C
KeNairobiAB009,Nairobi-009,16171G 16178C 16209C 16223T 16309G 16325C 73G 263G 315.1C
KeNairobiAB008,Nairobi-008,16124C 16223T 16278T 16362C 16519C 73G 263G 315.1C 523d 524d
