StSaoTomeanEM001,SAO26,16126C 16187T 16189C 16223T 16264T 16270T 16278T 16293G 16311C
StSaoTomeanEM002,SAO26,16126C 16187T 16189C 16223T 16264T 16270T 16278T 16293G 16311C
StSaoTomeanEM003,SAO26,16126C 16187T 16189C 16223T 16264T 16270T 16278T 16293G 16311C
StSaoTomeanEM004,SAO26,16126C 16187T 16189C 16223T 16264T 16270T 16278T 16293G 16311C
StSaoTomeanEM005,SAO26,16126C 16187T 16189C 16223T 16264T 16270T 16278T 16293G 16311C
StSaoTomeanEM006,SAO26,16126C 16187T 16189C 16223T 16264T 16270T 16278T 16293G 16311C
StSaoTomeanEM007,SAO171,16093C 16126C 16187T 16189C 16223T 16264T 16270T 16278T 16293G 16311C
StSaoTomeanEM008,SAO138,16126C 16187T 16189C 16223T 16264T 16270T 16278T 16311C
StSaoTomeanEM009,SAO138,16126C 16187T 16189C 16223T 16264T 16270T 16278T 16311C
StSaoTomeanEM010,SAO118,16129A 16148T 16168T 16172C 16187T 16188G 16189C 16223T 16230G 16278T 16293G 16311C 16320T
StSaoTomeanEM011,SAO118,16129A 16148T 16168T 16172C 16187T 16188G 16189C 16223T 16230G 16278T 16293G 16311C 16320T
StSaoTomeanEM012,SAO198,16129A 16148T 16168T 16172C 16187T 16188A 16189C 16215G 16223T 16230G 16278T 16293G 16311C 16320T
StSaoTomeanEM013,SAO160,16148T 16172C 16187T 16188G 16189C 16223T 16230G 16311C 16320T
GqBubiEM001,MAL 46,16092C 16093C 16148T 16172C 16187T 16188G 16189C 16223T 16230G 16311C 16320T
GqBubiEM002,MAL 46,16092C 16093C 16148T 16172C 16187T 16188G 16189C 16223T 16230G 16311C 16320T
GqBubiEM003,MAL 46,16092C 16093C 16148T 16172C 16187T 16188G 16189C 16223T 16230G 16311C 16320T
GqBubiEM004,MAL 46,16092C 16093C 16148T 16172C 16187T 16188G 16189C 16223T 16230G 16311C 16320T
StSaoTomeanEM014,SAO121,16086C 16182C 16183C 16189C 16223T 16278T 16290T 16294T 16309G
StSaoTomeanEM015,SAO127,16086C 16223T 16278T 16294T 16309G
StSaoTomeanEM016,SAO187,16111T 16223T 16278T 16294T 16309G 16362C
StSaoTomeanEM017,SAO196,16111T 16223T 16278T 16294T 16309G
GqBubiEM005,MAL 38,16223T 16256T 16278T 16294T 16309G
GqBubiEM006,MAL 38,16223T 16256T 16278T 16294T 16309G
GqBubiEM007,MAL 38,16223T 16256T 16278T 16294T 16309G
GqBubiEM008,MAL 38,16223T 16256T 16278T 16294T 16309G
GqBubiEM009,MAL 38,16223T 16256T 16278T 16294T 16309G
GqBubiEM010,MAL 12,16223T 16278T 16294T 16309G
GqBubiEM011,MAL 15,16092C 16223T 16278T 16294T 16309G
GqBubiEM012,MAL 60,16092C 16223T 16278T 16294T 16309G
StSaoTomeanEM018,SAO168,16037G 16129A 16223T 16278T 16294T 16309G
StSaoTomeanEM019,SAO143,16189C 16192T 16223T 16278T 16294T 16309G
StSaoTomeanEM020,SAO143,16189C 16192T 16223T 16278T 16294T 16309G
StSaoTomeanEM021,SAO143,16189C 16192T 16223T 16278T 16294T 16309G
StSaoTomeanEM022,SAO155,16189C 16192T 16223T 16278T 16294T
StSaoTomeanEM023,SAO147,16223T 16278T 16294T
StSaoTomeanEM024,SAO142,16114T 16223T 16278T 16318G
StSaoTomeanEM025,SAO142,16114T 16223T 16278T 16318G
StSaoTomeanEM026,SAO162,16093C 16223T 16264T 16278T
StSaoTomeanEM027,SAO162,16093C 16223T 16264T 16278T
StSaoTomeanEM028,SAO197,16223T 16264T 16278T
StSaoTomeanEM029,SAO137,16124C 16183C 16189C 16223T 16278T 16304C 16311C
StSaoTomeanEM030,SAO181,16048A 16124C 16223T 16234T 16240G 16278T 16362C
StSaoTomeanEM031,SAO36,16209C 16223T 16264T 16311C
StSaoTomeanEM032,SAO158,16051G 16093C 16223T 16247G 16264T 16311C
StSaoTomeanEM033,SAO120,16093C 16129A 16187T 16189C 16274A 16278T 16293G 16294T 16311C 16360T
StSaoTomeanEM034,SAO120,16093C 16129A 16187T 16189C 16274A 16278T 16293G 16294T 16311C 16360T
StSaoTomeanEM035,SAO195,16051G 16129A 16187T 16189C 16214T 16234T 16249C 16258G 16274A 16278T 16293G 16294T 16311C
StSaoTomeanEM036,SAO182,16129A 16187T 16189C 16223T 16265C 16292T 16294T 16311C 16360T
GqBubiEM013,MAL 6,16129A 16189C 16215G 16223T 16278T 16286A 16294T 16311C 16360T
GqBubiEM014,MAL 6,16129A 16189C 16215G 16223T 16278T 16286A 16294T 16311C 16360T
GqBubiEM015,MAL 6,16129A 16189C 16215G 16223T 16278T 16286A 16294T 16311C 16360T
GqBubiEM016,MAL 6,16129A 16189C 16215G 16223T 16278T 16286A 16294T 16311C 16360T
GqBubiEM017,MAL 6,16129A 16189C 16215G 16223T 16278T 16286A 16294T 16311C 16360T
GqBubiEM018,MAL 6,16129A 16189C 16215G 16223T 16278T 16286A 16294T 16311C 16360T
GqBubiEM019,MAL 73,16129A 16183C 16189C 16215G 16223T 16278T 16294T 16311C 16360T
GqBubiEM020,MAL 73,16129A 16183C 16189C 16215G 16223T 16278T 16294T 16311C 16360T
GqBubiEM021,MAL 59,16093C 16129A 16189C 16215G 16223T 16278T 16294T 16311C 16355T 16360T
GqBubiEM022,MAL 13,16129A 16163G 16209C 16223T 16278T 16293G 16294T 16311C 16360T
StSaoTomeanEM037,SAO129,16129A 16209C 16223T 16288C 16292T 16295T 16311C
GqBubiEM023,MAL 4,16129A 16189C 16223T 16260T 16327T
GqBubiEM024,MAL 4,16129A 16189C 16223T 16260T 16327T
GqBubiEM025,MAL 43,16129A 16183C 16189C 16223T 16260T 16327T
GqBubiEM026,MAL 10,16086C 16129A 16148T 16189C 16278T 16300G 16354T
GqBubiEM027,MAL 10,16086C 16129A 16148T 16189C 16278T 16300G 16354T
GqBubiEM028,MAL 10,16086C 16129A 16148T 16189C 16278T 16300G 16354T
GqBubiEM029,MAL 10,16086C 16129A 16148T 16189C 16278T 16300G 16354T
GqBubiEM030,MAL 10,16086C 16129A 16148T 16189C 16278T 16300G 16354T
GqBubiEM031,MAL 10,16086C 16129A 16148T 16189C 16278T 16300G 16354T
GqBubiEM032,MAL 77,16086C 16129A 16148T 16183C 16189C 16278T 16300G 16354T
GqBubiEM033,MAL 51,16114A 16129A 16213A 16223T 16278T 16311C 16354T
StSaoTomeanEM038,SAO148,16129A 16223T
StSaoTomeanEM039,SAO126,16172C 16219G 16278T 16327T
StSaoTomeanEM040,SAO128,16172C 16223T 16327T
StSaoTomeanEM041,SAO128,16172C 16223T 16327T
StSaoTomeanEM042,SAO128,16172C 16223T 16327T
StSaoTomeanEM043,SAO128,16172C 16223T 16327T
StSaoTomeanEM044,SAO134,16185T 16209C 16223T 16327T
GqBubiEM034,SAO134,16185T 16209C 16223T 16327T
GqBubiEM035,SAO134,16185T 16209C 16223T 16327T
GqBubiEM036,MAL 3,16223T 16265T
StSaoTomeanEM045,SAO68,16081G 16093C 16175G 16223T 16278T 16320T
StSaoTomeanEM046,SAO68,16081G 16093C 16175G 16223T 16278T 16320T
StSaoTomeanEM047,SAO122,16223T 16320T
StSaoTomeanEM048,SAO122,16223T 16320T
StSaoTomeanEM049,SAO122,16223T 16320T
GqBubiEM037,SAO122,16223T 16320T
GqBubiEM038,SAO122,16223T 16320T
StSaoTomeanEM050,SAO193,16223T 16258T 16320T
GqBubiEM039,MAL 19,16223T 16311C 16320T
GqBubiEM040,MAL 19,16223T 16311C 16320T
GqBubiEM041,MAL 19,16223T 16311C 16320T
GqBubiEM042,MAL 19,16223T 16311C 16320T
GqBubiEM043,MAL 19,16223T 16311C 16320T
GqBubiEM044,MAL 19,16223T 16311C 16320T
GqBubiEM045,MAL 19,16223T 16311C 16320T
