AoCabindaSB001,H1,16093A 16129C 16148G 16168G 16172A 16187G 16188A 16189A 16223G 16230T 16311A 16320G 93T 185C 189T 200T 236A 247C 329C
AoCabindaSB002,H2,16129C 16148G 16168G 16172A 16187G 16188G 16189A 16223G 16230T 16311A 16320G 93T 150G 152A 185C 189T 236A 247C 309.1C 309.2C
AoCabindaSB003,H3,16129C 16148G 16168G 16172A 16187G 16188G 16189A 16223G 16230T 16311A 16320G 93T 185C 189T 236A 247C
AoCabindaSB004,H3,16129C 16148G 16168G 16172A 16187G 16188G 16189A 16223G 16230T 16311A 16320G 93T 185C 189T 236A 247C
AoCabindaSB005,H4,16093A 16129C 16148G 16168G 16172A 16187G 16188G 16189A 16223G 16230T 16278G 16293T 16311A 16320G 93T 95C 152A 185C 189T 236A 247C
AoCabindaSB006,H4,16093A 16129C 16148G 16168G 16172A 16187G 16188G 16189A 16223G 16230T 16278G 16293T 16311A 16320G 93T 95C 152A 185C 189T 236A 247C
AoCabindaSB007,H5,16129C 16148G 16168G 16172A 16187G 16188G 16189A 16223G 16230T 16278G 16293T 16311A 16320G 93T 95C 185C 189T 236A 247C 309.1C
AoCabindaSB008,H5,16129C 16148G 16168G 16172A 16187G 16188G 16189A 16223G 16230T 16278G 16293T 16311A 16320G 93T 95C 185C 189T 236A 247C 309.1C
AoCabindaSB009,H5,16129C 16148G 16168G 16172A 16187G 16188G 16189A 16223G 16230T 16278G 16293T 16311A 16320G 93T 95C 185C 189T 236A 247C 309.1C
AoCabindaSB010,H6,16129C 16148G 16168G 16172A 16187G 16188G 16189A 16223G 16230T 16278G 16293T 16311A 16320G 93T 95C 185C 189T 236A 247C
AoCabindaSB011,H7,16129C 16148G 16168G 16172A 16187G 16188G 16189A 16223G 16230T 16278G 16311A 16320G 93T 95C 111T 185C 189T 236A 247C 309.1C
AoCabindaSB012,H8,16148G 16172A 16187G 16188G 16189A 16223G 16230T 16311A 16320G 64G 93T 152A 189T 204A 207C 236A 247C
AoCabindaSB013,H9,16148G 16172A 16187G 16188G 16189A 16223G 16230T 16311A 16320G 93T 152A 189T 236A 247C 309.1C
AoCabindaSB014,H9,16148G 16172A 16187G 16188G 16189A 16223G 16230T 16311A 16320G 93T 152A 189T 236A 247C 309.1C
AoCabindaSB015,H10,16093A 16126A 16165T 16187G 16189A 16193G 16223G 16270G 16278G 16311A 16364G 73T 152A 182G 185T 189T 195A 247C
AoCabindaSB016,H11,16126A 16187G 16189A 16223G 16264G 16270G 16278G 16311A 73T 152A 182G 185T 195A 247C
AoCabindaSB017,H12,16126A 16166T 16187G 16189A 16193G 16223G 16264G 16270G 16278G 16293T 16311A 73T 152A 182G 185T 189T 195A 247C
AoCabindaSB018,H13,16086A 16129C 16187G 16189A 16223G 16241T 16278G 16291G 16294G 16311A 73T 151G 152A 182G 186A 189C 195A 198G 247C 297T 316C
AoCabindaSB019,H14,16129C 16187G 16189A 16223G 16241T 16278G 16291G 16294G 16311A 73T 151G 152A 182G 186A 189C 195A 198G 247C 297T 316C
AoCabindaSB020,H15,16129C 16187G 16189A 16223G 16274C 16278G 16287G 16294G 16311A 16360G 73T 93T 146A 151G 152A 182G 186A 189C 195A 236A 247C 297T 316C
AoCabindaSB021,H16,16129C 16163T 16187G 16189A 16209A 16223G 16278G 16293T 16294G 16311A 73T 151G 152A 182G 186A 189C 247C 316C
AoCabindaSB022,H17,16038T 16093A 16129C 16187G 16189A 16223G 16278G 16293T 16294G 16311A 16360G 73T 151G 152A 182G 186A 189C 195A 198G 247C 297T 316C
AoCabindaSB023,H18,16038T 16187G 16189A 16223G 16278G 16293T 16294G 16311A 16360G 73T 151G 152A 182G 186A 189C 195A 198G 247C 297T 309.1C 316C
AoCabindaSB024,H19,16129C 16163T 16187G 16189A 16209A 16223G 16278G 16293T 16294G 16311A 16360G 73T 151G 152A 182G 186A 189C 247C 316C
AoCabindaSB025,H19,16129C 16163T 16187G 16189A 16209A 16223G 16278G 16293T 16294G 16311A 16360G 73T 151G 152A 182G 186A 189C 247C 316C
AoCabindaSB026,H19,16129C 16163T 16187G 16189A 16209A 16223G 16278G 16293T 16294G 16311A 16360G 73T 151G 152A 182G 186A 189C 247C 316C
AoCabindaSB027,H20,16129C 16187G 16189A 16223G 16278G 16293T 16294G 16311A 16360G 73T 151G 152A 182G 186A 189C 247C 265A 316C
AoCabindaSB028,H21,16129C 16189A 16223G 16239G 16274C 16278G 16293T 16294G 16311A 16360G 73T 76G 89A 93T 95C 146A 152A 182G 186A 189C 236A 247C 297T 316C
AoCabindaSB029,H22,16129C 16189A 16223G 16274C 16278G 16293T 16294G 16311A 16360G 73T 89A 93T 95C 152A 182G 186A 189C 236A 247C 294A 316C
AoCabindaSB030,H23,16129C 16187G 16189A 16214G 16234G 16249A 16274C 16278G 16294G 16311A 16360G 73T 146A 151G 152A 186A 189C 195A 198G 247C 294A 316C
AoCabindaSB031,H24,16071G 16093A 16129C 16145C 16187G 16189A 16213C 16223G 16234G 16265C 16278G 16286G 16294G 16311A 16360G 73T 151G 152A 182G 186A 189C 195A 198G 247C 297T 316C
AoCabindaSB032,H25,16071G 16129C 16145C 16187G 16189A 16213C 16223G 16234G 16265C 16278G 16286G 16294G 16311A 16360G 73T 151G 152A 182G 186A 189C 195A 198G 247C 297T 309.1C 316C
AoCabindaSB033,H26,16071G 16129C 16145C 16187G 16189A 16213C 16223G 16234G 16265C 16286G 16294G 16311A 16360G 73T 151G 152A 182G 186A 189C 195A 198G 247C 297T 309.1C 316C
AoCabindaSB034,H27,16078T 16129C 16183T 16187G 16189A 16223G 16265C 16286G 16294G 16311A 16320G 16360G 73T 151G 152A 186A 189C 195A 198G 247C 316C
AoCabindaSB035,H28,16093A 16129C 16187G 16189A 16223G 16243A 16265C 16278G 16286G 16294G 16311A 16360G 73T 151G 152A 182G 186A 189C 195A 198G 247C 264G 297T 316C
AoCabindaSB036,H29,16129C 16134G 16145C 16187G 16189A 16213C 16223G 16265C 16274C 16278G 16286G 16294G 16311A 16360G 73T 151G 152A 182G 186A 189C 195A 198G 247C 297T 316C
AoCabindaSB037,H30,16129C 16145C 16187G 16189A 16213C 16223G 16265C 16274C 16278G 16286G 16294G 16311A 16360G 73T 151G 152A 182G 186A 189C 195A 198G 247C 297T 316C
AoCabindaSB038,H31,16129C 16187G 16189A 16214G 16223G 16265C 16278G 16286A 16291G 16294G 16311A 16360G 73T 151G 152A 182G 186A 189C 195A 198G 247C 297T 309.1C 316C
AoCabindaSB039,H31,16129C 16187G 16189A 16214G 16223G 16265C 16278G 16286A 16291G 16294G 16311A 16360G 73T 151G 152A 182G 186A 189C 195A 198G 247C 297T 309.1C 316C
AoCabindaSB040,H32,16129C 16187G 16189A 16223G 16265C 16278G 16286G 16294G 16311A 16360G 73T 151G 152A 182G 186A 189C 195A 198G 247C 264G 297T 316C
AoCabindaSB041,H33,16172A 16187G 16189A 16223G 16265C 16278G 16286G 16294G 16311A 16360G 73T 151G 152A 182G 186A 189C 195A 198G 247C 297T 316C
AoCabindaSB042,H33,16172A 16187G 16189A 16223G 16265C 16278G 16286G 16294G 16311A 16360G 73T 151G 152A 182G 186A 189C 195A 198G 247C 297T 316C
AoCabindaSB043,H34,16186G 16187G 16189A 16223G 16242G 16249A 16278G 16286A 16292G 16293T 16294G 16311A 16360G 73T 151G 152A 182G 186A 189C 195A 198G 247C 309.1C 316C
AoCabindaSB044,H35,16093A 16129C 16183C 16189A 16215T 16223G 16278G 16294G 16311A 16327G 16355G 16360G 73T 151G 152A 182G 186A 189C 247C 309.1C 316C
AoCabindaSB045,H36,16223G 16278G 16294G 16390C 73T 143C 146A 152A 182G 195A 309.1C
AoCabindaSB046,H37,16223G 16278G 16294G 16390C 73T 143C 146A 152A 182G 195A
AoCabindaSB047,H38,16071G 16189A 16192G 16223G 16278G 16294G 16309T 16331T 16390C 73T 146A 152A 195A 231G 232T 309.1C 324G
AoCabindaSB048,H39,16093A 16223G 16256G 16278G 16294G 16309T 16390C 73T 143C 146A 152A 195A 309.1C
AoCabindaSB049,H40,16223G 16278G 16286G 16294G 16309T 16390C 73T 146A 152A 195A 309.1C
AoCabindaSB050,H41,16114A 16129C 16213C 16223G 16274C 16278G 16390C 73T 146A 150G 152A 182G 183T 195A 198G 204A 309.1C 309.2C
AoCabindaSB051,H42,16114A 16129C 16213C 16217A 16223G 16278G 16355G 16362A 16390C 73T 150G 152A 182G 195A 198G 204A
AoCabindaSB052,H43,16114A 16129C 16213C 16223G 16278G 16355G 16362A 16390C 73T 150G 152A 182G 195A 198G 204A 309.1C
AoCabindaSB053,H44,16114A 16129C 16213C 16223G 16278G 16355G 16362A 16390C 73T 150G 152A 182G 195A 198G 204A
AoCabindaSB054,H44,16114A 16129C 16213C 16223G 16278G 16355G 16362A 16390C 73T 150G 152A 182G 195A 198G 204A
AoCabindaSB055,H44,16114A 16129C 16213C 16223G 16278G 16355G 16362A 16390C 73T 150G 152A 182G 195A 198G 204A
AoCabindaSB056,H44,16114A 16129C 16213C 16223G 16278G 16355G 16362A 16390C 73T 150G 152A 182G 195A 198G 204A
AoCabindaSB057,H45,16223G 16264G 16278G 16311A 16390C 73T 93T 146A 150G 152A 182G 183T 195A 325G
AoCabindaSB058,H46,16223G 16264G 16278G 16311A 16390C 73T 93T 146A 150G 152A 182G 195A 198G 325G
AoCabindaSB059,H47,16124A 16223G 16270G 16278G 16362A 73T 152A
AoCabindaSB060,H48,16124A 16223G 16278G 16311A 16362A 73T 152A
AoCabindaSB061,H49,16124A 16223G 16278G 16362A 73T 150G
AoCabindaSB062,H50,16124A 16223G 16278G 16362A 73T
AoCabindaSB063,H51,16111G 16124A 16182C 16183C 16189A 16223G 73T 151G 152A 199A 204A 309.1C
AoCabindaSB064,H52,16124A 16223G 16311A 16319C 73T 150G 152A
AoCabindaSB065,H53,16124A 16223G 16256G 73T 146A 152A
AoCabindaSB066,H54,16124A 16183C 16189A 16223G 16278G 16304A 16311A 73T 141G 152A 309.1C 309.2C
AoCabindaSB067,H55,16124A 16183C 16189A 16223G 16278G 16304A 16311A 73T 152A
AoCabindaSB068,H55,16124A 16183C 16189A 16223G 16278G 16304A 16311A 73T 152A
AoCabindaSB069,H56,16093A 16176G 16223G 16327G 73T 150G 152A 189T 200T
AoCabindaSB070,H57,16176G 16223G 16256G 16327G 73T 150G 152A 189T 200T
AoCabindaSB071,H58,16176G 16223G 16327G 73T 150G 152A 189T 195A 200T
AoCabindaSB072,H59,16176G 16223G 16327G 73T 150G 152A 189T 200T
AoCabindaSB073,H60,16223G 16327G 73T 150G 189T 200T 309.1C
AoCabindaSB074,H61,16185G 16189A 16209A 16223G 16327G 73T 150G 152A 189T 195A 200T 207C 309.1C
AoCabindaSB075,H62,16185G 16209A 16223G 16327G 73T 150G 152A 189T 195A 200T 207C 309.1C
AoCabindaSB076,H63,16185G 16223G 16311A 16327G 73T 150G 185C 189T 200T
AoCabindaSB077,H64,16185G 16223G 16327G 73T 150G 189T 200T 309.1C 324G
AoCabindaSB078,H65,16223G 16239G 16325d 16327G 73T 150G 185C 189T
AoCabindaSB079,H66,16223G 16239G 16325d 16327G 73T 150G 189T 309.1C
AoCabindaSB080,H67,16223G 16325d 16327G 73T 150G 185C 189T 309.1C
AoCabindaSB081,H68,16223G 16325d 16327G 73T 150G 185C 189T 195A 309.1C
AoCabindaSB082,H69,16172A 16174G 16183C 16189A 16223G 16320G 73T 150G 185C 189T 195A 309.1C 309.2C
AoCabindaSB083,H70,16172A 16179G 16183C 16189A 16223G 16320G 73T 150G 152A 195A
AoCabindaSB084,H71,16172A 16182C 16183C 16189A 16223G 16320G 73T 150G 195A
AoCabindaSB085,H72,16172A 16183C 16189A 16223G 16320G 73T 150G 152A 195A 309.1C
AoCabindaSB086,H73,16172A 16183C 16189A 16223G 16320G 73T 150G 152A 195A
AoCabindaSB087,H73,16172A 16183C 16189A 16223G 16320G 73T 150G 152A 195A
AoCabindaSB088,H74,16172A 16183C 16189A 16223G 16320G 73T 150G 189T 195A
AoCabindaSB089,H75,16172A 16189A 16223G 16311A 16320G 73T 150G 195A
AoCabindaSB090,H76,16223G 16265T 73T 150G 195A
AoCabindaSB091,H76,16223G 16265T 73T 150G 195A
AoCabindaSB092,H77,16051T 16183C 16189A 16223G 16264G 16266A 16292G 73T 150G 309.1C
AoCabindaSB093,H78,16129C 16209A 16223G 16295G 16311A 73T 189T 200T 234T
AoCabindaSB094,H79,16129C 16209A 16223G 16295G 16311A 73T 189T 200T
AoCabindaSB095,H80,16209A 16223G 16311A 73T 150G 152A 185C 189T 309.1C
AoCabindaSB096,H81,16209A 16223G 16311A 73T 150G 189T 200T 207C 309.1C
AoCabindaSB097,H82,16209A 16223G 16311A 73T 150G 189T 200T 309.1C
AoCabindaSB098,H82,16209A 16223G 16311A 73T 150G 189T 200T 309.1C
AoCabindaSB099,H83,16209A 16223G 16311A 73T 150G 189T 200T
AoCabindaSB100,H84,16209A 16223G 16311A 73T 150G 189T 309.1C
AoCabindaSB101,H85,16129C 16169G 16209A 16223G 16292G 16295G 16311A 73T 150G 152A 189T 200T 272T 309.1C
AoCabindaSB102,H86,16129C 16209A 16223G 16291G 16292G 16295G 16311A 73T 189T 200T
AoCabindaSB103,H87,16129C 16209A 16223G 16292G 16295G 16311A 73T 189T 200T 274T 309.1C
AoCabindaSB104,H88,16129C 16209A 16223G 16292G 16295G 16311A 73T 189T 200T 309.1C
AoCabindaSB105,H89,16209A 16218G 16223G 16256G 16292G 16311A 73T 150G 189T 200T
AoCabindaSB106,H89,16209A 16218G 16223G 16256G 16292G 16311A 73T 150G 189T 200T
AoCabindaSB107,H90,16051T 16093A 16114G 16189A 16192.1T 16223G 16293T 16311A 16316T 16355G 16362A 16399T 73T 146A 152A 195A 244T 340G
AoCabindaSB108,H91,16182C 16183C 16189A 16224A 16278G 73T 146A 152A 182G 183T 309.1C 309.2C 309.3C
AoCabindaSB109,H92,16183C 16189A 16224A 16278G 73T 146A 152A 182G 183T 309.1C 309.2C
AoCabindaSB110,H93,16069G 16126A 16193G 16278G 73T 150G 152A 295G 309.1C
