UgAcholiVG001,KA218,16212T 16223G 16224A 16278G 16309T 16390C 16399T 16519A 73T 146A 152A 182G 183T 186G 263T 309.1C 315.1C 513C
UgAcholiVG002,KA203,16189A 16192G 16223G 16278G 16294G 16309T 16390C 16519A 73T 146A 152A 195A 263T 309.1C 315.1C
UgAcholiVG003,KA207,16138T 16153C 16174G 16223G 16319C 16519A 73T 150G 263T 309.1C 315.1C 465.1A
UgAlurVG001,UGA-ALU60,16129C 16182C 16183d 16189A 16215T 16223G 16278G 16294G 16311A 16360G
UgAlurVG002,UGA-ALU107,16129C 16163T 16187G 16189A 16223G 16278G 16293T 16294G 16311A 16360G
UgAlurVG003,UGA-ALU115,16129C 16163T 16187G 16189A 16209A 16223G 16278G 16293T 16294G 16311A 16360G
UgAlurVG004,UGA-ALU100,16189A 16192G 16223G 16278G 16294G 16309T 16390C
UgAlurVG005,UGA-ALU63,16093A 16212T 16223G 16224A 16278G 16309T 16390C 16399T
UgAlurVG006,UGA-ALU105,16093A 16189A 16223G 16278G 16294G 16295G 16390C
UgAlurVG007,UGA-ALU15,16189A 16223G 16229A 16256G 16278G 16291G 16311A 16390C
UgAlurVG008,UGA-ALU21,16189A 16218G 16229A 16278G 16291G 16294G 16311A 16390C
UgAlurVG009,UGA-ALU34,16189A 16223G 16229A 16278G 16291G 16294G 16305T 16311A 16390C
UgAlurVG010,UGA-ALU68,16093A 16183C 16189A 16223G 16229A 16274C 16278G 16291G 16294G 16311A
UgAlurVG011,UGA-ALU89,16183C 16189A 16223G 16229A 16278G 16291G 16294G 16311A 16390C
UgAlurVG012,UGA-ALU90,16183C 16189A 16223G 16229A 16278G 16291G 16294G 16311A 16390C
UgAlurVG013,UGA-ALU2,16182C 16183C 16223G 16229A 16278G 16290G 16294G 16311A 16390C
UgAlurVG014,UGA-ALU53,16182C 16183d 16189A 16223G 16229A 16278G 16290G 16294G 16311A 16358G 16360G 16390C
UgAlurVG015,UGA-ALU51,16172A 16179G 16189A 16223G 16229A 16278G 16291G 16294G 16311A 16390C
UgAlurVG016,UGA-ALU108,16170T 16183C 16189A 16223G 16229A 16243A 16278G 16294G 16311A 16390C
UgAlurVG017,UGA-ALU3,16114A 16129C 16213C 16223G 16278G 16355G 16362A 16390C
UgAlurVG018,UGA-ALU101,16111A 16145C 16184G 16223G 16239G 16278G 16292G 16311A 16317T 16355G 16390C 16399T 16400G
UgAlurVG019,UGA-ALU13,16093A 16124A 16223G 16278G 16362A
UgAlurVG020,UGA-ALU26,16124A 16223G 16278G 16311A 16362A
UgAlurVG021,UGA-ALU61,16148G 16192G 16223G 16311A 16399T
UgBafumbiraVG001,UGA76,16126A 16193G 16300T 16309T
UgBafumbiraVG002,UGA17,16129C 16168G 16172A 16173G 16187G 16189A 16223G 16230T 16239G 16278G 16327G 16368A
UgBafumbiraVG003,UGA66,16129C 16169G 16172A 16173G 16187G 16189A 16223G 16230T 16239G 16278G 16311A 16327G 16368A
UgBafumbiraVG004,UGA82,16114A 16129C 16153C 16213C 16223G 16278G 16311A 16362A 16390C
UgBagandaVG001,UGA25,16129C 16148G 16168G 16172A 16187G 16188G 16189A 16223G 16230T 16278G 16293T 16311A
UgBagandaVG002,UGA84,16223G 16278G 16286G 16294G 16309T 16390C
UgBagandaVG003,UGA9,16187G 16189A 16223G 16229A 16278G 16291G 16294G 16311A
UgBagandaVG004,UGA28,16129C 16189A 16278G 16300T 16311A 16354G 16390C 16399T
UgBagandaVG005,UGA12,16093A 16124A 16223G 16278G 16362A
UgBagandaVG006,UGA77,16093A 16124A 16223G 16278G 16362A
UgBagandaVG007,UGA34,16124A 16223G 16278G 16311A 16362A
UgBagandaVG008,UGA20,16093A 16124A 16183C 16189A 16223G 16278G 16304A 16311A
UgBagandaVG009,UGA63,16129C 16182C 16183C 16189A 16223G 16249A 16311A 16359A
UgBagandaVG010,UGA85,16129C 16183C 16189A 16223G 16249A 16311A 16359A
UgBagandaVG011,UGA-MGA1,16223G 16229A 16278G 16291G 16294G 16297A 16311A 16390C
UgBagandaVG012,UGA-MGA9,16172A 16223G 16234G 16293T 16311A 16319C 16355G 16362A 16399T
UgBagunguVG001,UGA-MUG11,16093A 16148G 16168G 16172A 16187G 16188G 16189A 16223G 16230T 16287G 16311A 16320G 16390C
UgBagunguVG002,UGA-MUG106,16129C 16163T 16187G 16189A 16223G 16278G 16293T 16294G 16311A 16360G
UgBagunguVG003,UGA-MUG12,16189A 16192G 16223G 16278G 16294G 16309T
UgBagunguVG004,UGA-MUG80,16189A 16192G 16223G 16278G 16294G 16309T 16390C
UgBagunguVG005,UGA-MUG82,16189A 16192G 16223G 16278G 16294G 16309T 16390C
UgBagunguVG006,UGA-MUG87,16183C 16189A 16223G 16224A 16278G 16309T 16390C
UgBagunguVG007,UGA-MUG17,16189A 16223G 16229A 16259G 16278G 16291G 16294G 16311A
UgBagunguVG008,UGA-MUG52,16189A 16223G 16229A 16278G 16291G 16294G 16297A 16311A 16390C
UgBagunguVG009,UGA-MUG56,16183d 16189A 16223G 16229A 16256G 16278G 16291G 16294G 16311A 16320G
UgBagunguVG010,UGA-MUG67,16189A 16223G 16229A 16278G 16291G 16295G 16311A 16390C
UgBagunguVG011,UGA-MUG75,16189A 16218G 16229A 16278G 16291G 16294G 16311A 16390C
UgBagunguVG012,UGA-MUG84,16189A 16223G 16229A 16259G 16278G 16291G 16294G 16311A 16390C
UgBagunguVG013,UGA-MUG97,16183C 16189A 16223G 16229A 16278G 16294G 16311A 16390C
UgBagunguVG014,UGA-MUG98,16172A 16189A 16223G 16229A 16278G 16291G 16294G 16311A 16390C
UgBagunguVG015,UGA-MUG33,16093A 16124A 16223G 16278G 16362A
UgBagunguVG016,UGA-MUG73,16223G 16278G 16362A
UgBagunguVG017,UGA-MUG77,16145C 16223G 16278G 16362A
UgBagunguVG018,UGA-MUG10,16124A 16223G 16278G 16362A
UgBagunguVG019,UGA-MUG25,16124A 16193G 16223G 16278G 16362A
UgBagunguVG020,UGA-MUG76,16124A 16223G 16278G 16362A
UgBagunguVG021,UGA-MUG55,16124A 16223G 16319C
UgBagunguVG022,UGA-MUG88,16185G 16209A 16223G 16327G
UgBagunguVG023,UGA-MUG22,16172A 16223G 16249A 16293C 16311A 16355G 16362A 16399T
UgBagunguVG024,UGA-MUG24,16129C 16148G 16166T 16182C 16183C 16189A 16223G 16278G 16311A 16355G 16362A
UgBagunguVG025,UGA-MUG85,16129C 16148G 16166T 16182C 16183C 16189A 16223G 16278G 16311A 16355G 16362A
UgBagwereVG001,UGA18,16021N 16223G 16293T 16311A 16355G 16362A 16399T
UgBakigaVG001,UGA35,16093A 16148G 16172A 16187G 16188G 16189A 16223G 16230T 16311A 16320G
UgBakigaVG002,UGA49,16129C 16169G 16172A 16187G 16189A 16223G 16230T 16278G 16311A 16327G 16368A
UgBakigaVG003,UGA62 ,16069G 16126A 16183T 16300T 16309T
UgBakigaVG004,UGA5,16129C 16148G 16168G 16172A 16187G 16188G 16189A 16223G 16230T 16249A 16278G 16293T 16311A 16320G
UgBakigaVG005,UGA61,16148G 16168G 16172A 16187G 16188G 16189A 16223G 16230T 16261G 16293T 16311A
UgBakigaVG006,UGA50,16129C 16169G 16172A 16173G 16187G 16223G 16230T 16239G 16278G 16311A 16327G 16368A
UgBakigaVG007,UGA47,16052G 16129C 16169G 16187G 16189A 16223G 16230T 16278G 16290G 16311A 16316T 16325A 16327G 16354G 16357A 16368A
UgBakigaVG008,UGA3,16129C 16169G 16187G 16189A 16223G 16265C 16278G 16286G 16294G 16311A 16360G
UgBakigaVG009,UGA60,16051T 16189A 16192G 16223G 16278G 16294G 16390C
UgBakigaVG010,UGA45,16093A 16124A 16223G 16278G 16362A
UgBakigaVG011,UGA33,16093A 16124A 16182C 16183C 16189A 16223G 16278G 16304A 16311A
UgBakigaVG012,UGA8,16111G 16223G 16311A 16327G
UgBakigaVG013,UGA43,16187G 16223G 16265T 16274C
UgBakigaVG014,UGA44,16187G 16223G 16265T 16274C
UgBakigaVG015,UGA2,16109N 16129C 16223G 16293T 16311A 16343T 16355G 16362A 16399T
UgBakigaVG016,UGA46,16223G 16293T 16311A 16362A 16399T
UgBakigaVG017,UGA4,16126A 16355G 16362A
UgBakigaVG018,UGA48,16124A 16183C 16189A 16194.1C 16223G 16278G 16311A 16362A
UgBakonzoVG001,UGA27,16124A 16223G 16319C
UgBanyankoleVG001,UGA68,16093A 16148G 16172A 16187G 16188G 16189A 16214G 16223G 16230T 16289T 16311A 16320G
UgBanyankoleVG002,UGA64,16093A 16124A 16223G 16274C 16278G 16362A
UgBanyankoleVG003,UGA69,16223G 16265T
UgBanyankoleVG004,UGA23,16223G 16311A 16354G 16399T
UgBanyankoleVG005,UGA57,16129C 16148G 16168G 16172A 16187G 16188G 16189A 16223G 16230T 16311A 16320G
UgBanyankoleVG006,UGA24,16169G 16172A 16187G 16189A 16223G 16230T 16265T 16278G 16311A 16319C 16327G 16354G 16368A
UgBanyankoleVG007,UGA73,16169G 16172A 16187G 16189A 16223G 16230T 16265T 16278G 16311A 16319C 16327G 16354G 16368A
UgBanyankoleVG008,UGA26,16129C 16169G 16172A 16173G 16187G 16189A 16223G 16230T 16239G 16278G 16327G 16368A
UgBanyankoleVG009,UGA56,16093A 16223G 16278G 16362A
UgBanyankoleVG010,UGA15,16124A 16223G 16278G 16311A 16362A
UgBanyankoleVG011,UGA79,16172A 16183C 16223G 16320G
UgBanyankoleVG012,UGA74,16223G 16265T
UgBanyankoleVG013,UGA59,16192G 16298A 16311A
UgBanyankoleVG014,UGA81,16223G 16311A 16354G 16399T
UgBanyankoleVG015,UGA70,16129C 16223G 16293T 16311A 16343T 16355G 16362A 16399T
UgBanyankoleVG016,UGA86,16223G 16311A 16354G 16399T
UgBanyankoleVG017,UGA71,16129C 16172A 16174G 16192G 16218G 16223G 16256A 16311A 16362A
UgBanyarwandaVG001,UGA52,16172A 16184A 16223G 16243A 16293T 16311A 16319C 16355G 16362A 16399T
UgBanyarwandaVG002,UGA-NYA43,16129C 16169G 16172A 16173G 16187G 16189A 16223G 16230T 16239G 16278G 16311A 16327G 16368A
UgBanyarwandaVG003,UGA-NYA42,16223G 16278G 16294G 16309T 16390C
UgBanyarwandaVG004,UGA-NYA45,16075A 16192G 16223G 16274C 16293T 16311A 16355G 16362A 16399T
UgBanyarwandaVG005,UGA51,16223G 16311A 16354G 16399T
UgBanyarwandaVG006,UGA65,16075A 16192G 16223G 16274C 16293T 16311A 16355G 16362A 16399T
UgBanyoroVG001,UGA-MUN44,16129C 16148G 16168G 16172A 16187G 16188G 16189A 16223G 16230T 16311A 16320G
UgBanyoroVG002,UGA-MUN58,16129C 16148G 16168G 16172A 16187G 16188G 16189A 16223G 16230T 16278G 16293T 16311A 16320G
UgBanyoroVG003,UGA-MUN49,16223G 16278G 16294G 16309T 16390C
UgBanyoroVG004,UGA-MUN46,16189A 16223G 16229A 16278G 16291G 16294G 16311A 16390C
UgBanyoroVG005,UGA-MUN48,16187G 16189A 16223G 16229A 16278G 16291G 16294G 16311A 16390C
UgBanyoroVG006,UGA-MUN54,16189A 16223G 16229A 16278G 16291G 16295G 16311A
UgBanyoroVG007,UGA-MUN116,16093A 16170T 16189A 16223G 16229A 16278G 16294G 16311A 16390C
UgBanyoroVG008,UGA-MUN7,16170T 16223G 16229A 16278G 16294G 16311A 16390C
UgBanyoroVG009,UGA-MUN57,16093A 16124A 16223G 16278G 16362A
UgBanyoroVG010,UGA-MUN71,16093A 16124A 16223G 16278G 16362A
UgBanyoroVG011,UGA-MUN30,16124A 16223G 16278G 16362A
UgBanyoroVG012,UGA-MUN20,16124A 16223G 16278G 16311A 16362A
UgBanyoroVG013,UGA-MUN5,16124A 16223G 16311A
UgBanyoroVG014,UGA-MUN79,16185G 16209A 16223G 16327G
UgBanyoroVG015,UGA-MUN14,16114G 16223G 16320G 16399T
UgBanyoroVG016,UGA-MUN18,16223G 16311A 16362A 16399T
UgBasamiaVG001,UGA30,16185G 16223G 16311A 16327G
UgBasogaVG001,UGA16,16189A 16192G 16223G 16278G 16294G 16309T
UgBasogaVG002,UGA83,16183C 16189A 16223G 16278G 16294G 16309T
UgBatoroVG001,UGA75,16189A 16223G 16278G 16294G
UgBatwaVG001,UGA41,16093A 16274C 16293T 16311A 16355G 16362A 16399T
UgBatwaVG002,UGA37,16189A 16223G 16224A 16229A 16265C 16278G 16291G 16311A
UgBatwaVG003,UGA42,16182C 16189A 16194.1C 16223G 16229A 16270G 16278G 16291G 16294G 16311A
UgBatwaVG004,UGA39,16189A 16223G 16229A 16264G 16278G 16294G 16311A
UgBatwaVG005,UGA36,16189A 16223G 16229A 16278G 16291G 16311A
UgDodothVG001,KA198,16093A 16129C 16148G 16166T 16183d 16187G 16189C 16190A 16223G 16278G 16311A 16355G 16362A 73T 152A 182G 195A 247C 263T 315.1C 455.1T 455.2T 455.3C 513d 515d
UgDodothVG002,KA191,16111G 16129C 16148G 16166T 16187G 16189A 16223G 16254T 16278G 16360G 73T 195A 247C 249d 263T 315.1C 459.1C 535G
UgDodothVG003,KA193,16129C 16148G 16172A 16188A 16189A 16223G 16230T 16289T 16311A 16320G 16519A 73T 93T 146A 152A 189T 199A 236A 247C 249d 263T 309.1C 315.1C 523d 524d
UgDodothVG004,KA157,16114A 16129C 16148G 16168G 16172A 16184G 16187G 16188G 16189A 16223G 16230T 16293T 16311A 16519Y 93T 152A 185C 189T 236A 247C 263T 309.1C 315.1C 523d 524d
UgDodothVG005,KA188,16129C 16148G 16168G 16172A 16187G 16188G 16189A 16223G 16230T 16311A 16318T 16320G 64G 93T 152A 185C 189T 200T 236A 247C 263T 315.1C 523d 524d
UgDodothVG006,KA199,16129C 16148G 16168G 16172A 16187G 16188G 16189A 16207T 16223G 16230T 16311A 16320G 64G 93T 95C 152A 185C 189T 200T 236A 247C 263T 309.1C 315.1C 523d 524d
UgDodothVG007,KA196,16093Y 16148G 16168G 16172A 16187G 16188G 16189A 16223G 16230T 16287G 16311A 16320G 16368A 16519A 93T 152A 185C 189T 236A 247C 263T 315.1C 523d 524d
UgDodothVG008,KA155,16129C 16148G 16168G 16172A 16187G 16188G 16189A 16223G 16230T 16293T 16294G 16311A 93T 152A 185C 189T 236A 247C 263T 315.1C 523d 524d 553G
UgDodothVG009,KA153,16148G 16172A 16184G 16187G 16188A 16189A 16223G 16230T 16311A 16320G 16519A 64G 93T 95C 152A 189T 236A 247C 263T 315.1C 523d 524d
UgDodothVG010,KA156,16148G 16172A 16184G 16187G 16188A 16189A 16223G 16230T 16311A 16320G 16519A 64G 93T 95C 152A 189T 236A 247C 263T 315.1C 523d 524d
UgDodothVG011,KA150,16051T 16063A 16148G 16164T 16172A 16182d 16183d 16187G 16188.1A 16189C 16223G 16230T 16278G 16311A 16519A 93T 95C 146A 152A 195A 236A 247C 263T 315.1C 523d 524d
UgDodothVG012,KA158,16051T 16148G 16164T 16172A 16182d 16183d 16187G 16188.1A 16189C 16223G 16230T 16278G 16311A 93T 146A 152A 195A 236A 247C 263T 315.1C 523d 524d 573.1C 573.2C 573.3C 573.4C 573.5C
UgDodothVG013,KA223,16189A 16192Y 16223G 16278G 16294G 16309T 16390C 73T 146A 152A 195A 263T 309.1C 315.1C
UgDodothVG014,KA189,16170T 16187G 16189A 16223G 16229A 16264G 16278G 16294G 16311A 16390C 16519A 73T 152A 182G 185C 263T 315.1C 489A 513d 515d
UgDodothVG015,KA192,16111A 16145C 16184G 16223G 16234G 16239G 16278G 16292G 16311A 16355G 16390C 16399T 16400G 16519A 73T 146A 263T 315.1C 479T 523d 524d
UgDodothVG016,KA152,16223G 16241C 16311A 16362A 16519A 73T 152A 263T 315.1C 523d 524d
UgDodothVG017,KA200,16223G 16266G 16311A 16362A 73T 150G 204A 263T 309.1C 315.1C 356.1C
UgDodothVG018,KA194,16093A 16124A 16223G 16278G 16362A 16519A 73T 263T 309.1C 315.1C 523d 524d
UgDodothVG019,KA187,16126A 16223G 16299T 16320G 16519A 73T 150G 195A 263T 315.1C
UgDodothVG020,KA159,16148G 16192G 16223G 16311A 16399T 73T 146A 150G 152A 207C 263T 315.1C 489A
UgDodothVG021,KA184,16148G 16192G 16223G 16311A 16399T 73T 146A 150G 152A 207C 263T 315.1C 489A
UgDodothVG022,KA160,16148G 16223G 16311A 16399T 73T 146A 150G 152A 228C 263T 315.1C
UgDodothVG023,KA190,16086Y 16148G 16192G 16223G 16311A 16399T 73T 146A 150G 152A 263T 309.1C 315.1C
UgDodothVG024,KA052,16179G 16189A 16223G 16256A 16284T 16289T 16311A 73T 152A 189C 194G 195A 263T 315.1C 523d 524d
UgDodothVG025,KA148,16153C 16174G 16223G 16230T 16319C 16519A 73T 150G 263T 315.1C
UgDodothVG026,KA185,16066T 16153C 16174G 16223G 16286G 16319C 16519A 73T 150G 263T 315.1C
UgDodothVG027,KA195,16066T 16153C 16174G 16223G 16319C 16342A 16519A 73T 150G 152A 263T 315.1C
UgDodothVG028,KA197,16138T 16153C 16174G 16223G 16319C 16519A 73T 150G 195A 263T 309.1C 315.1C 465.1A
UgDodothVG029,KA151,16189A 16192G 16223G 16293T 16294G 16311A 16344G 16355G 16362A 16399T 73T 146A 182G 183T 244T 263T 315.1C 513d 515d
UgDodothVG030,KA181,16188.1A 16189C 16223G 16293T 16311A 16344G 16355G 16362A 16399T 16519A 73T 146A 182G 183T 195A 244T 263T 309.1C 309.2C 315.1C 513C
UgDodothVG031,KA154,16129C 16148G 16166T 16183d 16187G 16189C 16190A 16223G 16287G 16311A 16355G 16362A 73T 152A 182G 195A 247C 263T 309.1C 315.1C 455.1T 455.2T 455.3C 523d 524d
UgDodothVG032,KA186,16129C 16148G 16166T 16183d 16187G 16189C 16190A 16223G 16287G 16311A 16327G 16355G 16362A 73T 152A 182G 195A 247C 263T 315.1C 455.1T 455.2T 455.3C 498.1C 523d 524d
UgEthurVG001,KA293,16071G 16129C 16145C 16187G 16189A 16213C 16223G 16234G 16265C 16278G 16286G 16294G 16311A 16360G 16527G 73T 151G 152A 182G 186A 189C 195A 198G 247C 263T 297T 309.1C 315.1C 316C
UgEthurVG002,KA219,16078T 16129C 16187G 16189A 16223G 16265C 16286A 16294G 16311A 16320G 16360G 16519A 16527G 73T 151G 152A 186A 189C 195A 198G 204Y 247C 263T 297T 315.1C 316C 523d 524d
UgEthurVG003,KA206,16183C 16189A 16223G 16274C 16278G 16292G 16294G 16309T 16390C 73T 143C 146A 152A 263T 315.1C 523d 524d
UgEthurVG004,KA217,16189A 16223G 16229A 16278G 16291G 16294G 16311A 16390C 16519A 73T 152A 182G 195A 198G 200T 263T 315.1C
UgEthurVG005,KA165,16093A 16124A 16223G 16278G 16362A 16519A 73T 263T 309.1C 315.1C 523d 524d
UgEthurVG006,KA234,16093A 16124A 16223G 16278G 16362A 16519A 73T 263T 309.1C 315.1C 523d 524d
UgEthurVG007,KA216,16124A 16223G 16256G 16368A 73T 152A 263T 315.1C 523d 524d
UgEthurVG008,KA233,16124A 16183C 16189A 16223G 16278G 16304A 16311A 73T 152A 263T 309.1C 315.1C 523d 524d
UgEthurVG009,KA212,16124A 16223G 16362A 16519A 73T 152A 263T 315.1C 523d 524d
UgEthurVG010,KA237,16185G 16223G 16311A 16327G 73T 150G 185C 189T 200T 263T 315.1C
UgEthurVG011,KA238,16172A 16183C 16189A 16223G 16320G 16519A 73T 150G 152A 195A 263T 309.1C 315.1C
UgEthurVG012,KA235,16223G 16294G 16311A 16354G 16399T 73T 146A 153T 263T 315.1C
UgEthurVG013,KA239,16189A 16192G 16223G 16293T 16294G 16311A 16344G 16355G 16362A 16399T 73T 146A 182G 244T 263T 315.1C 513C
UgEthurVG014,KA220,16172A 16223G 16293T 16311A 16355G 16362A 16399T 16519A 73T 146A 152A 183T 244T 295G 315.1C 391A
UgEthurVG015,KA236,16129C 16166T 16187G 16223G 16254T 16278G 16291G 16368A 16527G 73T 195A 200T 247C 263T 315.1C 523d 524d 573.1C 573.2C 573.3C 573.4C 573.5C 573.6C
UgItesoVG001,UGA14,16114A 16129C 16148G 16168G 16172A 16184G 16187G 16188G 16189A 16223G 16230T 16311A
UgItesoVG002,KA240,16223G 16241C 16311A 16362A
UgJieVG001,KA096,16111G 16129C 16148G 16166T 16187G 16189A 16223G 16233T 16254T 16278G 16360G 16519A 73T 195A 247C 249d 263T 309.1C 315.1C 459.1C 535G
UgJieVG002,KA041,16129C 16148G 16172A 16188A 16189A 16223G 16230T 16289T 16311A 16320G 73T 93T 146A 152A 185C 189T 236A 247C 249d 263T 315.1C 523d 524d
UgJieVG003,KA182,16148G 16172A 16184G 16187G 16188G 16189A 16223G 16230T 16311A 16320G 16519A 64G 93T 95C 152A 189T 236A 247C 263T 315.1C 523d 524d
UgJieVG004,KA204,16148G 16172A 16187G 16188G 16189A 16223G 16230T 16311A 16320G 16519A 64G 93T 152A 189T 236A 247C 263T 315.1C 523d 524d
UgJieVG005,KA214,16051T 16063A 16148G 16164T 16172A 16182d 16183d 16187G 16188.1A 16189C 16223G 16230T 16278G 16311A 93T 146A 152A 195A 236A 247C 263T 315.1C 523d 524d
UgJieVG006,KA208,16223G 16224A 16278G 16309T 16390C 16399T 16519A 73T 146A 152A 182G 183T 186G 263T 309.1C 309.2C 315.1C 513C
UgJieVG007,KA205,16178A 16209A 16223G 16278G 16294G 16301G 16354G 16390C 73T 143C 146A 152A 182G 189T 195A 263T 315.1C 523d 524d
UgJieVG008,KA111,16189A 16229A 16278G 16291G 16294G 16311A 16390C 16519A 73T 152A 182G 263T 309.1C 315.1C
UgJieVG009,KA210,16183C 16189A 16229A 16278G 16291G 16294G 16311A 16390C 16519A 16527G 73T 152A 182G 257T 263T 309.1C 315.1C
UgJieVG010,KA058,16189A 16223G 16229A 16278G 16291G 16294G 16311A 16390C 16519A 73T 152A 182G 195A 263T 309.1C 309.2C 315.1C 523d 524d
UgJieVG011,KA087,16170T 16188.1A 16189C 16223G 16229A 16258T 16264G 16278G 16294G 16311A 16390C 16519A 73T 152A 182G 263T 309.1C 309.2C 315.1C 513d 515d
UgJieVG012,KA213,16093A 16124A 16223G 16278G 16294G 16362A 16519A 73T 263T 315.1C 523d 524d
UgJieVG013,KA232,16093A 16124A 16223G 16278G 16362A 16519A 73T 263T 315.1C 523d 524d 573.1C
UgJieVG014,KA163,16093A 16124A 16223G 16278G 16362A 16519A 73T 152A 263T 315.1C 523d 524d
UgJieVG015,KA271,16124A 16223G 16278G 16362A 16519A 73T 263T 315.1C 523d 524d
UgJieVG016,KA209,16086A 16124A 16223G 16342A 16519A 73T 263T 315.1C 456G 498.1C 523d 524d 573G
UgJieVG017,KA202,16124A 16223G 16254T 16319C 16385T 73T 152A 153T 263T 315.1C 523d 524d
UgJieVG018,KA057,16124A 16223G 16319C 73T 150G 152A 263T 309.1C 315.1C 523d 524d
UgJieVG019,KA201,16124A 16223G 16362A 16519A 73T 152A 315.1C 523d 524d
UgJieVG020,KA211,16172A 16183C 16189A 16223G 16320G 16519A 73T 150G 152A 195A 263T 309.1C 315.1C
UgJieVG021,KA262,16172A 16189A 16223G 16249A 16293T 16311A 16355G 16362A 16399T 16519A 73T 146A 244T 263T 315.1C 391A
UgJieVG022,KA215,16129C 16148G 16166T 16183d 16187G 16189A 16223G 16287G 16311A 16355G 16362A 73T 152A 182G 195A 247C 263T 315.1C 455.1T 455.2T 455.3C 523d 524d
UgKmjBokoraVG001,KA289,16093A 16129C 16148G 16166T 16183d 16187G 16189A 16223G 16278G 16311A 16355G 16362A 73T 152A 182G 195A 247C 263T 315.1C 455.1T 455.2T 455.3C 513d 515d
UgKmjBokoraVG002,KA295,16093A 16129C 16148G 16166T 16183d 16187G 16189A 16223G 16278G 16311A 16355G 16362A 73T 152A 182G 195A 247C 263T 315.1C 455.1T 455.2T 455.3C 513d 515d
UgKmjBokoraVG003,KA012,16111G 16129C 16148G 16166T 16187G 16189A 16223G 16254T 16278G 16360G 73T 195A 247C 249d 263T 309.1C 315.1C 459.1C 535G
UgKmjBokoraVG004,KA047,16111. 16111.11 16111.22 16111.39 16111.4. 16111.51 16111.64 16111.78 16111.8. 16111.91 16111.106 16111.116 16111.12. 16111.131 16111.148 16111.157 16111.16. 16111.170 16111.180 16111.190 16111.20. 16111.210 16111.220 16111.230 16111.24. 16111.250 16111.260 16111.270 16111.28. 16111.290 16111.300 16111.310 16111.32. 16111.330 16111.340 16111.350 16111.36. 16111.370 16111.380 16111.390 16111.40. 16111.410 16111.420 16111.430 16111.44. 16111.450 16111.460 16111.470 73T 195A 247C 249d 263T 309.1C 315.1C 459.1C 501G 535G
UgKmjBokoraVG005,KA048,16111G 16129C 16148G 16166T 16187G 16189A 16223G 16233T 16254T 16278G 16360G 16519A 73T 195A 247C 249d 263T 315.1C 459.1C 501G 535G
UgKmjBokoraVG006,KA002,16166T 16254T 16291G 16368A 16527G 73T 200T 247C 263T 309.1C 315.1C 523d 524d 573.1C 573.2C 573.3C 573.4C 573.5C 573.6C 573.7C
UgKmjBokoraVG007,KA228,16129C 16166T 16187G 16189Y 16223G 16254T 16278G 16291G 16368A 16527G 73T 195A 200T 247C 263T 315.1C 523d 524d 573.1C 573.2C 573.3C 573.4C 573.5C 573.6C
UgKmjBokoraVG008,KA113,16189A 16223G 16249A 16311A 16379G 16519A 73T 146A 150G 195A 198G 263T 309.1C 315.1C 489A 523d 524d
UgKmjBokoraVG009,KA090,16189A 16223G 16249A 16311A 16359A 16519A 73T 146A 150G 195A 198G 263T 309.1C 315.1C 489A 523d 524d
UgKmjBokoraVG010,KA031,16126A 16163T 16186G 16189A 16222G 16294G 16519A 73T 263T 309.1C 315.1C
UgKmjBokoraVG011,KA112 ,16067G 16158T 16274C 263T 315.1C
UgKmjBokoraVG012,KA037,16129C 16148G 16172A 16188A 16189A 16223G 16230T 16289T 16311A 16320G 16519A 73T 93T 146A 152A 185C 189T 195A 236A 247C 249d 263T 315.1C 523d 524d
UgKmjBokoraVG013,KA137,16129C 16148G 16172A 16188A 16189A 16223G 16230T 16289T 16311A 16320G 16519A 73T 93T 146A 152A 185C 189T 195A 236A 246A 249d 263T 315.1C 523d 524d
UgKmjBokoraVG014,KA023,16129C 16148G 16172A 16187G 16188G 16189A 16217A 16223G 16230T 16311A 16320G 93T 152A 189T 207C 236A 247C 263T 315.1C 523d 524d
UgKmjBokoraVG015,KA280,16129C 16148G 16172A 16187G 16188G 16189A 16217A 16223G 16230T 16311A 16320G 16519A 93T 152A 189T 207C 236A 247C 263T 309.1C 315.1C 523d 524d
UgKmjBokoraVG016,KA274,16129C 16148G 16172A 16187G 16188G 16189A 16230T 16311A 16320G 16355G 16519A 93T 95C 99A 185C 189T 204A 236A 247C 263T 309.1C 315.1C 417C 523d 524d 573.1C 573.2C 573.3C 573.4C 573.5C 573.6C 573.7C 573.8C
UgKmjBokoraVG017,KA024,16129C 16148G 16168G 16172A 16187G 16188G 16189A 16223G 16230T 16311A 16320G 64G 93T 152A 185C 189T 200T 236A 247C 263T 309.1C 315.1C 523d 524d
UgKmjBokoraVG018,KA027,16129C 16148G 16168G 16172A 16187G 16188G 16189A 16223G 16230T 16311A 16320G 64G 93T 152A 185C 189T 200T 236A 247C 263T 309.1C 315.1C 523d 524d
UgKmjBokoraVG019,KA063,16129C 16148G 16168G 16172A 16187G 16188G 16189A 16223G 16230T 16274R 16278G 16293T 16311A 16320G 93T 95C 185C 189T 236A 247C 263T 309.1C 315.1C 523d 524d
UgKmjBokoraVG020,KA089,16129C 16148G 16168G 16172A 16187G 16188G 16189A 16223G 16230T 16278G 16293T 16311A 16320G 93T 95C 185C 189T 236A 247C 263T 309.1C 315.1C 523d 524d
UgKmjBokoraVG021,KA032,16093A 16129C 16148G 16164T 16172A 16187G 16188G 16189A 16223G 16230T 16278G 16293T 16311A 16320G 16519A 93T 95C 185C 189T 236A 247C 263T 315.1C 523d 524d
UgKmjBokoraVG022,KA097,16148G 16168G 16172A 16187G 16188G 16189A 16223G 16230T 16287G 16293T 16311A 16320G 16519A 93T 185C 189T 236A 247C 263T 315.1C 523d 524d
UgKmjBokoraVG023,KA033,16129C 16148G 16168G 16172A 16187G 16188G 16189A 16223G 16230T 16293T 16311A 16519A 89A 93T 95C 152A 185C 189T 195A 236A 247C 263T 309.1C 315.1C 523d 524d
UgKmjBokoraVG024,KA230,16129C 16148G 16168G 16172A 16187G 16188G 16189A 16223G 16230T 16293T 16311A 16519A 89A 93T 95C 152A 185C 189T 195A 236A 247C 263T 309.1C 315.1C 523d 524d 553G
UgKmjBokoraVG025,KA286,16129C 16148G 16168G 16172A 16187G 16188G 16189A 16223G 16230T 16293T 16311A 16519A 89A 93T 95C 152A 185C 189T 195A 236A 247C 263T 315.1C 523d 524d 553G
UgKmjBokoraVG026,KA001,16148G 16172A 16183T 16184G 16185G 16187G 16188G 16189A 16223G 16230T 16311A 16320G 16519A 64G 93T 95C 152A 189T 236A 247C 263T 315.1C 523d 524d
UgKmjBokoraVG027,KA016,16148G 16172A 16183T 16184G 16185G 16187G 16188G 16189A 16223G 16230T 16311A 16320G 16519A 64G 93T 95C 152A 189T 236A 247C 263T 315.1C 523d 524d
UgKmjBokoraVG028,KA026,16148G 16172A 16183T 16184G 16185G 16187G 16188G 16189A 16193d 16223G 16230T 16311A 16320G 16519A 64G 93T 95C 152A 189T 236A 247C 263T 315.1C 523d 524d
UgKmjBokoraVG029,KA035,16148G 16172A 16184G 16187G 16188G 16189A 16223G 16230T 16311A 16320G 16519A 64G 89A 93T 95C 152A 189T 236A 247C 263T 315.1C 523d 524d
UgKmjBokoraVG030,KA039,16148G 16172A 16173G 16187G 16188G 16189A 16223G 16230T 16311A 16320G 16399T 16519A 93T 95C 152A 236A 247C 263T 309.1C 315.1C 523d 524d
UgKmjBokoraVG031,KA109,16148G 16172A 16184G 16187G 16188G 16189A 16223G 16230T 16311A 16320G 16519A 64G 93T 95C 152A 189T 236A 247C 263T 315.1C 523d 524d
UgKmjBokoraVG032,KA226,16148G 16172A 16183T 16184G 16185G 16187G 16188G 16189A 16223G 16230T 16311A 16320G 16519A 64G 93T 95C 152A 189T 236A 247C 263T 315.1C 523d 524d
UgKmjBokoraVG033,KA287,16148G 16172A 16184G 16187G 16188A 16189A 16223G 16230T 16311A 16320G 16519A 64G 93T 95C 152A 189T 236A 247C 263T 315.1C 523d 524d
UgKmjBokoraVG034,KA034,16148G 16172A 16187G 16188G 16189A 16223G 16230T 16311A 16320G 16519A 64G 93T 146A 152A 189T 195A 207C 236A 247C 263T 309.1C 315.1C 523d 524d
UgKmjBokoraVG035,KA270,16148G 16172A 16187G 16188G 16189A 16223G 16230T 16311A 16320G 16519A 64G 93T 146A 152A 189T 207C 236A 247C 263T 309.1C 315.1C 523d 524d
UgKmjBokoraVG036,KA020,16051T 16148G 16164T 16172A 16182d 16183d 16187G 16188.1A 16189C 16223G 16230T 16278G 16311A 93T 146A 152A 195A 236A 247C 263T 315.1C
UgKmjBokoraVG037,KA029,16051T 16148G 16164T 16172A 16182d 16183d 16187G 16188.1A 16189C 16223G 16230T 16278G 16311A 93T 146A 152A 195A 236A 247C 263T 315.1C 523d 524d
UgKmjBokoraVG038,KA091,16051T 16063A 16148G 16164T 16172A 16182d 16183d 16187G 16188.1A 16189C 16223G 16230T 16278G 16311A 93T 146A 152A 195A 236A 247C 263T 315.1C 523d 524d
UgKmjBokoraVG039,KA225,16051T 16063A 16148G 16164T 16172A 16182d 16183d 16187G 16188.1A 16189C 16223G 16230T 16278G 16311A 93T 95C 146A 152A 195A 236A 247C 263T 315.1C 523d 524d
UgKmjBokoraVG040,KA107,16169G 16172A 16187G 16189A 16223G 16230T 16247T 16311A 16319C 16327G 16354G 16368A 93T 95C 151G 152A 185C 189T 247C 263T 309.1C 315.1C 523d 524d 573.1C 573.2C 573.3C 573.4C 573.5C 573.6C
UgKmjBokoraVG041,KA025,16129C 16169G 16172A 16173G 16187G 16189A 16223G 16230T 16239G 16278G 16311A 16327G 16368A 16519A 143C 146A 152A 185C 189T 195A 247C 263T 315.1C
UgKmjBokoraVG042,KA147,16129C 16169G 16172A 16173G 16187G 16189A 16223G 16230T 16239G 16278G 16311A 16327G 16368A 16519A 143C 146A 152A 185C 189T 195A 247C 263T 315.1C
UgKmjBokoraVG043,KA134,16051T 16052G 16129C 16169G 16176G 16187G 16189A 16223G 16230T 16278G 16290G 16311A 16325A 16327G 16368A 73T 146A 152A 185C 189T 247C 263T 309.1C 315.1C 523d 524d
UgKmjBokoraVG044,KA083,16129C 16162T 16172A 16173G 16188A 16189A 16223G 16256G 16278G 16293T 16294G 16311A 16360G 16368A 16519A 73T 151G 152A 182G 186A 189T 195A 198G 247C 263T 297T 315.1C 316C 523d 524d
UgKmjBokoraVG045,KA229,16038T 16093A 16129C 16187G 16189A 16223G 16271A 16278G 16293T 16294G 16311A 16360G 16519A 73T 151G 152A 182G 186A 189C 195A 198G 247C 263T 297T 315.1C 316C 521T 523d 524d
UgKmjBokoraVG046,KA095,16071G 16129C 16145C 16187G 16188G 16189A 16213C 16223G 16234G 16265C 16278G 16286G 16294G 16311A 16360G 16524T 16527G 73T 151G 152A 182G 186A 189C 195A 198G 247C 263T 297T 309.1C 315.1C 316C
UgKmjBokoraVG047,KA110,16071G 16129C 16145C 16187G 16188G 16189A 16213C 16223G 16234G 16265C 16278G 16286G 16294G 16311A 16360G 16524T 16527G 73T 151G 152A 182G 186A 189C 195A 198G 247C 263T 297T 309.1C 315.1C 316C
UgKmjBokoraVG048,KA099,16172A 16187G 16189A 16223G 16265C 16278G 16286G 16294G 16311A 16360G 16519A 16527G 73T 151G 152A 182G 186A 189C 195A 198G 247C 263T 297T 315.1C 316C 385T 471A 523d 524d
UgKmjBokoraVG049,KA267,16093A 16129C 16183C 16189A 16215T 16223G 16278G 16294G 16311A 16327G 16355G 16360G 16390C 16519A 73T 151G 152A 182G 186A 189C 247C 263T 315.1C 316C 523d 524d
UgKmjBokoraVG050,KA245,16129C 16158T 16163T 16187G 16189A 16223G 16278G 16293T 16294G 16311A 16360G 16519A 73T 151G 152A 182G 186A 189C 247C 263T 315.1C 316C 523d 524d
UgKmjBokoraVG051,KA030,16189A 16192G 16207T 16223G 16278G 16292G 16294G 16390C 73T 143C 146A 152A 195A 263T 315.1C 523d 524d
UgKmjBokoraVG052,KA116,16189A 16223G 16256G 16278G 16294G 16390C 16519A 73T 143C 146A 152A 195A 263T 315.1C
UgKmjBokoraVG053,KA143,16223G 16256G 16278G 16294G 16390C 73T 143C 146A 152A 195A 263T 309.1C 315.1C
UgKmjBokoraVG054,KA224,16189A 16192G 16223G 16278G 16294G 16309T 16362A 16390C 16519A 73T 146A 152A 195A 263T 309.1C 315.1C
UgKmjBokoraVG055,KA296,16189A 16192G 16223G 16256G 16278G 16294G 16309T 16390C 73T 143C 146A 152A 195A 263T 315.1C
UgKmjBokoraVG056,KA003,16178A 16209A 16223G 16278G 16294G 16301G 16354G 16390C 73T 143C 146A 152A 182G 189T 195A 263T 315.1C 523d 524d
UgKmjBokoraVG057,KA015,16189A 16229A 16278G 16291G 16294G 16311A 16390C 16519A 73T 152A 182G 263T 309.1C 315.1C
UgKmjBokoraVG058,KA275,16111G 16189A 16223G 16229A 16278G 16291G 16294G 16311A 16390C 16519A 73T 152A 182G 263T 315.1C
UgKmjBokoraVG059,KA279,16086A 16183C 16189A 16209A 16223G 16291G 16311A 16390C 73T 263T 309.1C 315.1C 524.1A 524.2C
UgKmjBokoraVG060,KA042,16189A 16223G 16229A 16278G 16291G 16294G 16311A 16390C 16519A 73T 152A 182G 195A 263T 315.1C 356.1C
UgKmjBokoraVG061,KA021,16170T 16189A 16223G 16229A 16264G 16278G 16294G 16301G 16311A 16390C 16519A 73T 152A 182G 263T 309.1C 315.1C 513d 515d
UgKmjBokoraVG062,KA149,16170T 16189A 16223G 16229A 16264G 16278G 16294G 16311A 16390C 16519A 73T 152A 182G 263T 315.1C 513d 515d
UgKmjBokoraVG063,KA269,16170T 16187G 16189A 16223G 16229A 16264G 16278G 16294G 16311A 16390C 16519A 73T 152A 182G 185C 263T 315.1C 489A 513d 515d
UgKmjBokoraVG064,KA053,16114A 16129C 16192G 16213C 16223G 16278G 16390C 73T 146A 150G 152A 182G 183T 195A 198G 204A 235T 263T 309.1C 315.1C
UgKmjBokoraVG065,KA022,16111A 16145C 16184G 16223G 16239G 16270G 16278G 16292G 16355G 16390C 16399T 16400G 16519A 73T 146A 150G 152A 182G 263T 315.1C 479T
UgKmjBokoraVG066,KA038,16223G 16311A 16362A 73T 150G 195A 263T 315.1C 523d 524d
UgKmjBokoraVG067,KA118,16223G 16311A 16362A 73T 150G 263T 309.1C 315.1C 523d 524d
UgKmjBokoraVG068,KA227,16223G 16311A 16362A 73T 150G 263T 315.1C 523d 524d
UgKmjBokoraVG069,KA268,16223G 16241C 16311A 16362A 16519A 73T 150G 263T 315.1C 523d 524d
UgKmjBokoraVG070,KA036,16093A 16124A 16223G 16278G 16362A 16519A 73T 263T 315.1C 523d 524d
UgKmjBokoraVG071,KA046,16093A 16124A 16223G 16269T 16278G 16362A 16519A 73T 195A 263T 315.1C 523d 524d
UgKmjBokoraVG072,KA049,16093A 16124A 16223G 16278G 16362A 16519A 73T 263T 315.1C 523d 524d
UgKmjBokoraVG073,KA092,16093A 16124A 16223G 16278G 16362A 16519A 73T 263T 315.1C 523d 524d
UgKmjBokoraVG074,KA142,16093A 16124A 16223G 16278G 16362A 16519A 73T 263T 315.1C 523d 524d
UgKmjBokoraVG075,KA146,16093A 16124A 16223G 16278G 16362A 16519A 73T 263T 315.1C 523d 524d
UgKmjBokoraVG076,KA261,16093Y 16124A 16223G 16278G 16362A 16519A 73T 263T 315.1C 523d 524d
UgKmjBokoraVG077,KA264,16093A 16124A 16223G 16278G 16362A 16519A 73T 263T 315.1C 523d 524d
UgKmjBokoraVG078,KA276,16093A 16124A 16223G 16269T 16278G 16362A 16519A 73T 195A 263T 315.1C 523d 524d
UgKmjBokoraVG079,KA277,16093A 16124A 16223G 16278G 16362A 16519A 73T 263T 315.1C 523d 524d
UgKmjBokoraVG080,KA278,16093A 16124A 16223G 16278G 16362A 16519A 73T 263T 315.1C 523d 524d
UgKmjBokoraVG081,KA294,16093A 16124A 16223G 16278G 16362A 16519A 73T 263T 309.1C 315.1C 523d 524d
UgKmjBokoraVG082,KA273,16093A 16124A 16223G 16278G 16362A 16519A 73T 152A 263T 315.1C 523d 524d
UgKmjBokoraVG083,KA290,16124A 16223G 16278G 16362A 16519A 73T 263T 315.1C 523d 524d
UgKmjBokoraVG084,KA291,16124A 16223G 16278G 16311A 16362A 16519A 73T 263T 315.1C 523d 524d
UgKmjBokoraVG085,KA292,16124A 16223G 16319C 73T 150G 152A 263T 309.1C 309.2C 315.1C 523d 524d
UgKmjBokoraVG086,KA100,16223G 16327G 73T 150G 189T 200T 263T 309.1C 315.1C
UgKmjBokoraVG087,KA231,16186G 16209A 16223G 16311A 16327G 73T 189T 195A 263T 309.1C 315.1C 523d 524d 573.1C
UgKmjBokoraVG088,KA281,16185G 16223G 16311A 16327G 73T 150G 185C 189T 200R 263T 315.1C
UgKmjBokoraVG089,KA044,16223G 16249A 16265T 16519A 73T 150G 195A 263T 309.1C 315.1C 523d 524d
UgKmjBokoraVG090,KA075,16041T 16223G 16519A 73T 150G 195A 263T 309.1C 315.1C 398A 523d 524d
UgKmjBokoraVG091,KA085,16041T 16223G 16519A 73T 150G 263T 309.1C 315.1C 398A 523d 524d
UgKmjBokoraVG092,KA183,16041T 16223G 16519A 73T 150G 263T 309.1C 315.1C 398A 523d 524d
UgKmjBokoraVG093,KA008,16129C 16209A 16223G 16292G 16295G 16311A 16519A 73T 189T 200T 263T 309.1C 315.1C
UgKmjBokoraVG094,KA011,16129C 16209A 16223G 16292G 16295G 16311A 16519A 73T 189T 200T 263T 309.1C 315.1C
UgKmjBokoraVG095,KA162,16129C 16209A 16223G 16292G 16295G 16311A 16519A 73T 189T 200T 263T 309.1C 315.1C
UgKmjBokoraVG096,KA009,16176G 16188Y 16189A 16209A 16223G 16234G 73T 189T 263T 315.1C 318A
UgKmjBokoraVG097,KA283,16176G 16188G 16189A 16209A 16223G 73T 189T 263T 315.1C 318A
UgKmjBokoraVG098,KA104,16189A 16192G 16298A 16311A 73T 263T 309.1C 315.1C
UgKmjBokoraVG099,KA010,16129C 16148G 16192G 16223G 16291G 16311A 16399T 73T 146A 263T 315.1C
UgKmjBokoraVG100,KA028,16192G 16223G 16311A 16399T 73T 146A 263T 315.1C
UgKmjBokoraVG101,KA067,16223G 16311A 16354G 16399T 73T 146A 153T 200T 263T 315.1C
UgKmjBokoraVG102,KA102,16129C 16145C 16153C 16223G 73T 150G 263T 309.1C 315.1C
UgKmjBokoraVG103,KA005,16066T 16153C 16174G 16223G 16319C 16519A 73T 150G 263T 315.1C
UgKmjBokoraVG104,KA014,16066T 16153C 16174G 16223G 16286G 16319C 16519A 73T 150G 263T 315.1C
UgKmjBokoraVG105,KA045,16153C 16172A 16174G 16223G 16319C 16399T 73T 150G 263T 315.1C 408A 524.1A 524.2C
UgKmjBokoraVG106,KA074,16153C 16174G 16223G 16230T 16319C 16519A 73T 150G 263T 315.1C
UgKmjBokoraVG107,KA076,16066T 16153C 16174G 16219T 16223G 16319C 73T 150G 263T 309.1C 315.1C
UgKmjBokoraVG108,KA101,16066T 16153C 16174G 16223G 16319C 16519A 73T 150G 263T 315.1C
UgKmjBokoraVG109,KA141,16066T 16093A 16153C 16174G 16223G 16319C 16519A 73T 150G 263T 315.1C
UgKmjBokoraVG110,KA146,16066T 16153C 16174G 16223G 16319C 16519A 73T 150G 263T 315.1C
UgKmjBokoraVG111,KA265,16153C 16172A 16174G 16223G 16319C 16519A 73T 150G 263T 309.1C 315.1C
UgKmjBokoraVG112,KA288,16066T 16153C 16174G 16223G 16319C 16519A 73T 150G 263T 315.1C
UgKmjBokoraVG113,KA073,16111G 16223G 16293T 16311A 16355G 16362A 16399T 16519A 73T 146A 244T 263T 315.1C 398A 513d 515d
UgKmjBokoraVG114,KA088,16214G 16223G 16261G 16293T 16311A 16355G 16362A 16399T 16519A 73T 146A 153T 244T 263T 315.1C
UgKmjBokoraVG115,KA098,16223G 16263A 16293T 16311A 16355G 16362A 16399T 16519A 73T 93T 146A 200T 244T 263T 309.1C 315.1C 513C
UgKmjBokoraVG116,KA106,16223G 16263A 16293T 16311A 16355G 16362A 16399T 16519A 73T 93T 146A 200T 244T 263T 309.1C 315.1C 513C
UgKmjBokoraVG117,KA284,16188.1A 16189C 16223G 16293T 16311A 16344G 16355G 16362A 16399T 16519A 73T 146A 182G 183T 244T 249d 263T 309.1C 315.1C 513C
UgKmjBokoraVG118,KA017,16075A 16223G 16274C 16293T 16311A 16355G 16362A 16399T 73T 146A 152A 195A 244T 263T
UgKmjBokoraVG119,KA018,16075A 16223G 16274C 16293T 16311A 16355G 16362A 16399T 73T 146A 152A 195A 244T 263T
UgKmjBokoraVG120,KA068,16075A 16148G 16223G 16274C 16293T 16311A 16355G 16362A 16399T 73T 146A 152A 195A 244T 263T
UgKmjBokoraVG121,KA282,16075A 16223G 16274C 16293T 16311A 16355G 16362A 16399T 73T 146A 152A 195A 244T 263T
UgKmjBokoraVG122,KA013,16172A 16183M 16188.1A 16189C 16223G 16249A 16293T 16311A 16355G 16362A 16399T 16519A 73T 146A 244T 263T 315.1C 391A
UgKmjBokoraVG123,KA051,16172A 16223G 16293T 16311A 16355G 16362A 16399T 16519A 73T 146A 244T 263T 309.1C 315.1C 391A
UgKmjBokoraVG124,KA115,16172A 16183C 16189A 16223G 16256G 16287G 16293T 16311A 16355G 16362A 16399T 73T 146A 152A 244T 263T 291.1A 309.1C 315.1C 513C
UgKmjBokoraVG125,KA077,16129C 16148G 16166T 16183d 16187G 16189A 16192G 16223G 16278G 16311A 16355G 16362A 73T 152A 182G 195A 247C 263T 309.1C 315.1C 455.1T 455.2T 455.3C 523d 524d
UgKmjBokoraVG126,KA108,16129C 16148G 16166T 16183C 16186G 16189A 16223G 16278G 16291G 16311A 16355G 16362A 16T 73T 152A 182G 195A 247C 263T 315.1C 455.1T 455.2T 455.3C 523d 524d
UgKmjMathenikoVG001,KA081,16111G 16129C 16148G 16166T 16187G 16189A 16223G 16233T 16254T 16256G 16278G 16360G 73T 195A 247C 249d 263T 315.1C 459.1C 535G
UgKmjMathenikoVG002,KA138,16111G 16129C 16148G 16166T 16187G 16189A 16223G 16233T 16254T 16256G 16278G 16360G 73T 195A 247C 249d 263T 315.1C 459.1C 535G
UgKmjMathenikoVG003,KA164,16111G 16129C 16148G 16166T 16183T 16187G 16189A 16223G 16231A 16233T 16254T 16278G 73T 195A 217A 247C 249d 263T 315.1C 320.1C 459.1C 535G
UgKmjMathenikoVG004,KA128,16048C 16189A 16223G 16224A 16278G 16311A 16362A 16519A 73T 146A 152A 182G 185C 263T 265A 309.1C 315.1C
UgKmjMathenikoVG005,KA139,16093A 16147G 16172A 16223G 16248G 16355G 16519A 73T 151G 199A 204A 263T 315.1C 573.1C 573.2C 573.3C 573.4C 573.5C 573.6C
UgKmjMathenikoVG006,KA125,16093A 16148G 16168G 16172A 16187G 16188G 16189A 16223G 16230T 16266G 16287G 16293T 16311A 16320G 16519A 93T 152A 185C 189T 236A 247C 315.1C 498d 523d 524d
UgKmjMathenikoVG007,KA059,16129C 16148G 16168G 16172A 16187G 16188G 16189A 16223G 16230T 16293T 16311A 93T 152A 185C 189T 236A 247C 263T 315.1C 523d 524d 553G
UgKmjMathenikoVG008,KA078,16148G 16172A 16184G 16187G 16188G 16189A 16223G 16230T 16311A 16320G 16368A 16519A 64G 93T 95C 152A 189T 236A 247C 263T 315.1C 523d 524d
UgKmjMathenikoVG009,KA126,16148G 16172A 16187G 16188G 16189A 16223G 16230T 16311A 16320G 16519A 64G 93T 152A 189T 204A 207C 236A 247C 263T 315.1C 523d 524d
UgKmjMathenikoVG010,KA272,16051T 16063A 16148G 16164T 16172A 16182d 16183d 16187G 16188.1A 16189C 16223G 16230T 16278G 16311A 16519A 93T 95C 146A 152A 195A 236A 247C 263T 315.1C 523d 524d
UgKmjMathenikoVG011,KA080,16129C 16169G 16172A 16187G 16189A 16223G 16278G 16311A 16327G 16352A 16368A 16519A 44.1C 73T 189T 204A 247C 263T 309.1C 315.1C 511G 524.1A 524.2C
UgKmjMathenikoVG012,KA069,16051T 16052G 16129C 16169G 16176G 16187G 16189A 16223G 16230T 16278G 16290G 16311A 16325A 16327G 16368A 73T 146A 150G 152A 185C 189T 247C 263T 309.1C 315.1C 523d 524d
UgKmjMathenikoVG013,KA130,16051T 16052G 16129C 16169G 16176G 16187G 16189A 16223G 16230T 16278G 16290G 16311A 16325A 16327G 16368A 73T 146A 152A 185C 189T 247C 263T 309.1C 315.1C 523d 524d
UgKmjMathenikoVG014,KA064,16071G 16129C 16145C 16172A 16187G 16189A 16213C 16223G 16234G 16265C 16278G 16286G 16294G 16311A 16360G 16527G 73T 151G 152A 182G 186A 189C 195A 198G 247C 263T 297T 309.1C 315.1C 316C
UgKmjMathenikoVG015,KA121,16071G 16129C 16145C 16187G 16188G 16189A 16213C 16223G 16234G 16265C 16278G 16286G 16294G 16311A 16360G 16524T 16527G 73T 151G 152A 182G 186A 189C 195A 198G 247C 263T 297T 309.1C 315.1C 316C
UgKmjMathenikoVG016,KA065,16189A 16223G 16278G 16294G 16309T 16390C 16519A 73T 146A 152A 195A 263T 309.1C 315.1C
UgKmjMathenikoVG017,KA079,16182C 16183C 16189A 16223G 16278G 16294G 16309T 16390C 16519A 73T 146A 152A 195A 263T 309.1C 315.1C
UgKmjMathenikoVG018,KA070,16093A 16182T 16189A 16223G 16261G 16278G 16290G 16294G 16309T 16390C 16519A 73T 143C 146A 152A 195A 263T 315.1C 523d 524d
UgKmjMathenikoVG019,KA129,16093A 16183C 16189A 16223G 16229A 16256G 16266G 16278G 16291G 16294G 16311A 16320G 16390C 16519A 73T 152A 182G 263T 309.1C 315.1C
UgKmjMathenikoVG020,KA135,16111G 16183C 16189A 16223G 16229A 16278G 16291G 16294G 16311A 16390C 16519A 73T 152A 182G 263T 309.1C 315.1C
UgKmjMathenikoVG021,KA040,16182C 16183C 16189A 16223G 16229A 16234G 16278G 16294G 16311A 16390C 16519A 73T 152A 182G 195A 263T 315.1C 513d 515d
UgKmjMathenikoVG022,KA285,16114A 16129C 16192G 16213C 16223G 16278G 16390C 73T 146A 150G 152A 182G 183T 195A 198G 204A 235T 263T 309.1C 315.1C
UgKmjMathenikoVG023,KA167,16223G 16278G 16318T 16390C 73T 93T 146A 150G 152A 182G 195A 198G 263T 315.1C 325G 523d 524d 573.1C 573.2C
UgKmjMathenikoVG024,KA124,16223G 16271A 16316T 16519A 73T 152A 200T 263T 309.1C 315.1C 523d 524d 573G
UgKmjMathenikoVG025,KA066,16124A 16223G 16319C 73T 150G 152A 263T 315.1C 523d 524d
UgKmjMathenikoVG026,KA060,16223G 16327G 73T 150G 189T 200T 263T 309.1C 315.1C
UgKmjMathenikoVG027,KA263,16103T 16223G 16327G 73T 150G 185C 189T 200T 263T 315.1C
UgKmjMathenikoVG028,KA166,16172A 16183C 16189A 16223G 16320G 16519A 73T 150G 152A 195A 263T 309.1C 315.1C
UgKmjMathenikoVG029,KA133,16148G 16192G 16223G 16311A 16399T 73T 146A 150G 152A 207C 263T 315.1C 489A
UgKmjMathenikoVG030,KA136,16148G 16192G 16223G 16311A 16399T 16519A 73T 146A 263T 309.1C 315.1C
UgKmjMathenikoVG031,KA055,16066T 16093A 16153C 16174G 16223G 16319C 16519A 73T 150G 263T 315.1C
UgKmjMathenikoVG032,KA061,16153C 16172A 16174G 16223G 16319C 16519A 73T 150G 263T 315.1C
UgKmjMathenikoVG033,KA050,16223G 16293T 16311A 16355G 16362A 16399T 16519A 73T 93T 146A 210T 244T 263T 309.1C 315.1C 513C
UgKmjMathenikoVG034,KA082,16093A 16189A 16192G 16223G 16293T 16311A 16344G 16355G 16362A 16399T 16519A 73T 146A 182G 183T 244T 263T 315.1C 513d 515d
UgKmjMathenikoVG035,KA132,16223G 16263A 16293T 16311A 16355G 16362A 16399T 16519A 73T 93T 146A 200T 244T 263T 309.1C 315.1C 513C
UgKmjMathenikoVG036,KA140,16223G 16263A 16293T 16311A 16355G 16360G 16362A 16399T 16519A 73T 93T 146A 200T 244T 263T 315.1C 513C
UgKmjMathenikoVG037,KA222,16189A 16192G 16223G 16293T 16294G 16311A 16344G 16355G 16362A 16399T 16519A 73T 146A 182G 183T 244T 263T 315.1C 513C
UgKmjMathenikoVG038,KA084,16075A 16129C 16223G 16274C 16293T 16311A 16355G 16362A 16399T 73T 146A 152A 195A 244T 263T
UgKmjMathenikoVG039,KA174,16274C 16293T 16311A 16335T 16355G 16362A 16399T 16519A 73T 146A 195A 244T 263T 315.1C
UgKmjMathenikoVG040,KA180,16274C 16293T 16311A 16335T 16355G 16362A 16399T 16519A 73T 146A 195A 244T 263T 315.1C
UgKmjMathenikoVG041,KA103,16172A 16223G 16293T 16311A 16355G 16362A 16399T 16519A 73T 146A 151G 152A 244T 263T 309.1C 315.1C 523d 524d
UgKmjMathenikoVG042,KA123,16172A 16180T 16223G 16293T 16311A 16355G 16362A 16399T 16519A 73T 146A 244T 263T 315.1C 391A
UgKmjMathenikoVG043,KA221,16172A 16189A 16223G 16249A 16293T 16311A 16355G 16362A 16399T 16519A 73T 146A 244T 263T 315.1C 391A
UgKmjPianVG001,KA071,16129C 16166T 16187G 16223G 16254T 16278G 16291G 16311Y 16368A 16527G 73T 200T 247C 263T 309.1C 315.1C 523d 524d 573.1C 573.2C 573.3C 573.4C 573.5C
UgKmjPianVG002,KA072,16129C 16166T 16187G 16223G 16254T 16278G 16291G 16368A 16527G 73T 200T 247C 263T 309.1C 315.1C 523d 524d 573.1C 573.2C 573.3C 573.4C
UgKmjPianVG003,KA127,16129C 16148G 16168G 16172A 16187G 16188G 16189A 16223G 16230T 16278G 16293T 16311A 16320G 93T 95C 185C 189T 236A 247C 263T 309.1C 315.1C 523d 524d
UgKmjPianVG004,KA006,16129C 16148G 16168G 16172A 16187G 16188G 16189A 16223G 16230T 16293T 16311A 16519A 89A 93T 95C 152A 185C 189T 195A 236A 247C 263T 315.1C 523d 524d 553G
UgKmjPianVG005,KA056,16148G 16172A 16184G 16185G 16187G 16188G 16189A 16223G 16230T 16311A 16320G 16519A 64G 93T 95C 152A 189T 236A 247C 263T 315.1C 523d 524d
UgKmjPianVG006,KA094,16051T 16148G 16164T 16172A 16182d 16183d 16187G 16188.1A 16189C 16223G 16230T 16278G 16311A 93T 146A 152A 195A 236A 247C 263T 315.1C 513d 515d
UgKmjPianVG007,KA054,16189A 16192Y 16223G 16278G 16294G 16390C 73T 143C 146A 152A 189T 195A 263T 315.1C
UgKmjPianVG008,KA093,16176G 16183C 16188.1A 16189C 16223G 16229A 16278G 16291G 16294G 16311A 16390C 16519A 73T 152A 182G 195A 263T 302d 303d 315.1C 549G
UgKmjPianVG009,KA105,16170T 16189A 16223G 16229A 16271A 16278G 16294G 16311A 16390C 16519A 73T 152A 182G 195A 263T 315.1C 513d 515d 573.1C 573.2C 573.3C 573.4C 573.5C
UgKmjPianVG010,KA043,16223G 16311A 16362A 73T 150G 263T 309.1C 315.1C 523d 524d
UgKmjPianVG011,KA114,16223G 16311A 16362A 73T 150G 263T 315.1C 523d 524d
UgKmjPianVG012,KA119,16209A 16218G 16223G 16292G 16311A 73T 189T 200T 263T 309.1C 315.1C 523d 524d
UgKmjPianVG013,KA117,16192G 16195A 16245G 16298A 16311A 16390C 16519A 73T 309.1C 315.1C 518G
UgKmjPianVG014,KA062,16111G 16223G 16293T 16311A 16355G 16362A 16399T 16519A 73T 146A 244T 263T 315.1C 398A 513d 515d
UgKmjPianVG015,KA019,16172A 16183d 16189A 16223G 16287A 16293T 16311A 16355G 16362A 16399T 73T 146A 152A 244T 263T 315.1C 513C
UgLabworVG001,KA007,16111G 16129C 16148G 16166T 16187G 16189A 16223G 16254T 16278G 16360G 73T 195A 247C 249d 263T 309.1C 315.1C 459.1C 535G
UgLabworVG002,KA004,16111G 16129C 16148G 16166T 16187G 16189A 16223G 16233T 16254T 16278G 16293T 16360G 16368A 16519A 73T 195A 247C 249d 263T 315.1C 459.1C 535G
UgLangiVG001,UGA13,16074T 16223G 16274C 16293T 16311A 16355G 16362A 16399T
UgLangiVG002,UGA54,16189A 16192G 16223G 16278G 16294G
UgLenduVG001,UGA-LEN29,16093A 16212T 16223G 16224A 16278G 16309T 16390C 16399T
UgLenduVG002,UGA-LEN29,16223G 16229A 16256G 16274C 16278G 16291G 16294G 16311A 16390C
UgLenduVG003,UGA-LEN36,16182d 16183d 16189A 16189.1A 16223G 16229A 16274C 16278G 16294G 16311A 16362A 16390C
UgLenduVG004,UGA-LEN37,16183C 16189A 16223G 16229A 16234G 16278G 16294G 16311A 16390C
UgLenduVG005,UGA-LEN38,16145C 16170T 16183C 16189A 16223G 16229A 16278G 16294G 16311A 16390C
UgLenduVG006,UGA-LEN39,16145C 16170T 16183C 16189A 16223G 16229A 16278G 16294G 16311A 16390C
UgLenduVG007,UGA-LEN40,16145C 16170T 16183C 16189A 16223G 16229A 16278G 16294G 16311A 16390C
UgLenduVG008,UGA-LEN41,16189A 16223G 16311A 16362A
UgLugbaraVG001,UGA7,16126A 16187G 16189A 16223G 16264G 16270G 16278G 16293T 16311A
UgLuoVG001,UGA19,16093A 16189A 16223G 16229A 16278G 16291G 16311A 16390C
UgLuoVG002,UGA55,16187G 16189A 16223G 16229A 16278G 16288A 16291G 16294G 16311A
UgLuoVG003,UGA11,16114A 16129C 16213C 16223G 16278G 16355G 16362A 16390C
UgLuoVG004,UGA10,16051T 16111A 16145C 16184G 16223G 16234G 16239G 16278G 16292G 16311A 16355G 16390C 16399T 16400G
UgLuoVG005,UGA21,16111G 16129C 16148G 16166T 16187G 16189A 16223G 16254T 16278G 16360G
UgMadiVG001,UGA72,16129C 16148G 16172A 16188A 16189A 16223G 16230T 16311A 16320G
UgSoVG001,KA131,16185G 16223G 16260G 16311A 16519A 73T 150G 152A 200T 263T 315.1C 523d 524d
UgSoVG002,KA161,16223G 16263A 16293T 16311A 16355G 16360Y 16362A 16399T 16519A 73T 93T 146A 200T 244T 263T 315.1C 513C
