SdSudanPS001,SUD1,16041T 16223G 73T 150G 263T 309.1C 315.1C 398A
SdSudanPS002,SUD2,16124A 16223G 73T 151G 152A 195A 263T 315.1C
SdSudanPS003,SUD3,16182C 16183C 16189A 16223G 16278G 16294G 16309T 16352A 16390C 73T 143C 146A 152A 195A 263T 309.1C 315.1C
SdSudanPS004,SUD4,152A 263T 315.1C
SdSudanPS005,SUD5,16165T 16177T 16178A 16192G 16223G 16311A 16399T 73T 146A 263T 315.1C
SdSudanPS006,SUD6,16223G 16224A 16278G 16309T 16390C 73T 146A 152A 182G 183T 186G 263T 309.1C 315.1C
SdSudanPS007,SUD7,16044A 16189A 16223G 16229A 16278G 16291G 16294G 16311A 16390C 73T 152A 182G 257T 263T 315.1C
SdSudanPS008,SUD8,16111G 16184G 16192G 16223G 16234G 16304A 73T 150G 263T 315.1C 318A
SdSudanPS009,SUD9,16183C 16189A 16223G 16229A 16278G 16291G 16294G 16311A 16390C 73T 152A 182G 257T 263T 315.1C
SdSudanPS010,SUD10,16209A 16223G 16292G 16311A 73T 189T 200T 263T 315.1C
SdSudanPS011,SUD11,16093A 16129C 16148G 16166T 16183C 16186G 16189A 16223G 16278G 16311A 16355G 16362A 73T 152A 182G 195A 247C 263T 315.1C
SdSudanPS012,SUD12,16092A 16189A 16223G 16278G 16294G 16309T 16390C 73T 143C 146A 152A 195A 263T 315.1C
SdSudanPS013,SUD13,16093A 16223G 16278G 16362A 73T 263T 315.1C
SdSudanPS014,SUD14,16209A 16223G 16271A 16278G 16294G 16301G 16354G 16390C 73T 143C 146A 152A 182G 195A 263T 315.1C
SdSudanPS015,SUD15,16189A 16192G 16223G 16278G 16289T 16294G 16309T 16390C 73T 143C 146A 152A 195A 263T 309.1C 315.1C
SdSudanPS016,SUD16,16189A 16261G 16270G 16291G 16311A 73T 150G 263T 309.1C 315.1C
SdSudanPS017,SUD17,16124A 16223G 16278G 16362A 73T 263T 315.1C
SdSudanPS018,SUD18,16041T 16186G 16223G 16266G 73T 150G 195A 263T 315.1C 398A
SdSudanPS019,SUD20,16209A 16213C 16223G 16311A 73T 195A 263T 315.1C 328T
SdSudanPS020,SUD21,16126A 16145C 16362A 60.1T 64G 200T 263T 315.1C
SdSudanPS021,SUD22,16140A 16209A 16223G 73T 152A 263T 315.1C
SdSudanPS022,SUD23,16129C 16183C 16189A 16223G 16249A 16311A 16359A 73T 195A 263T 280G 309.1C 315.1C
SdSudanPS023,SUD24,16126A 16186G 16189A 16222G 16294G 73T 263T 315.1C
SdSudanPS024,SUD25,16129C 16182C 16183C 16189A 16223G 16249A 16311A 73T 152A 195A 263T 315.1C
SdSudanPS025,SUD26,16189A 16192G 16223G 16278G 16294G 16309T 16390C 73T 143C 146A 152A 195A 263T 309.1C 315.1C
SdSudanPS026,SUD27,152A 263T 315.1C
SdSudanPS027,SUD28,263T 309.1C 315.1C
SdSudanPS028,SUD29,263T 309.1C 315.1C
SdSudanPS029,SUD30,16126A 16186G 16189A 16222G 16294G 73T 263T 315.1C
SdSudanPS030,SUD31,16270G 16296G 73T 75C 150G 263T 315.1C
SdSudanPS031,SUD32,16126A 16362A 64G 263T 309.1C 315.1C
SdSudanPS032,SUD33,16086A 16169G 16193G 16195A 73T 150G 200T 249d 263T 315.1C 375.1G 375.2A 375.3A 375.4A
SdSudanPS033,SUD34,16093A 16223G 16293T 16311A 16355G 16362A 16399T 73T 146A 257T 263T 309.1C 315.1C
SdSudanPS034,SUD35,16114A 16129C 16213C 16223G 16234G 16278G 16390C 73T 146A 150G 152A 182G 183T 195A 198G 203C 263T 315.1C
SdSudanPS035,SUD36,16189A 16223G 16278G 16294G 16309T 16390C 73T 143C 146A 152A 195A 263T 315.1C
SdSudanPS036,SUD37,16189A 16223G 16278G 16294G 16362A 16390C 73T 152A 195A 263T 309.1C 315.1C
SdSudanPS037,SUD38,16129C 263T 315.1C
SdSudanPS038,SUD39,16129C 16192G 16223G 16255C 16298A 16311A 73T 263T 309.1C 315.1C
SdSudanPS039,SUD40,16209A 16223G 16278G 16294G 16301G 16354G 16390C 73T 143C 146A 152A 189T 195A 263T 315.1C
SdSudanPS040,SUD41,16129C 16148G 16168G 16172A 16187G 16188G 16189A 16223G 16230T 16311A 16320G 93T 152A 189T 200T 236A 247C 263T 309.1C 315.1C
SdSudanPS041,SUD42,16183C 16189A 16223G 16278G 16294G 16309T 16390C 73T 143C 146A 152A 195A 263T 309.1C 315.1C
SdSudanPS042,SUD43,16189A 16223G 16278G 16294G 16309T 16390C 73T 143C 146A 152A 195A 263T 315.1C
SdSudanPS043,SUD44,16189A 16223G 16278G 16294G 16309T 16390C 73T 143C 146A 152A 195A 263T 315.1C
SdSudanPS044,SUD45,16170T 16223G 16233T 16278G 16318T 16390C 73T 93T 146A 150G 152A 182G 195A 198G 263T 315.1C 325G
SdSudanPS045,SUD46,16129C 16148G 16168G 16172A 16187G 16188G 16189A 16223G 16230T 16311A 16320G 93T 152A 189T 200T 236A 247C 263T 309.1C 315.1C
SdSudanPS046,SUD47,16176G 16209A 16223G 16234G 16292G 73T 152A 189T 263T 309.1C 315.1C 318A
SdSudanPS047,SUD48,16183C 16189A 16223G 16278G 16294G 16309T 16390C 73T 143C 146A 152A 195A 263T 309.1C 315.1C
SdSudanPS048,SUD49,16189A 16192G 16223G 16278G 16289T 16294G 16309T 16390C 73T 143C 146A 152A 195A 263T 309.1C 315.1C
SdSudanPS049,SUD50,16129C 16183C 16189A 16215T 73T 195A 263T 309.1C 315.1C
SdSudanPS050,SUD51,16224A 16311A 73T 152A 263T 309.1C 315.1C
SdSudanPS051,SUD52,16189A 263T 315.1C
SdSudanPS052,SUD53,16223G 16293T 16311A 16355G 16362A 16399T 73T 146A 257T 263T 315.1C
SdSudanPS053,SUD54,16209A 16223G 16271A 16278G 16294G 16301G 16354G 16390C 73T 143C 146A 152A 182G 195A 263T 315.1C
SdSudanPS054,SUD55,16209A 16223G 16292G 16311A 73T 189T 200T 263T 315.1C
SdSudanPS055,SUD56,16093A 16223G 16278G 16294G 16309T 16390C 73T 146A 152A 195A 263T 315.1C
SdSudanPS056,SUD57,16093A 16126A 16189A 16362A 43.1A 64G 152A 263T 309.1C 315.1C
SdSudanPS057,SUD58,16209A 16213C 16223G 16234G 16311A 73T 185C 189T 263T 309.1C 315.1C
SdSudanPS058,SUD59,16129C 16209A 16223G 16230T 16278G 16294G 16301G 16354G 16390C 73T 143C 146A 152A 189T 195A 263T 309.1C 315.1C
SdSudanPS059,SUD60,16183C 16189A 16223G 16278G 16294G 16309T 16390C 73T 143C 146A 152A 195A 263T 309.1C 315.1C
SdSudanPS060,SUD61,16189A 16223G 16278G 16294G 16309T 16390C 73T 143C 146A 152A 195A 263T 315.1C
SdSudanPS061,SUD62,16209A 16213C 16223G 16311A 73T 195A 263T 315.1C 328T
SdSudanPS062,SUD63,16129C 16183C 16189A 16223G 16249A 16311A 73T 195A 263T 315.1C
SdSudanPS063,SUD64,16129C 16183C 16189A 16223G 16249A 16256G 16311A 16359A 73T 146A 189T 195A 263T 309.1C 315.1C
SdSudanPS064,SUD65,16041T 16223G 73T 150G 263T 315.1C 398A
SdSudanPS065,SUD66,16223G 16274C 16278G 16311A 16390C 73T 83A 93T 146A 150G 152A 182G 195A 198G 263T 315.1C 325G
SdSudanPS066,SUD67,16165T 16177T 16178A 16192G 16223G 16311A 16399T 73T 146A 263T 315.1C
SdSudanPS067,SUD68,16209A 16218G 16223G 16292G 16311A 73T 189T 200T 263T 309.1C 315.1C
SdSudanPS068,SUD69,16114A 16213C 16223G 16278G 16390C 73T 146A 152A 182G 183T 195A 198G 204A 263T 315.1C
SdSudanPS069,SUD70,16189A 16192G 16223G 16278G 16292G 16294G 16309T 16390C 73T 143C 146A 152A 195A 263T 315.1C
SdSudanPS070,SUD71,16176G 16209A 16223G 16234G 16292G 73T 152A 189T 263T 309.1C 315.1C 318A
SdSudanPS071,SUD72,16223G 73T 152A 189T 195A 263T 309.1C 315.1C
SdSudanPS072,SUD73,16069G 16126A 16145C 16261G 73T 152A 263T 295G 309.1C 315.1C
SdSudanPS073,SUD74,16126A 16189A 16362A 64G 263T 309.1C 315.1C
SdSudanPS074,SUD75,16183C 16189A 16223G 16229A 16278G 16291G 16294G 16311A 16390C 73T 152A 182G 262G 263T 315.1C
SdSudanPS075,SUD76,16192G 16209A 16223G 16292G 16311A 73T 152A 185C 189T 200T 263T 315.1C
SdSudanPS076,SUD77,16172A 16182C 16183C 16189A 16223G 73T 150G 195A 263T 309.1C 315.1C
SdSudanPS077,SUD78,16126A 16292G 16294G 16296G 16304A 16311A 73T 152A 263T 315.1C
SdSudanPS078,SUD79,16183C 16189A 16223G 16278G 16294G 16309T 16390C 73T 143C 146A 152A 195A 263T 315.1C
SdSudanPS079,SUD80,16067G 16192G 263T 309.1C 315.1C
SdSudanPS080,SUD81,16209A 16223G 16292G 16311A 73T 189T 200T 263T 309.1C 315.1C
SdSudanPS081,SUD82,16169G 16223G 16278G 16311A 73T 150G 204A 263T 315.1C
SdSudanPS082,SUD83,16223G 16311A 16362A 73T 150G 263T 309.1C 315.1C
SdSudanPS083,SUD84,16041T 16223G 73T 150G 263T 315.1C 398A
SdSudanPS084,SUD85,16129C 16183C 16189A 16212T 16223G 16249A 16304A 16311A 16359A 73T 195A 263T 315.1C
SdSudanPS085,SUD86,16129C 16183C 16189A 16278G 16300T 16354G 16390C 73T 146A 150G 195A 263T 315.1C
SdSudanPS086,SUD87,16114A 16129C 16213C 16223G 16278G 16390C 73T 146A 150G 152A 182G 183T 195A 198G 204A 263T 315.1C
SdSudanPS087,SUD88,16224A 16311A 73T 152A 263T 309.1C 315.1C
SdSudanPS088,SUD89,16172A 16179G 16183C 16189A 16219T 16278G 73T 103C 263T 309.1C 315.1C
SdSudanPS089,SUD90,16224A 16311A 73T 263T 315.1C
SdSudanPS090,SUD91,16093A 16172A 16179G 16215T 16223G 16256A 16278G 16284T 16311A 73T 189C 195A 263T 315.1C
SdSudanPS091,SUD92,16209A 16223G 16234G 16311A 73T 189T 263T 315.1C
SdSudanPS092,SUD93,16189A 16192G 16223G 16278G 16294G 16311A 16390C 73T 152A 182G 195A 247C 263T 315.1C
SdSudanPS093,SUD94,16093A 16129C 16148G 16166T 16183d 16187G 16189A 16223G 16278G 16294G 16311A 16355G 16362A 73T 152A 182G 195A 247C 263T 315.1C
SdSudanPS094,SUD95,16093A 16172A 16179G 16192G 16215T 16223G 16256A 16278G 16284T 16311A 73T 189C 195A 263T 315.1C
SdSudanPS095,SUD96,16189A 16223G 16311A 16399T 73T 146A 153T 263T 315.1C
SdSudanPS096,SUD97,16114A 16129C 16145C 16213C 16221G 16223G 16278G 16390C 73T 150G 152A 182G 183T 195A 204A 263T 315.1C
SdSudanPS097,SUD98,16124A 16223G 73T 189T 195A 200T 263T 309.1C 315.1C
SdSudanPS098,SUD99,16209A 16223G 16292G 16311A 73T 189T 195A 200T 263T 309.1C 315.1C
SdSudanPS099,SUD100,16209A 16213C 16223G 16311A 73T 195A 263T 315.1C 328T
SdSudanPS100,SUD101,16189A 16192G 16223G 16266G 16278G 16294G 16355G 16390C 73T 143C 146A 152A 195A 263T 315.1C
SdSudanPS101,SUD102,16129C 16183C 16189A 16223G 16229A 16278G 16291G 16294G 16311A 16390C 73T 152A 182G 195A 263T 309.1C 315.1C
SdSudanPS102,SUD103,16111A 16145C 16184G 16223G 16239G 16278G 16292G 16355G 16390C 16399T 16400G 73T 146A 150G 152A 182G 263T 315.1C
EtEthiopiaPS001,ETH1,16051T 16209A 16223G 16278G 16294G 16301G 16354G 16390C 73T 146A 152A 182G 195A 263T 309.1C 315.1C
EtEthiopiaPS002,ETH2,16129C 16148G 16168G 16172A 16187G 16188G 16189A 16223G 16230T 16293T 16311A 93T 152A 185C 189T 204A 236A 247C 263T 315.1C
EtEthiopiaPS003,ETH3,16162T 16169G 16223G 16278G 73T 150G 204A 263T 315.1C
EtEthiopiaPS004,ETH4,16086A 16223G 16234G 16254T 16311A 16316T 73T 151G 152A 195A 198G 204A 263T 309.1C 315.1C
EtEthiopiaPS005,ETH5,16150G 16189A 16223G 16278G 16294G 16309T 73T 143C 146A 152A 195A 263T 309.1C 315.1C
EtEthiopiaPS006,ETH6,16172A 16223G 16293T 16311A 16355G 16362A 73T 146A 152A 244T 263T 315.1C 391A
EtEthiopiaPS007,ETH7,16129C 16166T 16187G 16189A 16209A 16213C 16215T 16223G 16256G 16278G 16298A 16311A 73T 152A 182G 247C 263T 309.1C 315.1C
EtEthiopiaPS008,ETH8,16172A 16183C 16184G 16189A 16219T 16278G 16354G 73T 263T 309.1C 315.1C
EtEthiopiaPS009,ETH9,16189A 16192G 16223G 16278G 16294G 16309T 16390C 73T 143C 146A 152A 195A 263T 309.1C 315.1C
EtEthiopiaPS010,ETH10,16093A 16129C 16189A 16207T 16223G 16249A 16255C 16311A 16359A 73T 150G 195A 263T 309.1C 315.1C
EtEthiopiaPS011,ETH11,16048C 16223G 16224A 16278G 16311A 73T 146A 152A 182G 184C 185C 263T 309.1C 315.1C
EtEthiopiaPS012,ETH12,16051T 16209A 16223G 16278G 16294G 16301G 16354G 16390C 73T 146A 152A 182G 195A 263T 309.1C 315.1C
EtEthiopiaPS013,ETH13,16126A 16355G 16362A 64G 93T 95C 146A 263T 315.1C
EtEthiopiaPS014,ETH14,16129C 16148G 16165T 16168G 16172A 16187G 16188G 16189A 16223G 16230T 16311A 16320G 64G 72A 93T 152A 185C 189T 200T 236A 247C 263T 315.1C
EtEthiopiaPS015,ETH15,16051T 16261G 16278G 16311A 73T 263T 309.1C 315.1C
EtEthiopiaPS016,ETH16,16189A 16223G 16278G 73T 143C 146A 152A 195A 198G 263T 309.1C 315.1C
EtEthiopiaPS017,ETH17,16129C 16223G 16242A 16278G 16294G 16309T 16380G 16390C 73T 143C 146A 152A 195A 263T 315.1C
EtEthiopiaPS018,ETH18,16129C 16189A 16223G 16249A 16265C 16311A 73T 195A 263T 309.1C 315.1C
EtEthiopiaPS019,ETH19,16172A 16183C 16184G 16189A 16219T 16278G 73T 152A 263T 309.1C 315.1C
EtEthiopiaPS020,ETH20,16179G 16223G 16256A 16284T 16311A 73T 189C 195A 263T 309.1C 315.1C
EtEthiopiaPS021,ETH21,16126A 16355G 16362A 64G 93T 95C 146A 263T 315.1C
EtEthiopiaPS022,ETH22,16193G 16195A 73T 150G 200T 249d 263T 315.1C
EtEthiopiaPS023,ETH23,16183C 16189A 16192G 16223G 16278G 16294G 16309T 16390C 73T 143C 146A 152A 195A 263T 309.1C 315.1C
EtEthiopiaPS024,ETH24,16224A 16311A 73T 263T 309.1C 315.1C
EtEthiopiaPS025,ETH25,16048C 16223G 16224A 16278G 16294G 16311A 73T 146A 152A 182G 185C 263T 265A 309.1C 315.1C
EtEthiopiaPS026,ETH26,16093A 16129C 16183C 16189A 16223G 16249A 16311A 16359A 73T 150G 189T 195A 198G 263T 309.1C 315.1C
EtEthiopiaPS027,ETH27,16179G 16192G 16209A 16223G 16292G 16311A 73T 189T 200T 263T 309.1C 315.1C
EtEthiopiaPS028,ETH28,16183C 16189A 16223G 16249A 16311A 73T 195A 263T 309.1C 315.1C
EtEthiopiaPS029,ETH29,16129C 16148G 16168G 16172A 16187G 16188G 16189A 16223G 16230T 16293T 16311A 93T 152A 185C 189T 236A 247C 263T 309.1C 315.1C
EtEthiopiaPS030,ETH30,16223G 16260G 16311A 73T 146A 150G 152A 189T 263T 315.1C
EtEthiopiaPS031,ETH31,16093A 16183C 16189A 16223G 16278G 16294G 73T 143C 146A 152A 195A 263T 309.1C 315.1C
EtEthiopiaPS032,ETH33,16129C 16183C 16189A 16223G 16249A 16311A 73T 195A 263T 309.1C 315.1C
EtEthiopiaPS033,ETH34,16093A 16126A 16168G 16266G 16362A 60.1T 64G 93T 263T 315.1C
EtEthiopiaPS034,ETH35,16129C 16166T 16172A 16187G 16189A 16209A 16213C 16223G 16278G 16311A 73T 150G 152A 182G 247C 263T 315.1C
EtEthiopiaPS035,ETH37,16126A 16355G 16362A 64G 93T 95C 146A 263T 315.1C
EtEthiopiaPS036,ETH38,16148G 16207T 16223G 16260G 16261G 16311A 16362A 73T 150G 189T 195A 198G 210T 263T 309.1C 315.1C 325G
EtEthiopiaPS037,ETH39,16114A 16129C 16145C 16213C 16223G 16278G 16390C 73T 146A 152A 182G 195A 198G 199A 204A 263T 309.1C 315.1C
EtEthiopiaPS038,ETH40,16067G 16183C 16327A 263T 309.1C 315.1C
EtEthiopiaPS039,ETH41,16093A 16207T 16223G 16260G 16291G 16311A 16362A 73T 195A 198G 263T 315.1C 325G
EtEthiopiaPS040,ETH42,16126A 16163T 16186G 16189A 16294G 73T 263T 315.1C
EtEthiopiaPS041,ETH43,16223G 16260G 16311A 73T 146A 150G 152A 189T 263T 315.1C
EtEthiopiaPS042,ETH44,16129C 16148G 16168G 16172A 16187G 16188G 16189A 16223G 16230T 16293T 16311A 93T 152A 185C 189T 236A 247C 263T 309.1C 315.1C
EtEthiopiaPS043,ETH45,16147G 16172A 16223G 16248G 16355G 73T 199A 204A 263T 309.1C 315.1C
EtEthiopiaPS044,ETH46,16169G 16223G 16278G 73T 150G 204A 263T 309.1C 315.1C
EtEthiopiaPS045,ETH47,16129C 16148G 16168G 16172A 16187G 16188G 16223G 16230T 16293T 16311A 93T 151G 152A 185C 189T 236A 247C 263T 315.1C
EtEthiopiaPS046,ETH48,16129C 16223G 16242A 16278G 16294G 16309T 16380G 16390C 73T 143C 146A 152A 195A 263T 315.1C
EtEthiopiaPS047,ETH49,16183C 16189A 16223G 16249A 16311A 73T 195A 263T 309.1C 315.1C
EtEthiopiaPS048,ETH50,16048C 16223G 16224A 16278G 16294G 16311A 73T 146A 152A 182G 185C 263T 265A 309.1C 315.1C
EtEthiopiaPS049,ETH51,16172A 16223G 16293T 16311A 16355G 16362A 16399T 73T 146A 152A 244T 263T 315.1C 391A
EtEthiopiaPS050,ETH52,16147G 16172A 16189A 16223G 16248G 16355G 73T 151G 199A 203C 204A 263T 309.1C 315.1C
EtEthiopiaPS051,ETH53,16093A 16224A 16278G 16311A 73T 195A 263T 315.1C
EtEthiopiaPS052,ETH54,16129C 16153C 73T 150G 263T 315.1C
EtEthiopiaPS053,ETH55,16147G 16172A 16223G 16248G 16260G 16355G 73T 151G 199A 204A 263T 309.1C 315.1C
EtEthiopiaPS054,ETH56,16126A 16187G 16189A 16223G 16264G 16270G 16278G 16289T 16293T 16311A 73T 152A 182G 185T 195A 247C 263T 315.1C 357T
EtEthiopiaPS055,ETH57,16189A 16223G 16278G 16294G 16309T 73T 143C 146A 152A 195A 263T 309.1C 315.1C
EtEthiopiaPS056,ETH58,16169G 16256G 16278G 16311A 73T 150G 195A 203C 204A 263T 309.1C 315.1C
EtEthiopiaPS057,ETH59,16048C 16223G 16224A 16274C 16278G 16311A 73T 146A 182G 185C 263T 309.1C 315.1C
EtEthiopiaPS058,ETH60,16093A 16223G 16270G 16292G 16311A 73T 263T 309.1C 315.1C
EtEthiopiaPS059,ETH62,16189A 16223G 16278G 73T 143C 146A 152A 195A 198G 263T 309.1C 315.1C
EtEthiopiaPS060,ETH63,16169G 16223G 16256G 16278G 16311A 73T 150G 204A 263T 309.1C 315.1C
EtEthiopiaPS061,ETH66,16209A 16223G 16292G 16311A 73T 189T 200T 263T 315.1C
EtEthiopiaPS062,ETH67,16111A 16145C 16150G 16209A 16223G 16311A 73T 152A 252A 263T 309.1C 315.1C
EtEthiopiaPS063,ETH68,16129C 16183C 16189A 16223G 16278G 16311A 73T 150G 195A 263T 309.1C 315.1C
EtEthiopiaPS064,ETH69,16185G 16223G 16260G 16311A 73T 150G 152A 200T 263T 309.1C 315.1C
EtEthiopiaPS065,ETH70,16114A 16129C 16145C 16213C 16223G 16278G 16390C 73T 146A 150G 152A 182G 195A 198G 199A 204A 263T 309.1C 315.1C
EtEthiopiaPS066,ETH71,16169G 16223G 16278G 16311A 73T 150G 152A 263T 315.1C
EtEthiopiaPS067,ETH72,16172A 16183C 16189A 16219T 16278G 73T 94C 103C 263T 315.1C
EtEthiopiaPS068,ETH73,16207T 16219T 16223G 16260G 16311A 16320G 73T 195A 198G 228C 263T 315.1C 325G
EtEthiopiaPS069,ETH74,16183C 16189A 16223G 16249A 16311A 73T 195A 198G 263T 309.1C 315.1C
EtEthiopiaPS070,ETH75,16111G 16129C 16148G 16166T 16187G 16189A 16223G 16235T 16254T 16278G 16311A 16319C 16360G 73T 182G 195A 249d 263T 309.1C 315.1C
EtEthiopiaPS071,ETH76,16223G 16260G 16294G 16311A 73T 150G 152A 189T 200T 263T 315.1C
EtEthiopiaPS072,ETH77,16223G 16293T 16311A 73T 150G 152A 189T 195A 198G 263T 315.1C
EtEthiopiaPS073,ETH81,16223G 16260G 16311A 73T 150G 152A 189T 263T 315.1C
EtEthiopiaPS074,ETH82,16093A 16223G 16242G 16270G 16311A 73T 263T 315.1C
EtEthiopiaPS075,ETH83,16147G 16172A 16223G 16248G 16355G 73T 151G 152A 199A 204A 249d 263T 309.1C 315.1C
EtEthiopiaPS076,ETH84,16126A 16305T 16362A 60.1T 64G 263T 309.1C 315.1C
EtEthiopiaPS077,ETH85,16126A 16163T 16186G 16189A 16294G 73T 263T 315.1C
SoSomaliPS001,Som1,16051T 16209A 16223G 16278G 16294G 16301G 16304A 16354G 16390C
SoSomaliPS002,Som2,16124A 16223G 16319C
SoSomaliPS003,Som3,16093A 16129C 16189A 16223G 16249A 16311A
SoSomaliPS004,Som4,16092A 16183C 16189A 16192G 16223G 16278G 16291G 16294G
SoSomaliPS005,Som5,16223G 16293T 16301G 16311A 16355G 16362A 16399T
SoSomaliPS006,Som6,16111G 16184G 16223G 16304A
SoSomaliPS007,Som7,16126A 16187G 16189A 16223G 16264G 16270G 16278G 16289T 16293T 16311A
SoSomaliPS008,Som8,16147G 16172A 16213C 16223G 16248G 16355G
SoSomaliPS009,Som9,16147G 16172A 16223G 16248G 16355G
SoSomaliPS010,Som10,16067G 16129C 16274C
SoSomaliPS011,Som11,16111G 16184G 16223G 16304A
SoSomaliPS012,Som12,16111G 16184G 16223G 16304A
SoSomaliPS013,Som13,16182C 16183C 16189A 16223G 16278G 16290G 16292G 16294G 16309T
SoSomaliPS014,Som14,16169G 16173G 16193G 16195A 16264G
SoSomaliPS015,Som15,16126A 16362A
SoSomaliPS016,Som16,16124A 16223G 16319C
SoSomaliPS017,Som17,16183C 16189A 16192G 16223G 16278G 16291G 16294G 16390C
SoSomaliPS018,Som18,16207T 16223G 16260G 16261G 16311A 16362A
SoSomaliPS019,Som19,16129C 16223G 16391C
SoSomaliPS020,Som20,16187G 16189A 16223G 16230T 16243A 16274C 16278G 16290G 16311A
SoSomaliPS021,Som21,16172A 16223G 16293T 16311A 16355G 16362A 16399T
SoSomaliPS022,Som22,16129C 16148G 16172A 16187G 16188G 16189A 16223G 16230T 16266G 16311A 16320G
SoSomaliPS023,Som24,16176G 16223G 16258C 16390C
SoSomaliPS024,Som25,16182C 16183C 16189A 16217A 16247T 16261G
SoSomaliPS025,Som26,16129C 16223G
SoSomaliPS026,Som27,16148G 16169G 16213C 16223G 16240C 16316T 16335T
SoSomaliPS027,Som28,16124A 16223G 16319C
SoSomaliPS028,Som29,16223G 16293T 16301G 16311A 16355G 16362A 16399T
SoSomaliPS029,Som30,16071G 16129C 16145C 16187G 16189A 16213C 16223G 16234G 16265C 16278G 16286G 16294G 16311A 16360G
SoSomaliPS030,Som31,16126A 16187G 16189A 16223G 16264G 16270G 16278G 16293T 16311A
SoSomaliPS031,Som32,16148G 16169G 16213C 16223G 16240C 16316T 16335T
SoSomaliPS032,Som33,16129C 16189A 16223G 16249A 16311A 16359A
SoSomaliPS033,Som34,16126A 16172A 16209A 16223G
SoSomaliPS034,Som35,16148G 16172A 16187G 16188G 16189A 16223G 16230T 16311A 16320G
SoSomaliPS035,Som36,16209A 16223G 16278G
SoSomaliPS036,Som37,16179G 16182C 16183C 16189A 16223G 16260G 16264G 16311A 16362A
SoSomaliPS037,Som38,16183C 16189A 16223G 16278G 16291G 16294G
SoSomaliPS038,Som39,16093A 16224A 16311A
SoSomaliPS039,Som40,16092A 16183C 16189A 16192G 16223G 16278G 16291G 16294G 16390C
SoSomaliPS040,Som41,16176G 16223G 16258C 16390C
SoSomaliPS041,Som42,16129C 16169G 16172A 16187G 16189A 16223G 16230T 16239G 16278G 16311A 16327G 16368A
SoSomaliPS042,Som43,16038T 16093A 16129C 16187G 16189A 16223G 16265C 16271A 16278G 16293T 16294G 16311A 16360G
SoSomaliPS043,Som44,16126A 16153C 16294G 16296G
SoSomaliPS044,Som45,16147G 16172A 16213C 16223G 16248G 16355G
SoSomaliPS045,Som46,16223G 16274C 16293T 16311A 16355G 16362A 16399T
SoSomaliPS046,Som47,16189A 16223G 16274C 16293C 16311A 16362A
SoSomaliPS047,Som48,16184G 16223G 16260G 16311A
SoSomaliPS048,Som49,16183C 16189A 16223G 16278G 16294G
SoSomaliPS049,Som50,16129C 16182C 16183C 16189A 16223G 16249A 16311A
SoSomaliPS050,Som51,16254T 16316T
SoSomaliPS051,Som52,16067G 16158T 16274C
SoSomaliPS052,Som53,16223G 16278G 16362A
SoSomaliPS053,Som54,16207T 16223G 16260G 16261G 16311A 16362A
SoSomaliPS054,Som55,16183C 16189A 16223G 16291G 16294G
SoSomaliPS055,Som56,16182C 16183C 16189A 16223G 16249A 16255C 16260G 16311A 16320G
SoSomaliPS056,Som57,16067G 16274C
SoSomaliPS057,Som58,16052G 16129C 16169G 16187G 16189A 16223G 16230T 16278G 16290G 16311A 16316T 16325A 16327G 16354G 16357A 16368A
SoSomaliPS058,Som59,16183C 16189A 16192G 16223G 16248G 16278G 16291G 16294G
SoSomaliPS059,Som60,16223G 16260G 16311A
SoSomaliPS060,Som61,16147G 16172A 16213C 16223G 16248G 16355G
SoSomaliPS061,Som62,16223G 16265T
SoSomaliPS062,Som63,16223G 16278G 16362A
SoSomaliPS063,Som64,16093A 16189A 16192G 16223G 16278G 16294G 16309T 16390C
SoSomaliPS064,Som65,16185G 16223G 16311A 16327G
SoSomaliPS065,Som66,16176G 16223G 16258C 16390C
SoSomaliPS066,Som67,16067G 16158T 16274C
SoSomaliPS067,Som68,16223G 16278G 16294G 16309T 16390C
SoSomaliPS068,Som69,16129C 16223G 16391C
SoSomaliPS069,Som70,16183C 16189A 16192G 16223G 16278G 16291G 16294G
SoSomaliPS070,Som71,16126A 16187G 16189A 16223G 16264G 16270G 16278G 16293T 16311A
SoSomaliPS071,Som72,16223G 16278G 16286G 16294G 16309T 16390C
SoSomaliPS072,Som73,16176G 16223G 16258C 16390C
SoSomaliPS073,Som74,16129C 16189A 16223G 16249A 16311A 16359A
SoSomaliPS074,Som75,16126A 16292G 16294G 16296G
SoSomaliPS075,Som76,16189A 16223G 16278G 16294G 16309T
SoSomaliPS076,Som77,16126A 16183C 16189A 16362A
SoSomaliPS077,Som78,16086A 16124A 16223G 16319C
SoSomaliPS078,Som79,16067G 16274C
SoSomaliPS079,Som80,16148G 16169G 16213C 16223G 16240C 16316T 16335T
SoSomaliPS080,Som81,16183C 16189A 16223G 16278G 16294G
SoSomaliPS081,Som82,16182C 16183C 16189A 16223G 16249A 16311A
SoSomaliPS082,Som83,16182C 16183C 16189A 16217A 16247T 16261G
SoSomaliPS083,Som84,16189A 16192G 16223G 16278G 16294G 16309T 16390C
SoSomaliPS084,Som85,16126A 16209A 16223G
SoSomaliPS085,Som86,16169G 16185G 16223G 16256G 16278G 16311A
SoSomaliPS086,Som87,16048C 16129C 16223G 16224A 16278G 16311A
SoSomaliPS087,Som88,16129C 16192G 16223G 16297A
SoSomaliPS088,Som89,16129C 16223G 16391C
SoSomaliPS089,Som90,16126A 16209A 16223G
SoSomaliPS090,Som91,16069G 16126A 16145C 16185G 16222G 16261G
SoSomaliPS091,Som92,16148G 16172A 16187G 16188G 16189A 16223G 16230T 16311A 16320G
SoSomaliPS092,Som93,16129C 16189A 16223G 16249A 16311A 16359A
SoSomaliPS093,Som94,16111G 16129C 16148G 16166T 16187G 16189A 16223G 16254T 16278G 16311A 16319C 16360G
SoSomaliPS094,Som95,16147G 16172A 16223G 16248G 16355G
SoSomaliPS095,Som96,16183C 16189A 16223G 16278G 16291G 16294G
SoSomaliPS096,Som97,16037T 16129C 16223G 16278G 16294G 16309T 16390C
SoSomaliPS097,Som98,16126A 16311A 16355G 16362A
SoSomaliPS098,Som99,16176G 16223G 16234G 16287G 16291G 16327G
SoSomaliPS099,Som100,16223G 16265T
SoSomaliPS100,Som101,16129C 16183C 16189A 16223G 16249A 16311A 16359A
SoSomaliPS101,Som102,16124A 16223G 16319C
SoSomaliPS102,Som103,16093A 16189A 16192G 16223G 16278G 16294G 16309T 16390C
SoSomaliPS103,Som104,16223G 16254T 16311A 16316T 16357A
SoSomaliPS104,Som105,16124A 16223G 16319C
SoSomaliPS105,Som106,16223G 16256G 16278G 16294G 16309T 16390C
SoSomaliPS106,Som107,16147G 16172A 16213C 16223G 16248G 16355G
SoSomaliPS107,Som108,16192G 16223G 16260G 16311A
SoSomaliPS108,Som109,16147G 16172A 16213C 16223G 16248G 16355G
SoSomaliPS109,Som110,16129C 16169G 16172A 16187G 16189A 16223G 16230T 16239G 16278G 16311A 16327G 16368A
SoSomaliPS110,Som111,16111G 16129C 16184G 16223G 16304A
SoSomaliPS111,Som112,16067G 16274C
SoSomaliPS112,Som113,16048C 16173G 16184G 16223G 16224A 16278G 16311A 16362A 16399T
SoSomaliPS113,Som114,16051T 16069G 16126A 16188G 16311A
SoSomaliPS114,Som115,16067G 16158T 16274C
SoSomaliPS115,Som116,16223G 16260G 16311A
SoSomaliPS116,Som117,16067G 16158T 16274C
SoSomaliPS117,Som118,16093A 16189A 16192G 16223G 16278G 16294G 16309T 16390C
SoSomaliPS118,Som119,16129C 16183C 16189A 16223G 16249A 16311A 16359A
SoSomaliPS119,Som120,16129C 16148G 16168G 16172A 16187G 16188G 16189A 16223G 16230T 16311A 16320G
SoSomaliPS120,Som121,16223G 16265T
SoSomaliPS121,Som122,16111G 16184G 16223G 16304A
SoSomaliPS122,Som123,16051T 16209A 16223G 16278A 16294G 16301G 16304A 16354G 16390C
SoSomaliPS123,Som124,16093A 16129C 16183C 16189A 16223G 16249A 16311A
SoSomaliPS124,Som125,16176G 16223G 16258C 16390C
SoSomaliPS125,Som126,16147G 16172A 16213C 16223G 16248G 16355G
SoSomaliPS126,Som127,16126A 16172A 16209A 16223G
SoSomaliPS127,Som128,16048C 16173G 16184G 16223G 16224A 16275T 16278G 16311A 16362A 16399T
SoSomaliPS128,Som129,16129C 16183C 16189A 16223G 16249A 16311A 16359A
SoSomaliPS129,Som130,16067G 16158T 16274C
SoSomaliPS130,Som131,16129C 16148G 16168G 16172A 16187G 16188G 16189A 16223G 16230T 16278G 16293T 16311A 16320G
SoSomaliPS131,Som132,16223G 16260G 16311A
SoSomaliPS132,Som133,16147G 16172A 16223G 16248G 16355G
SoSomaliPS133,Som134,16129C 16148G 16168G 16172A 16187G 16188G 16189A 16223G 16230T 16293T 16311A
SoSomaliPS134,Som135,16169G 16223G 16256G 16278G 16311A 16320G
SoSomaliPS135,Som136,16114G 16148G 16172A 16187G 16188A 16189A 16214G 16223G 16230T 16234G 16311A
SoSomaliPS136,Som137,16183C 16189A 16223G 16278G 16291G 16294G
SoSomaliPS137,Som138,16183C 16189A 16192G 16223G 16278G 16291G 16294G 16390C
SoSomaliPS138,Som139,16223G 16260G 16311A 16519A
SoSomaliPS139,Som140,16129C 16209A 16223G 16266G 16311A
SoSomaliPS140,Som141,16126A 16362A
SoSomaliPS141,Som142,16148G 16172A 16187G 16188A 16189A 16223G 16230T 16311A 16320G 16390C
SoSomaliPS142,Som143,16067G 16274C
SoSomaliPS143,Som144,16182C 16183C 16189A 16223G 16274C 16278G 16290G 16294G 16309T
SoSomaliPS144,Som145,16129C 16148G 16168G 16172A 16187G 16188G 16189A 16223G 16230T 16293T 16311A
SoSomaliPS145,Som146,16051T 16129C 16182C 16183C 16189A 16223G 16249A 16301G 16311A
SoSomaliPS146,Som147,16093A 16129C 16189A 16223G 16249A 16311A 16359A
SoSomaliPS147,Som148,16147G 16172A 16223G 16248G 16355G
SoSomaliPS148,Som149,16124A 16223G 16319C
