EtDawroKontaAB001,DawroKonta1,16067T 16278T 16362C
EtDawroKontaAB002,DawroKonta2,16067T 16278T 16362C
EtDawroKontaAB003,DawroKonta3,16067T 16183G 16327A
EtDawroKontaAB004,DawroKonta4,16069T 16126C 16241G 16311C
EtDawroKontaAB005,DawroKonta5,16224C 16311C
EtDawroKontaAB006,DawroKonta6,16224C 16311C
EtDawroKontaAB007,DawroKonta7,16224C 16311C
EtDawroKontaAB008,DawroKonta8,16093C 16224C 16311C
EtDawroKontaAB009,DawroKonta9,16093C 16192T 16224C 16311C
EtDawroKontaAB010,DawroKonta10,16129A 16148T 16168T 16172C 16187T 16188G 16189C 16223T 16230G 16311C 16320T
EtDawroKontaAB011,DawroKonta11,16111T 16129A 16148T 16165G 16168T 16172C 16187T 16188G 16189C 16223T 16230G 16311C 16320T
EtDawroKontaAB012,DawroKonta12,16129A 16148T 16168T 16172C 16187T 16188G 16189C 16223T 16230G 16293G 16311C
EtDawroKontaAB013,DawroKonta13,16129A 16148T 16168T 16172C 16187T 16188G 16189C 16223T 16230G 16293G 16311C
EtDawroKontaAB014,DawroKonta14,16129A 16148T 16172C 16187T 16188G 16189C 16223T 16230G 16311C 16320T
EtDawroKontaAB015,DawroKonta15,16129A 16148T 16172C 16187T 16188G 16189C 16223T 16230G 16311C 16320T
EtDawroKontaAB016,DawroKonta16,16148T 16172C 16188A 16189C 16223T 16230G 16278T 16311C 16320T 16390A
EtDawroKontaAB017,DawroKonta17,16148T 16172C 16188A 16189C 16223T 16230G 16278T 16311C 16320T 16390A
EtDawroKontaAB018,DawroKonta18,16148T 16172C 16187T 16188A 16189C 16223T 16230G 16266T 16311C 16320T 16390A
EtDawroKontaAB019,DawroKonta19,16148T 16172C 16187T 16188A 16189C 16214T 16223T 16230G 16234T 16311C
EtDawroKontaAB020,DawroKonta20,16051G 16129A 16148T 16164G 16172C 16173T 16182d 16183d 16187T 16189C 16209C 16230G 16278T 16311C
EtDawroKontaAB021,DawroKonta21,16051G 16129A 16148T 16164G 16172C 16173T 16182d 16183d 16193.1C 16209C 16230G 16278T 16311C
EtDawroKontaAB022,DawroKonta22,16129A 16169T 16172C 16187T 16189C 16230G 16278T 16311C 16327T 16368C
EtDawroKontaAB023,DawroKonta23,16129A 16169T 16172C 16187T 16189C 16223T 16230G 16278T 16311C 16327T 16368C
EtDawroKontaAB024,DawroKonta24,16075C 16108T 16126C 16187T 16189C 16223T 16264T 16270T 16278T 16289G 16293G 16311C
EtDawroKontaAB025,DawroKonta25,16093C 16183d 16189C 16223T 16278T 16294T
EtDawroKontaAB026,DawroKonta26,16189C 16223T 16278T 16294T 16309G
EtDawroKontaAB027,DawroKonta27,16189C 16223T 16278T 16294T 16309G
EtDawroKontaAB028,DawroKonta28,16223T 16278T 16294T 16309G 16390A
EtDawroKontaAB029,DawroKonta29,16129A 16192T 16223T 16278T 16294T 16309G 16390A
EtDawroKontaAB030,DawroKonta30,16129A 16192T 16223T 16278T 16294T 16309G 16390A
EtDawroKontaAB031,DawroKonta31,16189C 16192T 16223T 16278T 16294T 16309G 16390A
EtDawroKontaAB032,DawroKonta32,16172C 16183d 16189C 16223T 16278T 16294T 16309G
EtDawroKontaAB033,DawroKonta33,16172C 16183d 16189C 16223T 16278T 16294T 16309G 16380d
EtDawroKontaAB034,DawroKonta34,16172C 16182C 16183C 16189C 16223T 16278T 16294T 16309G
EtDawroKontaAB035,DawroKonta35,16209C 16223T 16278T 16294T 16301T 16354T
EtDawroKontaAB036,DawroKonta36,16209C 16223T 16278T 16294T 16301T 16354T
EtDawroKontaAB037,DawroKonta37,16209C 16223T 16278T 16301T 16354T 16390A
EtDawroKontaAB038,DawroKonta38,16209C 16223T 16278T 16294T 16301T 16354T 16390A
EtDawroKontaAB039,DawroKonta39,16051G 16209C 16223T 16278T 16294T 16301T 16354T 16390A
EtDawroKontaAB040,DawroKonta40,16051G 16129A 16209C 16223T 16278T 16294T 16301T 16354T 16390A
EtDawroKontaAB041,DawroKonta41,16114A 16129A 16145A 16213A 16223T 16278T 16390A
EtDawroKontaAB042,DawroKonta42,16114A 16129A 16145A 16213A 16223T 16278T 16390A
EtDawroKontaAB043,DawroKonta43,16178C 16223T 16254G 16311C 16316G
EtDawroKontaAB044,DawroKonta44,16178C 16223T 16254G 16311C 16316G
EtDawroKontaAB045,DawroKonta45,16178C 16223T 16254G 16311C 16316G
EtDawroKontaAB046,DawroKonta46,16178C 16223T 16254G 16311C 16316G
EtDawroKontaAB047,DawroKonta47,16124C 16223T 16278T 16311C 16362C
EtDawroKontaAB048,DawroKonta48,16124C 16223T 16278T 16311C 16362C
EtDawroKontaAB049,DawroKonta49,16124C 16223T 16278T 16311C 16320T 16362C
EtDawroKontaAB050,DawroKonta50,16124C 16223T 16368C
EtDawroKontaAB051,DawroKonta51,16231C 16311C 16320T
EtDawroKontaAB052,DawroKonta52,16093C 16231C 16311C 16320T
EtDawroKontaAB053,DawroKonta53,16209C 16223T 16266T 16311C
EtDawroKontaAB054,DawroKonta54,16209C 16223T 16266T 16311C
EtDawroKontaAB055,DawroKonta55,16209C 16223T 16266T 16311C
EtDawroKontaAB056,DawroKonta56,16209C 16223T 16292T 16311C
EtDawroKontaAB057,DawroKonta57,16209C 16223T 16292T 16311C
EtDawroKontaAB058,DawroKonta58,16209C 16223T 16292T 16311C
EtDawroKontaAB059,DawroKonta59,16223T 16293G 16311C
EtDawroKontaAB060,DawroKonta60,16223T 16293G 16311C
EtDawroKontaAB061,DawroKonta61,16223T 16293G 16311C
EtDawroKontaAB062,DawroKonta62,16223T 16293G 16311C
EtDawroKontaAB063,DawroKonta63,16223T 16266T 16293G 16311C
EtDawroKontaAB064,DawroKonta64,16223T 16266T 16293G 16311C
EtDawroKontaAB065,DawroKonta65,16233T 16266T 16293G 16311C
EtDawroKontaAB066,DawroKonta66,16129A 16192T 16255A 16298C 16311C
EtDawroKontaAB067,DawroKonta67,16093C 16192T 16235G 16272G 16291T 16303A 16311C
EtDawroKontaAB068,DawroKonta68,16179T 16192T 16215G 16223T 16256A 16284G 16311C
EtDawroKontaAB069,DawroKonta69,16111T 16184T 16223T 16304C
EtDawroKontaAB070,DawroKonta70,16111T 16184T 16223T 16304C
EtDawroKontaAB071,DawroKonta71,16185T 16223T 16260T 16311C
EtDawroKontaAB072,DawroKonta72,16093C 16168T 16223T 16260T 16311C
EtDawroKontaAB073,DawroKonta73,16093C 16168T 16223T 16260T 16311C
EtDawroKontaAB074,DawroKonta74,16169T 16223T 16264T 16278T
EtDawroKontaAB075,DawroKonta75,16169T 16223T 16264T 16278T
EtDawroKontaAB076,DawroKonta76,16169T 16223T 16264T 16278T 16311C
EtDawroKontaAB077,DawroKonta77,16169T 16223T 16278T 16311C
EtDawroKontaAB078,DawroKonta78,16169T 16223T 16278T 16311C
EtDawroKontaAB079,DawroKonta79,16169T 16223T 16278T 16298C 16311C
EtDawroKontaAB080,DawroKonta80,16169T 16223T 16278T 16298C 16311C
EtDawroKontaAB081,DawroKonta81,16169T 16223T 16278T 16298C 16311C
EtDawroKontaAB082,DawroKonta82,16129A 16169T 16223T 16278T 16298C 16311C
EtDawroKontaAB083,DawroKonta83,16129A 16169T 16223T 16274A 16278T 16298C 16311C
EtDawroKontaAB084,DawroKonta84,16169T 16171G 16179T 16189C 16223T 16278T 16311C
EtDawroKontaAB085,DawroKonta85,16169T 16171G 16179T 16189C 16223T 16278T 16311C 16380d
EtDawroKontaAB086,DawroKonta86,16169T 16193T 16195C
EtDawroKontaAB087,DawroKonta87,16169T 16193T 16195C
EtDawroKontaAB088,DawroKonta88,16169T 16193T 16195C
EtDawroKontaAB089,DawroKonta89,16169T 16193T 16195C
EtDawroKontaAB090,DawroKonta90,16169T 16193T 16195C
EtDawroKontaAB091,DawroKonta91,16169T 16173T 16193T 16195C
EtDawroKontaAB092,DawroKonta92,16169T 16173T 16193T 16195C
EtDawroKontaAB093,DawroKonta93,16169T 16173T 16193T 16195C
EtDawroKontaAB094,DawroKonta94,16169T 16173T 16193T 16195C 16264T
EtDawroKontaAB095,DawroKonta95,16189C 16207C 16220G 16223T 16260T 16261T 16311C 16362C
EtDawroKontaAB096,DawroKonta96,16189C 16207C 16220G 16223T 16260T 16261T 16311C 16362C
EtDawroKontaAB097,DawroKonta97,16207T 16223T 16260T 16261T 16311C 16362C
EtDawroKontaAB098,DawroKonta98,16207T 16223T 16260T 16261T 16311C 16362C
EtDawroKontaAB099,DawroKonta99,16093C 16207T 16223T 16260T 16274A 16311C 16362C
EtDawroKontaAB100,DawroKonta100,16093C 16192T 16207T 16223T 16257A 16260T 16289G 16311C 16362C
EtDawroKontaAB101,DawroKonta101,16044A 16091T 16189C 16207T 16223T 16260T 16261T 16263C 16311C 16362C 16384A
EtDawroKontaAB102,DawroKonta102,16223T 16293T 16311C 16355T 16362C
EtDawroKontaAB103,DawroKonta103,16172C 16223T 16293T 16311C 16355T 16362C
EtDawroKontaAB104,DawroKonta104,16223T 16274A 16293T 16311C 16355T 16362C
EtDawroKontaAB105,DawroKonta105,16223T 16274A 16293T 16311C 16355T 16362C
EtDawroKontaAB106,DawroKonta106,16223T 16274A 16293T 16311C 16355T 16362C 16368C
EtDawroKontaAB107,DawroKonta107,16086C 16223T 16224C 16274A 16293T 16311C 16355T 16362C
EtDawroKontaAB108,DawroKonta108,16129A 16148T 16166G 16183d 16187T 16189C 16223T 16278T 16311C 16355T 16362C
EtDawroKontaAB109,DawroKonta109,16129A 16148T 16166G 16182d 16183d 16189C 16223T 16278T 16311C 16355T 16362C
EtDawroKontaAB110,DawroKonta110,16086C 16129A 16148T 16166G 16183d 16187T 16189d 16223T 16278T 16311C 16355T 16362C
EtDawroKontaAB111,DawroKonta111,16111T 16129A 16148T 16166G 16187T 16189C 16223T 16278T 16360T
EtDawroKontaAB112,DawroKonta112,16129A 16148T 16166G 16176T 16187T 16189C 16223T 16254G 16278T 16360T
EtDawroKontaAB113,DawroKonta113,16111T 16129A 16148T 16166G 16187T 16189C 16223T 16254G 16278T 16311C 16360T
EtDawroKontaAB114,DawroKonta114,16111T 16129A 16148T 16166G 16187T 16189C 16223T 16254G 16278T 16311C 16360T
EtDawroKontaAB115,DawroKonta115,16111T 16129A 16148T 16166G 16172C 16187T 16189C 16223T 16254G 16278T 16311C 16360T
EtDawroKontaAB116,DawroKonta116,16086C 16111T 16129A 16148T 16166G 16187T 16189C 16223T 16254G 16255A 16278T 16360T
EtDawroKontaAB117,DawroKonta117,16223T 16224C 16278T 16311C
EtDawroKontaAB118,DawroKonta118,16048A 16223T 16224C 16278T 16311C
EtDawroKontaAB119,DawroKonta119,16048A 16223T 16224C 16278T 16311C
EtDawroKontaAB120,DawroKonta120,16048A 16176T 16223T 16224C 16278T 16311C
EtDawroKontaAB121,DawroKonta121,16048A 16176T 16189C 16223T 16224C 16278T 16290T 16311C
EtDawroKontaAB122,DawroKonta122,16048A 16176T 16189C 16194C 16223T 16224C 16278T 16290T 16311C
EtDawroKontaAB123,DawroKonta123,16129A 16183d 16189C 16223T 16311C
EtDawroKontaAB124,DawroKonta124,16093C 16129A 16183d 16189C 16223T 16311C
EtDawroKontaAB125,DawroKonta125,16182C 16183C 16189C 16223T 16249C 16311C 16380d
EtDawroKontaAB126,DawroKonta126,16129A 16223T 16249C 16311C 16359C
EtDawroKontaAB127,DawroKonta127,16129A 16189C 16223T 16249C 16311C 16357C
EtDawroKontaAB128,DawroKonta128,16129A 16189C 16223T 16249C 16311C 16357C 16380d
EtDawroKontaAB129,DawroKonta129,16129A 16182d 16183d 16189C 16223T 16240G 16249C 16311C
EtDawroKontaAB130,DawroKonta130,16129A 16182d 16183d 16189C 16223T 16249C 16311C 16359C
EtDawroKontaAB131,DawroKonta131,16129A 16182d 16183d 16189C 16223T 16249C 16311C 16359C
EtDawroKontaAB132,DawroKonta132,16183d 16189C 16223T 16249C 16311C 16359C 16380d 16389.1T
EtDawroKontaAB133,DawroKonta133,16129A 16183C 16189C 16223T 16249C 16278T 16311C 16359C 16380d
EtDawroKontaAB134,DawroKonta134,16126C 16294T 16296T
EtDawroKontaAB135,DawroKonta135,16126C 16294T 16296T
EtDawroKontaAB136,DawroKonta136,16172C 16183d 16189C 16219G 16278T
EtDawroKontaAB137,DawroKonta137,16172C 16183d 16189C 16219G 16278T 16380d 16389.1T
EtOngotaAB001,Ongota1,16067T 16274A
EtOngotaAB002,Ongota2,16093C 16129A 16148T 16168T 16172C 16187T 16188G 16189C 16223T 16230G 16311C 16320T
EtOngotaAB003,Ongota3,16093C 16129A 16148T 16168T 16172C 16187T 16188G 16189C 16223T 16230G 16311C 16320T
EtOngotaAB004,Ongota4,16093C 16129A 16148T 16168T 16172C 16187T 16188G 16189C 16223T 16230G 16311C 16320T
EtOngotaAB005,Ongota5,16093C 16129A 16148T 16168T 16172C 16187T 16188G 16189C 16223T 16230G 16311C 16320T
EtOngotaAB006,Ongota6,16093C 16129A 16148T 16168T 16172C 16187T 16188G 16189C 16223T 16230G 16311C 16320T
EtOngotaAB007,Ongota7,16093C 16129A 16148T 16168T 16172C 16187T 16188G 16189C 16223T 16230G 16311C 16320T
EtOngotaAB008,Ongota8,16093C 16129A 16148T 16168T 16172C 16187T 16188G 16189C 16223T 16230G 16311C 16320T
EtOngotaAB009,Ongota9,16093C 16129A 16148T 16168T 16172C 16187T 16188G 16189C 16223T 16230G 16311C 16320T
EtOngotaAB010,Ongota10,16093C 16129A 16148T 16168T 16172C 16187T 16188G 16189C 16223T 16230G 16311C 16320T
EtOngotaAB011,Ongota11,16129A 16148T 16168T 16172C 16187T 16188G 16189C 16223T 16230G 16293G 16311C
EtOngotaAB012,Ongota12,16129A 16148T 16168T 16172C 16187T 16188G 16189C 16223T 16230G 16293G 16311C
EtOngotaAB013,Ongota13,16086C 16223T 16260T 16311C
EtOngotaAB014,Ongota14,16067T 16193T 16195C 16362C
EtOngotaAB015,Ongota15,16067T 16193T 16195C 16362C
EtOngotaAB016,Ongota16,16215C 16223T 16293T 16311C 16355T 16362C
EtOngotaAB017,Ongota17,16048A 16223T 16224C 16278T 16311C
EtOngotaAB018,Ongota18,16048A 16223T 16224C 16278T 16311C
EtOngotaAB019,Ongota19,16048A 16189C 16223T 16224C 16278T 16311C
EtHamerAB001,Hamer1,16224C 16261T 16311C
EtHamerAB002,Hamer2,16129A 16148T 16168T 16172C 16187T 16188G 16189C 16223T 16230G 16293G 16311C
EtHamerAB003,Hamer3,16129A 16148T 16168T 16172C 16187T 16188G 16189C 16223T 16230G 16293G 16311C
EtHamerAB004,Hamer4,16209C 16223T 16278T 16294T 16301T 16354T 16390A
EtHamerAB005,Hamer5,16114A 16129A 16145A 16213A 16223T 16278T 16390A
EtHamerAB006,Hamer6,16223T 16311C 16354T
EtHamerAB007,Hamer7,16223T 16311C 16354T
EtHamerAB008,Hamer8,16111T 16129A 16184T 16223T 16304C
EtHamerAB009,Hamer9,16223T 16293T 16311C 16355T 16362C
EtHamerAB010,Hamer10,16223T 16274A 16293T 16311C 16355T 16362C
EtHamerAB011,Hamer11,16048A 16093C 16223T 16224C 16278T 16311C
KeRendilleAB001,Rendille1,16129A 16223T
KeRendilleAB002,Rendille2,16129A 16223T
KeRendilleAB003,Rendille3,16129A 16223T
KeRendilleAB004,Rendille4,16148T 16172C 16173T 16187T 16188G 16189C 16223T 16230G 16311C 16320T
KeRendilleAB005,Rendille5,16129A 16148T 16168T 16172C 16187T 16188G 16189C 16223T 16230G 16293G 16311C
KeRendilleAB006,Rendille6,16148T 16172C 16184T 16187T 16188G 16189C 16223T 16230G 16311C 16320T
KeRendilleAB007,Rendille7,16129A 16148T 16166d 16172C 16180G 16187T 16188G 16189C 16223T 16230G 16289G 16311C 16320T 16362C
KeRendilleAB008,Rendille8,16052T 16129A 16169T 16187T 16189C 16223T 16230G 16278T 16290T 16311C 16325C 16327T 16354T 16368C
KeRendilleAB009,Rendille9,16183C 16189C 16192T 16223T 16278T 16294T
KeRendilleAB010,Rendille10,16129A 16223T 16256T 16264T 16278T 16294T 16390A
KeRendilleAB011,Rendille11,16114A 16129A 16145A 16213A 16223T 16278T 16309G 16390A
KeRendilleAB012,Rendille12,16223T 16316G
KeRendilleAB013,Rendille13,16111T 16223T 16293T 16311C 16355T 16362C
KeRendilleAB014,Rendille14,16129A 16183C 16189C 16223T 16249C 16294T 16311C 16359C
KeRendilleAB015,Rendille15,16147G 16172C 16213A 16223T 16248T 16355T
KeRendilleAB016,Rendille16,16147G 16172C 16189C 16213A 16223T 16248T 16355T
KeRendilleAB017,Rendille17,16114T 16126C 16362C
KeElMoloAB001,Elmolo1,16158G 16274A
KeElMoloAB002,Elmolo2,16067T 16158G 16274A
KeElMoloAB003,Elmolo3,16067T 16158G 16274A
KeElMoloAB004,Elmolo4,16067T 16158G 16274A
KeElMoloAB005,Elmolo5,16067T 16158G 16274A
KeElMoloAB006,Elmolo6,16067T 16158G 16274A
KeElMoloAB007,Elmolo7,16129A 16223T
KeElMoloAB008,Elmolo8,16129A 16223T
KeElMoloAB009,Elmolo9,16129A 16223T
KeElMoloAB010,Elmolo10,16129A 16223T
KeElMoloAB011,Elmolo11,16093C 16129A 16223T 16325C
KeElMoloAB012,Elmolo12,16093C 16129A 16223T 16325C
KeElMoloAB013,Elmolo13,16093C 16129A 16223T 16325C
KeElMoloAB014,Elmolo14,16093C 16129A 16223T 16325C
KeElMoloAB015,Elmolo15,16129A 16223T
KeElMoloAB016,Elmolo16,16093C 16129A 16223T
KeElMoloAB017,Elmolo17,16093C 16129A 16223T
KeElMoloAB018,Elmolo18,16093C 16129A 16223T
KeElMoloAB019,Elmolo19,16129A 16148T 16168T 16172C 16179d 16187T 16188G 16189C 16223T 16230G 16293G 16311C
KeElMoloAB020,Elmolo20,16129A 16148T 16168T 16172C 16179d 16187T 16188G 16189C 16223T 16230G 16293G 16311C
KeElMoloAB021,Elmolo21,16129A 16148T 16168T 16172C 16179d 16187T 16188G 16189C 16223T 16230G 16293G 16311C
KeElMoloAB022,Elmolo22,16129A 16148T 16168T 16172C 16179d 16187T 16188G 16189C 16223T 16230G 16293G 16311C
KeElMoloAB023,Elmolo23,16129A 16148T 16168T 16172C 16179d 16187T 16188G 16189C 16223T 16230G 16293G 16311C
KeElMoloAB024,Elmolo24,16129A 16148T 16168T 16172C 16179d 16187T 16188G 16189C 16223T 16230G 16293G 16311C
KeElMoloAB025,Elmolo25,16129A 16148T 16168T 16172C 16179d 16187T 16188G 16189C 16223T 16230G 16293G 16311C
KeElMoloAB026,Elmolo26,16129A 16148T 16168T 16172C 16179d 16187T 16188G 16189C 16223T 16230G 16293G 16311C
KeElMoloAB027,Elmolo27,16129A 16148T 16168T 16172C 16179d 16187T 16188G 16189C 16223T 16230G 16293G 16311C
KeElMoloAB028,Elmolo28,16148T 16172C 16187T 16188G 16189C 16223T 16230G 16311C 16320T
KeElMoloAB029,Elmolo29,16129A 16169T 16172C 16187T 16189C 16216G 16223T 16230G 16278T 16311C 16325C 16327T 16354T
KeElMoloAB030,Elmolo30,16129A 16169T 16172C 16187T 16189C 16216G 16223T 16230G 16278T 16311C 16325C 16327T 16354T 16368C
KeElMoloAB031,Elmolo31,16129A 16169T 16172C 16187T 16189C 16216G 16223T 16230G 16278T 16311C 16325C 16327T 16354T 16368C
KeElMoloAB032,Elmolo32,16129A 16169T 16172C 16187T 16189C 16216G 16223T 16230G 16278T 16311C 16325C 16327T 16354T 16368C
KeElMoloAB033,Elmolo33,16129A 16169T 16172C 16187T 16189C 16216G 16223T 16230G 16278T 16311C 16325C 16327T 16354T 16368C
KeElMoloAB034,Elmolo34,16129A 16169T 16172C 16187T 16189C 16216G 16223T 16230G 16278T 16311C 16325C 16327T 16354T 16368C
KeElMoloAB035,Elmolo35,16129A 16169T 16172C 16187T 16189C 16216G 16223T 16230G 16278T 16311C 16325C 16327T 16354T 16368C
KeElMoloAB036,Elmolo36,16129A 16169T 16172C 16187T 16189C 16216G 16223T 16230G 16278T 16311C 16325C 16327T 16354T 16368C
KeElMoloAB037,Elmolo37,16129A 16169T 16172C 16187T 16189C 16216G 16223T 16230G 16278T 16311C 16325C 16327T 16354T 16368C
KeElMoloAB038,Elmolo38,16052T 16093C 16129A 16169T 16187T 16189C 16230G 16278T 16290T 16311C 16316G 16325C 16327T 16354T 16368C
KeElMoloAB039,Elmolo39,16254G 16316G
KeElMoloAB040,Elmolo40,16254G 16316G
KeElMoloAB041,Elmolo41,16254G 16316G
KeElMoloAB042,Elmolo42,16254G 16316G
KeElMoloAB043,Elmolo43,16254G 16316G
KeElMoloAB044,Elmolo44,16254G 16316G
KeElMoloAB045,Elmolo45,16254G 16316G
KeElMoloAB046,Elmolo46,16254G 16316G
KeElMoloAB047,Elmolo47,16254G 16316G
KeElMoloAB048,Elmolo48,16254G 16316G
KeElMoloAB049,Elmolo49,16169T 16223T 16316G
KeElMoloAB050,Elmolo50,16192T 16298C 16311C
KeElMoloAB051,Elmolo51,16192T 16298C 16311C
KeElMoloAB052,Elmolo52,16136C 16192T 16298C 16311C
KeLuoAB001,Luo1,16148T 16172C 16187T 16188G 16189C 16223T 16230G 16311C 16320T
KeLuoAB002,Luo2,16148T 16172C 16184T 16185T 16187T 16188G 16189C 16223T 16230G 16311C 16320T
KeLuoAB003,Luo3,16129A 16148T 16168T 16172C 16187T 16188G 16189C 16223T 16230G 16311C 16320T
KeLuoAB004,Luo4,16129A 16148T 16168T 16172C 16187T 16188G 16189C 16223T 16230G 16278T 16293G 16311C 16320T
KeLuoAB005,Luo5,16129A 16148T 16168T 16172C 16187T 16188G 16189C 16223T 16230G 16278T 16293G 16311C 16320T
KeLuoAB006,Luo6,16129A 16148T 16168T 16172C 16187T 16188G 16189C 16223T 16230G 16278T 16293G 16311C 16320T
KeLuoAB007,Luo7,16129A 16148T 16168T 16172C 16187T 16188G 16189C 16223T 16230G 16278T 16293G 16311C 16320T
KeLuoAB008,Luo8,16129A 16148T 16168T 16172C 16187T 16188G 16189C 16223T 16230G 16261T 16293G 16311C 16320T
KeLuoAB009,Luo9,16148T 16168T 16172C 16187T 16188G 16189C 16223T 16230G 16257T 16287T 16293G 16311C 16320T
KeLuoAB010,Luo10,16129A 16148T 16172C 16187T 16188G 16189C 16223T 16230G 16311C 16320T
KeLuoAB011,Luo11,16129A 16148T 16172C 16187T 16188G 16189C 16223T 16230G 16311C 16320T
KeLuoAB012,Luo12,16051G 16063C 16148T 16164G 16172C 16189C 16223T 16230G 16249C 16278T 16311C
KeLuoAB013,Luo13,16051G 16063C 16148T 16164G 16172C 16189C 16223T 16230G 16249C 16278T 16311C
KeLuoAB014,Luo14,16126C 16187T 16189C 16223T 16264T 16270T 16278T 16311C
KeLuoAB015,Luo15,16186T 16187T 16189C 16223T 16242T 16249C 16278T 16286A 16292T 16293G 16294T 16311C 16360T
KeLuoAB016,Luo16,16078G 16129A 16187T 16189C 16223T 16265C 16286A 16294T 16311C 16320T 16360T
KeLuoAB017,Luo17,16189C 16223T 16278T 16294T 16309G 16390A
KeLuoAB018,Luo18,16131C 16189C 16223T 16225T 16234T 16294T 16309G 16390A
KeLuoAB019,Luo19,16223T
KeLuoAB020,Luo20,16223T 16254G 16316G
KeLuoAB021,Luo21,16124C 16189C
KeLuoAB022,Luo22,16124C 16223T 16278T 16362C
KeLuoAB023,Luo23,16093C 16124C 16223T 16278T 16362C
KeLuoAB024,Luo24,16093C 16124C 16223T 16278T 16362C
KeLuoAB025,Luo25,16093C 16124C 16223T 16278T 16362C
KeLuoAB026,Luo26,16093C 16124C 16223T 16278T 16362C
KeLuoAB027,Luo27,16093C 16124C 16223T 16278T 16362C
KeLuoAB028,Luo28,16093C 16124C 16223T 16278T 16362C
KeLuoAB029,Luo29,16124C 16223T 16239T 16278T 16311C 16362C
KeLuoAB030,Luo30,16223T 16320T
KeLuoAB031,Luo31,16172C 16183C 16189C 16223T 16320T
KeLuoAB032,Luo32,16172C 16183C 16189C 16223T 16320T
KeLuoAB033,Luo33,16223T 16265T
KeLuoAB034,Luo34,16223T 16265T
KeLuoAB035,Luo35,16129A 16209C 16223T 16292T 16295T 16311C
KeLuoAB036,Luo36,16129A 16209C 16223T 16284G 16292T 16295T 16311C
KeLuoAB037,Luo37,16093C 16176T 16189C 16209C 16223T
KeLuoAB038,Luo38,16178C 16223T 16311C
KeLuoAB039,Luo39,16223T 16311C 16354T
KeLuoAB040,Luo40,16111T 16184T 16221T 16223T 16304C
KeLuoAB041,Luo41,16111T 16223T 16265T 16293T 16311C 16355T 16362C
KeLuoAB042,Luo42,16172C 16213A 16223T 16266T 16293T 16311C 16355T 16362C
KeLuoAB043,Luo43,16172C 16223T 16293T 16311C 16355T
KeLuoAB044,Luo44,16172C 16223T 16293T 16311C 16355T
KeLuoAB045,Luo45,16129A 16166G 16187T 16223T 16254G 16278T 16368C
KeLuoAB046,Luo46,16129A 16148T 16166G 16187T 16212G 16223T 16254G 16278T 16368C
KeLuoAB047,Luo47,16129A 16166G 16187T 16223T 16254G 16278T 16291T 16301T 16368C
KeLuoAB048,Luo48,16129A 16166G 16172C 16187T 16189C 16209C 16213A 16223T 16265C 16278T 16311C
KeLuoAB049,Luo49,16114T 16126C 16362C
KeMaasaiAB001,Maasai1,16104T 16129A 16148T 16168T 16172C 16187T 16188G 16189C 16223T 16230G 16311C 16320T
KeMaasaiAB002,Maasai2,16148T 16168T 16172C 16187T 16188G 16189C 16223T 16230G 16293G 16311C
KeMaasaiAB003,Maasai3,16129A 16148T 16168T 16172C 16187T 16188G 16189C 16223T 16230G 16293G 16311C
KeMaasaiAB004,Maasai4,16129A 16148T 16168T 16172C 16187T 16188G 16189C 16223T 16230G 16261T 16293G 16294T 16311C
KeMaasaiAB005,Maasai5,16148T 16168T 16172C 16187T 16188G 16189C 16223T 16230G 16287T 16293G 16311C 16320T
KeMaasaiAB006,Maasai6,16093C 16148T 16168T 16172C 16187T 16188G 16189C 16223T 16230G 16266T 16287T 16293G 16311C 16320T
KeMaasaiAB007,Maasai7,16093C 16148T 16168T 16172C 16187T 16188G 16189C 16223T 16230G 16266T 16287T 16293G 16311C 16320T
KeMaasaiAB008,Maasai8,16148T 16172C 16187T 16188G 16189C 16223T 16230G 16293G 16311C 16320T
KeMaasaiAB009,Maasai9,16148T 16172C 16184T 16187T 16188G 16189C 16223T 16230G 16311C 16320T
KeMaasaiAB010,Maasai10,16129A 16148T 16172C 16187T 16188G 16189C 16223T 16230G 16311C 16320T
KeMaasaiAB011,Maasai11,16129A 16148T 16172C 16187T 16188G 16189C 16223T 16230G 16311C 16320T
KeMaasaiAB012,Maasai12,16129A 16148T 16166d 16172C 16180G 16187T 16188G 16189C 16223T 16230G 16289G 16311C 16320T 16362C
KeMaasaiAB013,Maasai13,16051G 16063C 16148T 16164G 16172C 16182d 16183d 16186.1T 16189C 16223T 16230G 16278T 16311C
KeMaasaiAB014,Maasai14,16169T 16172C 16187T 16189C 16223T 16230G 16278T 16311C 16319A 16327T 16354T 16368C
KeMaasaiAB015,Maasai15,16052T 16129A 16169T 16187T 16189C 16223T 16230G 16278T 16290T 16311C 16325C 16327T 16354T 16368C
KeMaasaiAB016,Maasai16,16129A 16169T 16172C 16173T 16187T 16189C 16223T 16230G 16239T 16278T 16311C 16327T 16368C
KeMaasaiAB017,Maasai17,16129A 16169T 16172C 16173T 16187T 16189C 16223T 16230G 16239T 16278T 16311C 16327T 16368C
KeMaasaiAB018,Maasai18,16223T 16278T 16292T 16294T 16309G 16390A
KeMaasaiAB019,Maasai19,16223T 16278T 16294T 16309G 16360T 16390A
KeMaasaiAB020,Maasai20,16041G 16124C 16183C 16189C 16223T 16278T 16294T 16309G 16378T
KeMaasaiAB021,Maasai21,16223T 16278T 16294T 16309G 16368C 16390A
KeMaasaiAB022,Maasai22,16114A 16129A 16145A 16213A 16223T 16278T 16309G 16390A
KeMaasaiAB023,Maasai23,16114A 16129A 16145A 16213A 16223T 16278T 16309G 16390A
KeMaasaiAB024,Maasai24,16114A 16129A 16145A 16172C 16213A 16223T 16278T 16309G 16390A
KeMaasaiAB025,Maasai25,16223T 16254G 16316G
KeMaasaiAB026,Maasai26,16221T 16223T 16254G 16316G
KeMaasaiAB027,Maasai27,16223T 16278T 16290T 16316G
KeMaasaiAB028,Maasai28,16178C 16223T 16254G 16311C 16316G
KeMaasaiAB029,Maasai29,16223T 16234T 16278T 16290T 16316G
KeMaasaiAB030,Maasai30,16124C 16223T 16278T 16311C 16362C
KeMaasaiAB031,Maasai31,16124C 16223T 16319A
KeMaasaiAB032,Maasai32,16051G 16124C 16223T 16319A
KeMaasaiAB033,Maasai33,16223T 16241C 16311C 16362C
KeMaasaiAB034,Maasai34,16223T 16265T
KeMaasaiAB035,Maasai35,16209C 16223T 16309G
KeMaasaiAB036,Maasai36,16209C 16223T 16224C
KeMaasaiAB037,Maasai37,16209C 16223T 16224C
KeMaasaiAB038,Maasai38,16148T 16172C 16192T 16214T 16223T 16292T 16311C
KeMaasaiAB039,Maasai39,16179T 16223T 16256A 16289G 16311C 16354T
KeMaasaiAB040,Maasai40,16153A 16174T 16223T 16319A
KeMaasaiAB041,Maasai41,16153A 16174T 16223T 16274A 16319A
KeMaasaiAB042,Maasai42,16223T 16260T 16311C
KeMaasaiAB043,Maasai43,16169T 16171G 16223T 16278T
KeMaasaiAB044,Maasai44,16169T 16171G 16223T 16278T
KeMaasaiAB045,Maasai45,16169T 16171G 16223T 16278T
KeMaasaiAB046,Maasai46,16169T 16171G 16223T 16278T
KeMaasaiAB047,Maasai47,16169T 16172C 16223T 16243C 16278T 16311C
KeMaasaiAB048,Maasai48,16064G 16223T 16293T 16301T 16311C 16355T 16362C
KeMaasaiAB049,Maasai49,16075C 16223T 16274A 16293T 16311C 16355T 16362C
KeMaasaiAB050,Maasai50,16223T 16274A 16293T 16311C 16355T 16362C
KeMaasaiAB051,Maasai51,16223T 16274A 16293T 16311C 16355T 16362C
KeMaasaiAB052,Maasai52,16223T 16274A 16293T 16311C 16355T 16362C
KeMaasaiAB053,Maasai53,16223T 16274A 16293T 16311C 16355T 16362C
KeMaasaiAB054,Maasai54,16075C 16223T 16274A 16293T 16311C 16355T 16362C
KeMaasaiAB055,Maasai55,16172C 16223T 16293T 16311C 16355T 16362C
KeMaasaiAB056,Maasai56,16172C 16223T 16293T 16311C 16362C
KeMaasaiAB057,Maasai57,16093G 16223T 16287A 16293T 16311C 16355T 16362C
KeMaasaiAB058,Maasai58,16093G 16223T 16287A 16293T 16311C 16355T 16362C
KeMaasaiAB059,Maasai59,16129A 16148T 16166G 16183C 16189C
KeMaasaiAB060,Maasai60,16129A 16148T 16166G 16183C 16189C 16223T 16278T 16311C 16362C
KeMaasaiAB061,Maasai61,16129A 16148T 16166G 16183d 16187T 16189C 16278T 16311C 16355T 16362C
KeMaasaiAB062,Maasai62,16093C 16129A 16148T 16166G 16183d 16187T 16223T 16278T 16311C 16355T 16362C
KeMaasaiAB063,Maasai63,16129A 16148T 16166G 16182C 16183C 16189C 16223T 16278T 16311C 16355T 16362C
KeMaasaiAB064,Maasai64,16129A 16148T 16166G 16182C 16183C 16189C 16223T 16278T 16311C 16355T 16362C
KeMaasaiAB065,Maasai65,16129A 16148T 16166G 16183C 16189C 16223T 16278T 16311C 16355T 16357C 16362C
KeMaasaiAB066,Maasai66,16111T 16129A 16148T 16166G 16176T 16187T 16189C 16223T 16254G 16278T 16291T 16360T
KeMaasaiAB067,Maasai67,16129A 16183C 16189C 16223T 16249C 16311C
KeMaasaiAB068,Maasai68,16182C 16183C 16189C 16223T 16249C 16311C 16325C
KeMaasaiAB069,Maasai69,16129A 16182C 16183C 16189C 16223T 16249C 16311C
KeMaasaiAB070,Maasai70,16129A 16182C 16183C 16189C 16223T 16249C 16311C
KeMaasaiAB071,Maasai71,16129A 16182C 16183C 16189C 16223T 16249C 16294T 16311C
KeMaasaiAB072,Maasai72,16129A 16189C 16223T 16243C 16249C 16311C 16327T 16359C
KeMaasaiAB073,Maasai73,16129A 16182C 16183C 16189C 16223T 16249C 16311C 16359C
KeMaasaiAB074,Maasai74,16129A 16182C 16183C 16189C 16223T 16249C 16311C 16359C
KeMaasaiAB075,Maasai75,16129A 16182C 16183C 16189C 16223T 16249C 16311C 16359C
KeMaasaiAB076,Maasai76,16086C 16129A 16182C 16183C 16189C 16223T 16249C 16311C 16359C
KeMaasaiAB077,Maasai77,16129A 16182C 16183C 16189C 16223T 16249C 16294T 16311C 16359C
KeMaasaiAB078,Maasai78,16189C 16298C 16311C 16378T
KeMaasaiAB079,Maasai79,16126C 16355T 16362C
KeMaasaiAB080,Maasai80,16126C 16355T 16362C
KeMaasaiAB081,Maasai81,16126C 16355T 16362C
KeSamburuAB001,Samburu1,16067T 16274A
KeSamburuAB002,Samburu2,16129A 16223T
KeSamburuAB003,Samburu3,16129A 16223T
KeSamburuAB004,Samburu4,16129A 16223T
KeSamburuAB005,Samburu5,16224C 16311C
KeSamburuAB006,Samburu6,16129A 16148T 16168T 16172C 16187T 16188G 16189C 16223T 16230G 16311C 16320T
KeSamburuAB007,Samburu7,16051G 16148T 16164G 16172C 16182d 16183d 16187T 16189C 16223T 16230G 16278T 16311C
KeSamburuAB008,Samburu8,16052T 16129A 16169T 16187T 16189C 16223T 16230G 16278T 16290T 16311C 16325C 16327T 16354T 16368C
KeSamburuAB009,Samburu9,16052T 16129A 16169T 16187T 16189C 16223T 16230G 16278T 16290T 16311C 16325C 16327T 16354T 16368C
KeSamburuAB010,Samburu10,16052T 16129A 16169T 16187T 16189C 16223T 16230G 16278T 16290T 16311C 16325C 16327T 16354T 16368C
KeSamburuAB011,Samburu11,16169T 16172C 16187T 16189C 16213A 16223T 16230G 16265G 16278T 16311C 16319A 16327T 16354T 16368C
KeSamburuAB012,Samburu12,16183C 16189C 16223T 16278T 16291T 16294T
KeSamburuAB013,Samburu13,16129A 16223T 16256T 16264T 16278T 16294T 16390A
KeSamburuAB014,Samburu14,16223T 16256A 16264T 16278T 16294T 16384A 16390A
KeSamburuAB015,Samburu15,16114A 16129A 16145A 16213A 16223T 16278T 16309G 16390A
KeSamburuAB016,Samburu16,16111T 16114T 16129A 16172C 16223T 16243C 16291T 16311C 16362C
KeSamburuAB017,Samburu17,16124C 16223T 16256T 16278T 16368C
KeSamburuAB018,Samburu18,16209C 16223T 16234T 16235G 16311C
KeSamburuAB019,Samburu19,16179T 16223T 16256A 16289G 16311C 16354T
KeSamburuAB020,Samburu20,16111T 16184T 16223T 16304C
KeSamburuAB021,Samburu21,16111T 16129A 16184T 16223T 16304C
KeSamburuAB022,Samburu22,16223T 16260T 16311C
KeSamburuAB023,Samburu23,16184T 16223T 16260T 16311C
KeSamburuAB024,Samburu24,16093C 16223T 16260T 16278T 16311C
KeSamburuAB025,Samburu25,16093C 16223T 16260T 16278T 16311C
KeSamburuAB026,Samburu26,16066G 16136C 16169T 16189C 16223T 16278T
KeSamburuAB027,Samburu27,16066G 16136C 16169T 16189C 16223T 16278T
KeSamburuAB028,Samburu28,16223T 16249C 16278T 16293T 16294T 16311C 16355T 16362C
KeSamburuAB029,Samburu29,16223T 16274A 16293T 16311C 16355T 16362C
KeSamburuAB030,Samburu30,16172C 16223T 16293T 16311C 16355T 16362C
KeSamburuAB031,Samburu31,16129A 16148T 16166G 16183d 16187T 16189C 16223T 16278T 16311C 16355T 16362C
KeSamburuAB032,Samburu32,16129A 16148T 16166G 16183d 16187T 16189C 16223T 16278T 16311C 16355T 16362C
KeSamburuAB033,Samburu33,16129A 16182C 16183C 16189C 16223T 16249C 16311C
KeSamburuAB034,Samburu34,16129A 16182C 16183C 16189C 16223T 16249C 16311C 16359C
KeSamburuAB035,Samburu35,16147G 16172C 16213A 16223T 16248T 16355T
KeTurkanaAB001,Turkana1,16067T 16158G 16274A
KeTurkanaAB002,Turkana2,16224C 16311C
KeTurkanaAB003,Turkana3,16148T 16172C 16187T 16188G 16189C 16223T 16230G 16311C 16320T
KeTurkanaAB004,Turkana4,16129A 16148T 16168T 16172C 16187T 16188G 16189C 16223T 16230G 16311C
KeTurkanaAB005,Turkana5,16148T 16168T 16172C 16187T 16188G 16189C 16223T 16230G 16311C 16320T
KeTurkanaAB006,Turkana6,16129A 16148T 16168T 16172C 16187T 16188G 16189C 16223T 16230G 16293G 16311C
KeTurkanaAB007,Turkana7,16129A 16148T 16168T 16172C 16187T 16188G 16189C 16223T 16230G 16293G 16311C
KeTurkanaAB008,Turkana8,16129A 16148T 16168T 16172C 16188A 16189C 16223T 16230G 16289G 16311C 16320T
KeTurkanaAB009,Turkana9,16129A 16148T 16168T 16172C 16188A 16189C 16223T 16230G 16289G 16311C 16320T
KeTurkanaAB010,Turkana10,16051G 16148T 16172C 16182d 16183d 16187T 16189C 16223T 16230G 16278T 16311C
KeTurkanaAB011,Turkana11,16051G 16148T 16164G 16172C 16182d 16183d 16187T 16189C 16223T 16230G 16278T 16311C
KeTurkanaAB012,Turkana12,16051G 16148T 16164G 16172C 16182d 16183d 16187T 16189C 16223T 16230G 16278T 16311C
KeTurkanaAB013,Turkana13,16129A 16169T 16172C 16187T 16189C 16223T 16278T 16311C 16327T 16368C
KeTurkanaAB014,Turkana14,16189C 16192T 16223T 16278T 16294T 16311C 16390A
KeTurkanaAB015,Turkana15,16131C 16189C 16223T 16278T 16294T 16309G 16390A
KeTurkanaAB016,Turkana16,16131C 16189C 16223T 16225T 16234T 16278T 16294T 16309G 16390A
KeTurkanaAB017,Turkana17,16092C 16223T 16278T 16286T 16294T 16309G 16390A
KeTurkanaAB018,Turkana18,16111T 16189C 16223T 16229C 16278T 16291T 16294T 16311C
KeTurkanaAB019,Turkana19,16254G 16316G
KeTurkanaAB020,Turkana20,16124C 16223T 16278T 16362C
KeTurkanaAB021,Turkana21,16093C 16124C 16223T 16278T 16362C
KeTurkanaAB022,Turkana22,16093C 16124C 16223T 16278T 16362C
KeTurkanaAB023,Turkana23,16124C 16217C 16223T 16278T 16362C
KeTurkanaAB024,Turkana24,16124C 16217C 16223T 16278T 16362C
KeTurkanaAB025,Turkana25,16124C 16223T 16278T 16311C 16362C
KeTurkanaAB026,Turkana26,16093C 16124C 16223T 16287T 16359C
KeTurkanaAB027,Turkana27,16124C 16223T 16254G 16319A
KeTurkanaAB028,Turkana28,16124C 16223T 16254G 16319A 16385G
KeTurkanaAB029,Turkana29,16185T 16223T 16311C
KeTurkanaAB030,Turkana30,16185T 16223T 16311C 16327T
KeTurkanaAB031,Turkana31,16209C 16218T 16223T 16292T 16311C
KeTurkanaAB032,Turkana32,16111T 16129A 16184T 16223T 16304C
KeTurkanaAB033,Turkana33,16111T 16129A 16184T 16223T 16304C
KeTurkanaAB034,Turkana34,16111T 16129A 16184T 16223T 16304C
KeTurkanaAB035,Turkana35,16111T 16129A 16184T 16223T 16304C
KeTurkanaAB036,Turkana36,16223T 16260T 16311C
KeTurkanaAB037,Turkana37,16093C 16207C 16223T 16260T 16311C
KeTurkanaAB038,Turkana38,16093C 16207C 16223T 16260T 16311C
KeTurkanaAB039,Turkana39,16169T 16207G 16223T 16278T
KeTurkanaAB040,Turkana40,16111T 16223T 16293T 16311C 16355T 16362C
KeTurkanaAB041,Turkana41,16223T 16293T 16301T 16311C 16355T 16362C
KeTurkanaAB042,Turkana42,16189C 16192T 16223T 16293T 16294T 16311C 16344T 16355T 16362C
KeTurkanaAB043,Turkana43,16075C 16223T 16274A 16293T 16311C 16355T 16362C
KeTurkanaAB044,Turkana44,16075C 16223T 16274A 16293T 16311C 16355T 16362C
KeTurkanaAB045,Turkana45,16075C 16223T 16274A 16293T 16311C 16355T 16362C
KeTurkanaAB046,Turkana46,16093C 16129A 16148T 16166G 16183d 16187T 16189C 16223T 16278T 16311C 16355T 16362C
KeTurkanaAB047,Turkana47,16111T 16129A 16148T 16166G 16187T 16189C 16223T 16233G 16254G 16278T 16360T
KeTurkanaAB048,Turkana48,16111T 16129A 16148T 16166G 16187T 16189C 16223T 16254G 16278T 16311C 16319A 16360T
KeTurkanaAB049,Turkana49,16129A 16182C 16183C 16189C 16223T 16249C 16311C
KeTurkanaAB050,Turkana50,16129A 16182C 16183C 16189C 16223T 16249C 16311C
KeTurkanaAB051,Turkana51,16126C 16362C
