EtTigrayTK001,AJ748978,16126A 16362A
EtTigrayTK002,AJ748979,16126A 16311A 16362A
EtTigrayTK003,AJ748980,16169G 16171T 16189A 16223G 16278G 16292G 16293T 16311A
EtOromoTK001,AJ748981,16075A 16126A 16153C 16223G 16319C
EtEthiopianTK001,AJ748982,16093A 16129C 16189A 16223G 16249A 16311A 16359A
EtAmharaTK001,AJ748983,16209A 16223G 16292G 16311A
EtTigrayTK004,AJ748984,16067G 16278G 16362A
EtTigrayTK005,AJ748985,16129C 16189A 16223G 16249A 16311A 16359A
EtOromoTK002,AJ748986,16169G 16223G 16278G 16311A
EtTigrayTK006,AJ748987,16126A 16311A 16362A
EtTigrayTK007,AJ748988,16129C 16148G 16168G 16172A 16187G 16188G 16189A 16223G 16230T 16311A 16320G
EtTigrayTK008,AJ748989,16221G 16223G 16292G 16311A
EtTigrayTK009,AJ748990,16209A 16223G 16234G 16292G 16311A
EtTigrayTK010,AJ748991,16126A 16186G 16288A 16292G 16294G 16296G 16311A
EtTigrayTK011,AJ748992,16126A 16168G 16266G 16362A
EtTigrayTK012,AJ748993,16129C 16148G 16168G 16172A 16187G 16188G 16189A 16223G 16230T 16293T 16311A
EtTigrayTK013,AJ748994,16172A 16187G 16189A 16223G 16278G 16294G 16309T
EtTigrayTK014,AJ748995,16172A 16290G
EtTigrayTK015,AJ748996,16172A 16184G 16189A 16219T 16278G 16354G 16356A
EtTigrayTK016,AJ748997,16192G 16223G 16289T 16293T 16301G 16311A 16355G 16362A
EtTigrayTK017,AJ748998,16126A 16304A 16362A
EtTigrayTK018,AJ748999,16126A 16186G 16288A 16292G 16294G 16296G 16311A
EtTigrayTK019,AJ749000,16223G 16260G 16289T 16311A 16362A
EtTigrayTK020,AJ749001,16207T 16223G 16260G 16261G 16311A 16318T 16362A
EtTigrayTK021,AJ749002,16129C 16189A 16223G 16249A 16311A 16357A
EtOromoTK003,AJ749003,16150G 16209A 16223G 16292G 16311A
EtTigrayTK022,AJ749004,16129C 16209A 16223G 16292G 16311A
EtTigrayTK023,AJ749005,16147G 16172A 16223G 16248G 16355G
EtTigrayTK024,AJ749006,16129C 16189A 16223G 16249A 16311A 16357A
EtTigrayTK025,AJ749007,16218G
EtTigrayTK026,AJ749008,16126A 16305T 16362A
EtTigrayTK027,AJ749009,16207T 16220T 16223G 16260G 16261G 16311A 16362A
EtAmharaTK002,AJ749010,16126A 16187G 16189A 16223G 16264G 16270G 16278G 16289T 16311A
EtTigrayTK028,AJ749011,16129C 16189A 16223G 16249A 16270G 16311A 16359A
EtAmharaTK003,AJ749012,16126A 16292G 16294G
EtAmharaTK004,AJ749013,16223G 16260G 16311A
EtAmharaTK005,AJ749014,16189A 16223G 16278G 16294G 16309T
EtOromoTK004,AJ749015,16067G 16259G 16278G 16362A
EtAmharaTK006,AJ749016,16093A 16189A 16223G 16278G 16294G
EtGurageTK001,AJ749017,16189A 16223G 16249A 16311A
EtGurageTK002,AJ749018,16189A 16224A 16255C 16311A
EtAmharaTK007,AJ749019,16126A 16172A 16184A 16362A
EtAmharaTK008,AJ749020,16126A 16292G 16294G
EtAmharaTK009,AJ749021,16114A 16129C 16145C 16213C 16223G 16278G
EtAmharaTK010,AJ749022,16067G 16274C
EtAmharaTK011,AJ749023,16179G 16223G 16256A 16284T 16311A
EtAmharaTK012,AJ749024,16129C 16223G
EtAmharaTK013,AJ749025,16114A 16129C 16145C 16213C 16223G 16278G 16298A
EtAmharaTK014,AJ749026,16126A 16305T 16362A
EtAmharaTK015,AJ749027,16189A 16223G 16278G 16287G 16294G 16309T 16316T
EtAmharaTK016,AJ749028,16126A 16168G 16266G 16362A
EtAmharaTK017,AJ749029,16126A 16305T 16362A
EtAmharaTK018,AJ749030,16126A 16355G 16362A
EtAmharaTK019,AJ749031,16093A 16129C 16166T 16172A 16187G 16189A 16209A 16213C 16223G 16278G 16295G 16311A
EtAmharaTK020,AJ749032,16051T 16209A 16223G 16278G 16294G 16301G 16354G
EtAmharaTK021,AJ749033,16189A 16207C 16220T 16223G 16260G 16261G 16265C 16311A 16362A
EtAmharaTK022,AJ749034,16129C 16169G 16172A 16173G 16187G 16189A 16223G 16230T 16239G 16278G 16311A 16327G
EtAmharaTK023,AJ749035,16126A 16309T 16362A
EtAmharaTK024,AJ749036,16048C 16223G 16224A 16278G 16311A
EtAmharaTK025,AJ749037,16189A 16223G 16278G 16294G 16309T
EtAmharaTK026,AJ749038,16093A 16129C 16189A 16223G 16311A
EtAmharaTK027,AJ749039,16223G 16260G 16311A
EtTigrayTK029,AJ749040,16223G 16260G 16311A
EtAmharaTK028,AJ749041,16223G 16260G 16311A
EtAmharaTK029,AJ749042,16051T 16209A 16223G 16241C 16278G 16294G 16301G 16354G
EtAmharaTK030,AJ749043,16129C 16189A 16223G 16249A 16261G 16311A 16359A
EtGurageTK003,AJ749044,16126A 16355G 16362A
EtAmharaTK031,AJ749045,16209A 16223G 16266G 16311A
EtAmharaTK032,AJ749046,16075A 16126A 16153C 16223G 16319C
EtAmharaTK033,AJ749047,16093A 16124A 16223G 16256G
EtAmharaTK034,AJ749048,16172A 16189A 16219T 16278G
EtAmharaTK035,AJ749049,16189A 16223G 16249A 16311A
EtAmharaTK036,AJ749050,16051T 16209A 16223G 16278G 16294G 16301G 16354G
EtAmharaTK037,AJ749051,16311A
EtAmharaTK038,AJ749052,16093A 16129C 16189A 16223G 16240T 16249A 16311A 16359A
EtAmharaTK039,AJ749053,16223G 16260G 16311A 16335T
EtAmharaTK040,AJ749054,16129C 16189A 16223G 16240T 16249A 16311A
EtAmharaTK041,AJ749055,16126A 16294G 16296G
EtAmharaTK042,AJ749056,16207T 16220T 16223G 16244C 16260G 16261G 16311A 16362A
EtEthiopianTK002,AJ749057,16129C 16189A 16223G 16270G
EtAmharaTK043,AJ749058,16223G 16278G 16294G 16309T
EtOromoTK005,AJ749059,16139T 16189A 16223G 16278G 16294G
EtAmharaTK044,AJ749060,16129C 16148G 16150G 16168G 16172A 16187G 16188G 16189A 16223G 16230T 16311A 16320G
EtGurageTK004,AJ749061,16126A 16187G 16189A 16223G 16264G 16270G 16278G 16289T 16293T 16311A
EtAmharaTK045,AJ749062,16126A 16292G 16294G
EtOromoTK006,AJ749063,16111G 16214A 16249A 16327G
EtGurageTK005,AJ749064,16129C 16189A 16223G 16249A 16311A 16359A
EtAmharaTK046,AJ749065,16168G 16189A 16284T 16343T
EtAmharaTK047,AJ749066,16169G 16193G 16195A
EtOromoTK007,AJ749067,16067G 16278G 16362A
EtAmharaTK048,AJ749068,16129C 16148G 16168G 16172A 16187G 16188G 16189A 16223G 16230T 16311A 16320G
EtAmharaTK049,AJ749069,16129C 16189A 16223G 16240T 16249A 16311A
EtAmharaTK050,AJ749070,16129C 16189A 16223G 16249A 16311A 16359A
EtOromoTK008,AJ749071,16093A 16185G 16186G 16189A 16209A 16223G 16235T 16311A 16327G
EtAmharaTK051,AJ749072,16189A 16223G 16278G 16294G 16309T
EtAmharaTK052,AJ749073,16189A 16223G 16278G 16294G 16309T 16354G
EtAmharaTK053,AJ749074,16129C 16148G 16166T 16189A 16223G 16278G 16311A 16355G 16362A
EtAmharaTK054,AJ749075,16051T 16093A 16111G 16189A 16234G 16294G
EtGurageTK006,AJ749076,16048C 16093A 16188G 16223G 16224A 16278G 16311A
EtGurageTK007,AJ749077,16093A 16209A 16223G 16292G 16311A
EtAmharaTK055,AJ749078,16189A 16222G 16223G 16278G 16294G 16309T
EtAmharaTK056,AJ749079,16148G 16172A 16187G 16188A 16189A 16214G 16223G 16230T 16234G 16311A
EtOromoTK009,AJ749080,16093A 16129C 16189A 16207T 16223G 16249A 16255C 16311A 16359A
EtOromoTK010,AJ749081,16172A 16189A 16219T 16278G
EtOromoTK011,AJ749082,16189A 16223G 16249A 16260G 16311A 16320G
EtAmharaTK057,AJ749083,16209A 16223G 16292G 16311A
EtAmharaTK058,AJ749084,16129C 16189A 16223G 16249A 16311A 16359A
EtGurageTK008,AJ749085,16169G 16193G 16195A
EtAmharaTK059,AJ749086,16126A 16311A 16355G 16362A
EtAmharaTK060,AJ749087,16075A 16126A 16153C 16223G 16319C
EtOromoTK012,AJ749088,16129C 16189A 16223G 16240T 16249A 16311A
EtOromoTK013,AJ749089,16126A 16309T 16362A
EtOromoTK014,AJ749090,16189A 16223G 16249A 16260G 16311A 16320G
EtAmharaTK061,AJ749091,16093A 16207T 16223G 16260G 16311A 16362A
EtOromoTK015,AJ749092,16224A 16311A
EtOromoTK016,AJ749093,16172A 16189A 16223G 16278G 16294G 16309T
EtGurageTK009,AJ749094,16093A 16224A 16311A
EtEthiopianTK003,AJ749095,16189A 16223G 16249A 16311A 16343T
EtAmharaTK062,AJ749096,16093A 16207T 16223G 16260G 16311A 16362A
EtGurageTK010,AJ749097,16147G 16172A 16223G 16248G 16355G
EtEthiopianTK004,AJ749098,16129C 16189A 16223G
EtEthiopianTK005,AJ749099,16189A 16223G 16249A 16270G 16311A
EtEthiopianTK006,AJ749100,16189A 16223G 16249A 16270G 16311A
EtEthiopianTK007,AJ749101,16189A 16223G 16249A 16270G 16311A
EtEthiopianTK008,AJ749102,16189A 16192G 16223G 16278G 16294G 16309T
EtEthiopianTK009,AJ749103,16189A 16223G 16293T 16311A 16355G 16362A
EtEthiopianTK010,AJ749104,16189A 16192G 16223G 16278G 16294G 16309T
EtEthiopianTK011,AJ749105,16172A 16189A 16223G 16287G 16293T 16311A 16355G 16362A
EtEthiopianTK012,AJ749106,16166T 16192G 16223G 16292G 16343T
EtEthiopianTK013,AJ749107,16189A 16192G 16223G 16278G 16294G 16309T
EtEthiopianTK014,AJ749108,16189A 16223G 16249A 16270G 16311A
EtEthiopianTK015,AJ749109,16148G 16172A 16187G 16188A 16189A 16214G 16223G 16230T 16234G 16311A
EtEthiopianTK016,AJ749110,16189A 16223G 16249A 16270G 16311A
EtEthiopianTK017,AJ749111,16189A 16223G 16249A 16270G 16311A
EtEthiopianTK018,AJ749112,16093A 16124A 16223G 16256G
EtEthiopianTK019,AJ749113,16093A 16124A 16223G 16256G
EtEthiopianTK020,AJ749114,16093A 16124A 16223G 16256G
EtEthiopianTK021,AJ749115,16172A 16189A 16219T 16278G
EtEthiopianTK022,AJ749116,16172A 16189A 16219T 16278G
EtAmharaTK063,AJ749117,16150G 16223G 16278G 16294G 16309T
EtOromoTK017,AJ749118,16129C 16148G 16166T 16187G 16189A 16223G 16278G 16311A 16355G 16362A
EtGurageTK011,AJ749119,16051T 16209A 16223G 16278G 16294G 16301G 16354G
EtEthiopianTK023,AJ749120,16169G 16223G 16256G 16278G 16311A
EtAmharaTK064,AJ749121,16129C 16189A 16223G 16249A 16311A 16357A
EtTigrayTK030,AJ749122,16104G 16189A
EtTigrayTK031,AJ749123,16069G 16126A 16231A
EtGurageTK012,AJ749124,16111G 16136A 16223G 16293T 16311A 16355G 16362A
EtAfarTK001,AJ749125,16126A 16187G 16189A 16223G 16264G 16270G 16278G 16289T 16293T 16311A
EtTigrayTK032,AJ749126,16223G 16230T 16293T 16311A 16355G 16362A
EtAfarTK002,AJ749127,16126A 16187G 16189A 16223G 16264G 16270G 16278G 16289T 16293T 16311A
EtAfarTK003,AJ749128,16124A 16223G 16256G
EtAfarTK004,AJ749129,16189A 16192G 16223G 16278G 16294G 16309T
EtAfarTK005,AJ749130,16189A 16192G 16223G 16278G 16294G 16309T
EtAfarTK006,AJ749131,16126A 16305T 16362A
EtAfarTK007,AJ749132,16129C 16189A 16223G 16249A 16311A
EtAfarTK008,AJ749133,16126A 16172A 16187G 16189A 16223G 16264G 16270G 16278G 16289T 16293T 16311A
EtAfarTK009,AJ749134,16051T 16209A 16223G 16278G 16294G 16301G 16354G
EtAfarTK010,AJ749135,16129C 16148G 16168G 16172A 16187G 16188G 16189A 16223G 16230T 16311A 16320G
EtAfarTK011,AJ749136,16129C 16148G 16166T 16189A 16223G 16278G 16311A 16355G 16362A
EtAfarTK012,AJ749137,16224A 16261G 16311A
EtAfarTK013,AJ749138,16111A 16209A 16223G 16311A
EtTigrayTK033,AJ749139,16172A 16189A 16219T 16278G 16292G
EtAmharaTK065,AJ749140,16129C 16189A 16209A 16223G 16249A 16311A 16359A
EtAmharaTK066,AJ749141,16114A 16129C 16145C 16213C 16223G 16278G
EtAmharaTK067,AJ749142,16189A 16223G 16249A 16260G 16311A 16320G
EtAmharaTK068,AJ749143,16093A 16207T 16223G 16260G 16311A 16325A 16362A
EtTigrayTK034,AJ749144,16129C 16343T
EtTigrayTK035,AJ749145,16129C 16189A 16209A 16223G 16249A 16311A 16357A
EtTigrayTK036,AJ749146,16129C 16189A 16223G 16249A 16311A 16359A
EtTigrayTK037,AJ749147,16093A 16207T 16220T 16223G 16260G 16261G 16311A 16362A
EtTigrayTK038,AJ749148,16147G 16172A 16223G 16248G 16355G
EtAmharaTK069,AJ749149,16129C 16189A 16223G 16249A 16311A 16359A
EtAfarTK014,AJ749150,16093A 16207C 16223G 16260G 16311A 16362A
EtAfarTK015,AJ749151,16124A 16223G 16256G
EtTigrayTK039,AJ749152,16189A 16223G 16278G 16294G 16309T
EtAfarTK016,AJ749153,16114G 16126A 16362A
EtTigrayTK040,AJ749154,16126A 16163T 16186G 16188G 16189A 16262G 16294G
EtTigrayTK041,AJ749155,16126A 16305C 16362A
EtTigrayTK042,AJ749156,16051T 16129C 16148G 16164T 16172A 16173G 16187G 16189A 16209A 16230T 16278G 16311A
EtTigrayTK043,AJ749157,16069G 16126A
EtAmharaTK070,AJ749158,16147G 16172A 16223G 16248G 16260G 16355G
EtAmharaTK071,AJ749159,16148G 16172A 16187G 16188A 16189A 16214G 16223G 16230T 16234G 16311A
EtAmharaTK072,AJ749160,16129C 16189A 16223G 16249A 16311A 16359A
EtAmharaTK073,AJ749161,16129C 16148G 16172A 16187G 16188G 16189A 16223G 16230T 16293T 16311A
EtAmharaTK074,AJ749162,16189A 16192G 16223G 16278G 16294G 16309T
EtAmharaTK075,AJ749163,16223G 16255C 16311A 16354G
EtAmharaTK076,AJ749164,16093A 16129C 16189A 16223G 16249A 16311A 16359A
EtAmharaTK077,AJ749165,16124A 16223G 16256G
EtAmharaTK078,AJ749166,16111G 16129C 16148G 16166T 16187G 16189A 16223G 16233T 16254T 16278G 16317T 16360G
EtTigrayTK044,AJ749167,16069G 16126A 16193G 16300T 16309T
EtAmharaTK079,AJ749168,16148G 16172A 16187G 16188A 16189A 16214G 16223G 16230T 16234G 16260G 16311A
EtAmharaTK080,AJ749169,16126A 16355G 16362A
EtAmharaTK081,AJ749170,16129C 16189A 16223G 16249A 16261G 16311A 16359A
EtEthiopianTK024,AJ749171,16129C 16148G 16168G 16172A 16187G 16188G 16189A 16223G 16230T 16311A 16320G
EtEthiopianTK025,AJ749172,16093A 16189A 16223G 16278G 16294G
EtGurageTK013,AJ749173,16223G 16260G 16294G 16311A
EtTigrayTK045,AJ749174,16067G 16278G 16362A
EtAmharaTK082,AJ749175,16209A 16223G 16278G 16294G 16301G 16335T 16354G
EtGurageTK014,AJ749176,16129C 16223G
EtTigrayTK046,AJ749177,16189A 16223G 16249A 16311A
EtGurageTK015,AJ749178,16172A 16184G 16189A 16219T 16278G
EtAmharaTK083,AJ749179,16172A 16187G 16189A 16223G 16278G 16294G 16309T
EtEthiopianTK026,AJ749180,16114G 16126A 16187G 16189A 16223G 16264G 16270G 16278G 16293T 16311A
EtOromoTK018,AJ749181,16129C 16189A 16223G 16249A 16311A 16359A
EtAmharaTK084,AJ749182,16189A 16192G 16223G 16278G 16294G 16309T
EtAmharaTK085,AJ749183,16086A 16169G 16223G 16284T 16293T 16311A 16355G 16362A
EtAmharaTK086,AJ749184,16114A 16129C 16145C 16154A 16179G 16189A 16213C 16223G 16278G
EtTigrayTK047,AJ749185,16093A 16129C 16189A 16223G 16249A 16311A 16359A
EtAmharaTK087,AJ749186,16129C 16148G 16168G 16172A 16187G 16188G 16189A 16223G 16230T 16293T 16311A
EtAmharaTK088,AJ749187,16169G 16223G 16278G 16298A 16311A
EtAmharaTK089,AJ749188,16189A 16223G 16278G 16294G 16309T
EtAmharaTK090,AJ749189,16166T 16223G 16292G 16343T
EtGurageTK016,AJ749190,16093A 16129C 16138T 16166T 16172A 16187G 16189A 16209A 16213C 16223G 16278G 16295G 16311A
EtGurageTK017,AJ749191,16093A 16129C 16166T 16172A 16187G 16189A 16209A 16213C 16223G 16278G 16295G 16311A
EtAmharaTK091,AJ749192,16169G 16189A 16213C 16223G 16278G
EtOromoTK019,AJ749193,16189A 16192G 16223G 16278G 16292G 16294G 16309T
EtOromoTK020,AJ749194,16189A 16223G 16249A 16260G 16311A 16320G
EtAmharaTK092,AJ749195,16129C 16148G 16172A 16187G 16188G 16189A 16223G 16230T 16311A 16320G
EtAmharaTK093,AJ749196,16147G 16172A 16223G 16248G 16355G
EtAmharaTK094,AJ749197,16148G 16168G 16172A 16187G 16188G 16189A 16223G 16230T 16263A 16287G 16293T 16311A 16320G
EtOromoTK021,AJ749198,16169G 16223G 16256G 16278G 16305T 16311A 16320G
EtAmharaTK095,AJ749199,16209A 16223G 16292G 16311A
EtAmharaTK096,AJ749200,16092A 16189A 16223G 16249A 16260G 16311A 16320G
EtAmharaTK097,AJ749201,16093A 16163T 16207C 16223G 16260G 16264G 16311A 16320G 16362A
EtAmharaTK098,AJ749202,16311A
EtTigrayTK048,AJ749203,16185G 16223G 16260G 16311A
EtAmharaTK099,AJ749204,16093A 16126A 16209A 16223G
EtOromoTK022,AJ749205,16129C 16148G 16168G 16172A 16187G 16188G 16189A 16223G 16230T 16293T 16311A
EtOromoTK023,AJ749206,16086A 16147G 16169G 16193G 16195A 16311A
EtAmharaTK100,AJ749207,16124A 16223G 16256G
EtAmharaTK101,AJ749208,16126A 16305T 16362A
EtAmharaTK102,AJ749209,16069G 16126A 16193G 16300T 16309T
EtGurageTK018,AJ749210,16172A 16189A 16223G 16278G 16294G 16309T
EtAmharaTK103,AJ749211,16093A 16153C 16174G 16223G 16239G 16319C
EtTigrayTK049,AJ749212,16051T 16189A 16234G 16294G
EtAmharaTK104,AJ749213,16126A 16362A
EtAmharaTK105,AJ749214,16126A 16305T 16362A
EtOromoTK024,AJ749215,16129C 16148G 16172A 16187G 16188G 16189A 16223G 16230T 16266G 16311A 16320G
EtAmharaTK106,AJ749216,16093A 16129C 16189A 16223G 16249A 16311A 16359A
EtGurageTK019,AJ749217,16129C 16189A 16223G 16249A 16278G 16311A 16359A
EtOromoTK025,AJ749218,16169G 16223G 16256G 16278G 16311A 16320G
EtOromoTK026,AJ749219,16172A 16189A 16223G 16278G 16294G 16311A
EtAmharaTK107,AJ749220,16093A 16207C 16223G 16260G 16311A 16362A
EtAmharaTK108,AJ749221,16126A 16169G 16193G 16195A
EtAmharaTK109,AJ749222,16129C 16209A 16223G 16286G
EtAmharaTK110,AJ749223,16189A 16223G 16249A 16311A
EtAmharaTK111,AJ749224,16111G 16129C 16148G 16166T 16187G 16189A 16223G 16254T 16278G 16311A 16360G
EtEthiopianTK027,AJ749225,16129C 16148G 16168G 16172A 16187G 16188G 16189A 16223G 16230T 16293T 16311A
EtAmharaTK112,AJ749226,16209A 16223G 16278G 16294G 16301G 16354G
EtGurageTK020,AJ749227,16311A
EtOromoTK027,AJ749228,16093A 16207C 16223G 16260G 16264G 16311A 16320G 16356A 16362A
EtOromoTK028,AJ749229,16124A 16223G 16319C
EtTigrayTK050,AJ749230,16129C 16189A 16223G 16249A 16311A 16359A
EtAmharaTK113,AJ749231,16172A 16189A 16219T 16278G
EtOromoTK029,AJ749232,16126A 16355G 16362A
EtTigrayTK051,AJ749233,16188G 16189A 16192G 16223G 16278G 16294G 16309T
EtOromoTK030,AJ749234,16126A 16305T 16362A
EtOromoTK031,AJ749235,16126A 16305T 16362A
EtGurageTK021,AJ749236,16126A 16305T 16362A
EtAmharaTK114,AJ749237,16093A 16129C 16148G 16168G 16172A 16187G 16188G 16189A 16223G 16230T 16311A 16320G
EtAmharaTK115,AJ749238,16093A 16129C 16148G 16168G 16172A 16187G 16188G 16189A 16223G 16230T 16311A 16320G
EtAmharaTK116,AJ749239,16126A 16163T 16189A 16243A 16294G 16320G
EtAmharaTK117,AJ749240,16129C 16223G 16249A 16311A 16359A
EtAmharaTK118,AJ749241,16114G 16126A 16362A
EtTigrayTK052,AJ749242,16114A 16129C 16145C 16213C 16223G 16278G
EtOromoTK032,AJ749243,16126A 16209A 16223G
EtOromoTK033,AJ749244,16069G 16126A 16193G 16256G 16300T 16309T
EtAmharaTK119,AJ749245,16126A 16309T 16362A
EtAmharaTK120,AJ749246,16147G 16172A 16223G 16248G 16355G
EtTigrayTK053,AJ749247,16209A 16223G 16292G 16311A
