EtNyangatomEP001,N_293,16093C 16148T 16172C 16184T 16187T 16188G 16189C 16223T 16230G 16311C 16320T 16530T 64T 89C 93G 95C 146C 152C 189G 236C 247A 263G 315.1C
EtNyangatomEP002,N_290,16129A 16182G 16187T 16189C 16223T 16249C 16265C 16311C 16530T 73G 195C 263G 315.1C
EtNyangatomEP003,N_194,16066G 16136C 16169T 16223T 16278T 16368C 16530T 73G 150T 263G 309.1C 315.1C
EtNyangatomEP004,N_191,16066G 16153A 16174T 16223T 16319A 16530T 73G 150T 263G 309.1C 315.1C
EtNyangatomEP005,N_192,16114A 16213A 16223T 16278T 16354T 16390A 16530T 73G 146C 150T 152C 182T 195C 198T 204C 263G 315.1C
KeTurkanaEP001,T_K10,16189C 16192T 16223T 16256T 16278T 16294T 16309G 16390A 16530T 73G 143A 146C 152C 195C 263G 309.1C 315.1C
EtDaasanachEP001,D_728,16129A 16148T 16166G 16183d 16187T 16189C 16223T 16278T 16311C 16355T 16362C 16530T 73G 152C 182T 183G 195C 247A 263G 309.1C 315.1C
EtDaasanachEP002,D_723,16169T 16192T 16223T 16278T 16530T 73G 150T 152C 189G 199C 204C 207A 263G 309.1C 315.1C
EtDaasanachEP003,D_783,16111T 16223T 16293T 16311C 16355T 16362C 16399G 16530T 73G 146C 244G 263G 309.1C 315.1C 398C
KeTurkanaEP002,T_K77,16138T 16153A 16174T 16223T 16319A 16530T 73G 150T 263G 309.1C 315.1C
EtDaasanachEP004,D_781,16052T 16129A 16169T 16187T 16189C 16223T 16230G 16278T 16290T 16311C 16325C 16327T 16354T 16368C 16530T 143A 146C 152C 185A 189G 247A 263G 309.1C 315.1C
EtDaasanachEP005,D_546,16051G 16063C 16148T 16164G 16172C 16182d 16183d 16186.1T 16189C 16223T 16230G 16278T 16311C 16530T 93G 95C 146C 152C 195C 236C 247A 263G 315.1C
EtNyangatomEP006,N_164,16093C 16189C 16192T 16223T 16293T 16311C 16344T 16355T 16362C 16399G 16530T 73G 146C 182T 183G 244G 263G 315.1C
EtNyangatomEP007,N_167,16129A 16148Y 16166G 16183d 16187T 16189C 16278T 16311C 16355T 16362C 16530T 73G 182T 195C 247A 263G 315.1C
EtNyangatomEP008,N_166,16093C 16124C 16223T 16278T 16362C 16530T 73G 263G 315.1C
EtNyangatomEP009,N_280,16129A 16148T 16168T 16172C 16187T 16188G 16189C 16223T 16230G 16278T 16293G 16311C 16320T 16530T 93G 95C 185A 189G 215G 236C 247A 263G 315.1C
EtDaasanachEP006,D_225,16148T 16192T 16223T 16311C 16399G 73G 146C 152C 263G 309.1C 315.1C
EtNyangatomEP010,N_287,16124C 16223T 16254G 16319A 16385G 16530T 73G 152C 153G 263G 315.1C
EtNyangatomEP011,N_200,16129A 16148T 16166G 16183d 16187T 16189C 16223T 16278T 16311C 16355T 16362C 16530T 73G 152C 182T 195C 247A 263G 315.1C
EtNyangatomEP012,N_201,16148T 16172C 16184T 16187T 16188G 16189C 16223T 16230G 16311C 16320T 16530T 16538N 73G 151T 152C 182T 186A 189C 247A 263G 315.1C 316A
EtNyangatomEP013,N_203,16223T 16261T 16293T 16301T 16311C 16355T 16362C 16399G 16530T 73G 146C 152C 244G 257G 263G 315.1C
EtNyangatomEP014,N_234,16111T 16129A 16148T 16166G 16187T 16189C 16223T 16254G 16278T 16311C 16319A 16360T 16530T 73G 182T 195C 247d 263G 309.1C 315.1C
EtNyangatomEP015,N_361,16148T 16168Y 16172C 16184T 16187T 16188G 16189C 16223T 16230G 16311C 16320T 16530T 64T 93G 95C 152C 189G 236C 247A 263G 315.1C
EtNyangatomEP016,N_365,16037G 16129A 16223T 16278T 16294T 16309G 16390A 16530T 73G 150T 263G 315.1C
EtDaasanachEP007,D_738,16189C 16192T 16223T 16256T 16278T 16294T 16309G 16390A 16530T 73G 143A 146C 152C 195C 263G 315.1C
EtDaasanachEP008,D_739,16185T 16223T 16311C 16530T 73G 150T 152C 263G 309.1C 315.1C
EtDaasanachEP009,D_736,16148T 16172C 16187T 16188G 16189C 16223T 16230G 16311C 16320T 16530T 64T 93G 152C 189G 204C 207A 236C 247A 263G 315.1C
EtDaasanachEP010,D_734,16052T 16129A 16169T 16187T 16189C 16223T 16230G 16278T 16290T 16311C 16325C 16354T 16368C 16530T 73G 195C 263G 315.1C
EtDaasanachEP011,D_735,16052T 16129A 16169T 16187T 16189C 16223T 16230G 16278T 16290T 16311C 16316G 16325C 16327T 16354T 16368C 16530T 143A 146C 185A 189G 236C 247A 263G 309.1C 315.1C 343G
EtDaasanachEP012,D_732,16111T 16129A 16148T 16166G 16187T 16189C 16223T 16233G 16254G 16278T 16360T 16530T 73G 189G 195C 247d 263G 315.1C
EtDaasanachEP013,D_730,16129A 16183C 16189C 16223T 16249C 16311C 16359C 16530T 73G 195C 263G 309.1C 315.1C
EtNyangatomEP017,N_176,16209C 16223T 16311C 16530T 73G 152C 182T 247A 263G 315.1C
EtNyangatomEP018,N_177,16172C 16180G 16223T 16293T 16311C 16355T 16362C 16399G 16530T 73G 146C 244G 263G 315.1C 391C
EtNyangatomEP019,N_277,16129A 16169T 16172C 16187T 16189C 16274A 16278T 16311C 16327T 16352C 16368C 16530T 73G 146C 152C 189G 204C 207A 247A 263G 315.1C
EtNyangatomEP020,N_276,16186T 16209C 16223T 16309G 16311C 16327T 16530T 73G 263G 309.1C 315.1C
EtNyangatomEP021,N_379,16223T 16311C 16362C 16530T 73G 150T 263G 315.1C
EtNyangatomEP022,N_273,16175G 16192T 16223T 16311C 16399G 16530T 73G 146C 263G 315.1C 385G
EtNyangatomEP023,N_272,16153A 16172C 16174T 16223T 16319A 16530T 73G 146C 150T 263G 315.1C
EtNyangatomEP024,N_623,16051G 16063C 16148T 16164G 16172C 16182d 16183d 16186.1T 16189C 16223T 16230G 16278T 16311C 16530T 93G 146C 152C 195C 236C 247A 263G 315.1C
EtNyangatomEP025,N_620,16153A 16172C 16174T 16223T 16319A 16530T 73G 150T 263G 309.1C 315.1C
EtNyangatomEP026,N_621,16129A 16148T 16166G 16183d 16187T 16189C 16192T 16223T 16278T 16311C 16355T 16362C 16530T 73G 152C 182T 195C 247A 263G 309.1C 315.1C
EtNyangatomEP027,N_383,16124C 16223T 16254G 16319A 16385G 16530T 73G 152C 153G 263G 315.1C
EtNyangatomEP028,N_414,16129A 16166G 16172C 16187T 16189C 16209C 16213A 16223T 16265C 16278T 16311C 16530T 73G 152C 247A 263G 315.1C
EtNyangatomEP029,N_147,16172C 16180G 16223T 16293T 16311C 16355T 16362C 16399G 16530T 73G 146C 244G 263G 315.1C 391C
EtNyangatomEP030,N_142,16189C 16192T 16223T 16293T 16294T 16311C 16344T 16355T 16362C 16399G 16530T 73G 146C 182T 183G 244G 263G 315.1C
EtNyangatomEP031,N_590,16051G 16063C 16148T 16164G 16170C 16172C 16182d 16183d 16186.1T 16189C 16223T 16230G 16249C 16278T 16311C 16530T 93G 146C 152C 236C 247A 263G 315.1C
EtNyangatomEP032,N_592,16153A 16172C 16174T 16223T 16319A 16530T 73G 146C 150T 263G 315.1C
EtNyangatomEP033,N_262,16111T 16129A 16148T 16166G 16176T 16187T 16189C 16223T 16254G 16278T 16291T 16360T 16530T 73G 182T 185A 195C 247d 263G 315.1C
EtDaasanachEP014,D_767,16052T 16129A 16169T 16187T 16189C 16223T 16230G 16278T 16290T 16311C 16325C 16327T 16354T 16368C 16530T 143A 146C 152C 185A 189G 247A 263G 309.1C 315.1C 366R 389R
EtDaasanachEP015,D_719,16129A 16183C 16189C 16223T 16249C 16311C 16359C 16530T 73G 195C 263G 309.1C 315.1C
EtNyangatomEP034,N_391,16075C 16192T 16223T 16274A 16293T 16311C 16355T 16362C 16399G 16530T 73G 146C 152C 195C 244G 263G
KeTurkanaEP003,T_K21,16111T 16129A 16148T 16166G 16187T 16189C 16223T 16254G 16278T 16311C 16360T 16530T 73G 195C 247d 263G 315.1C
EtNyangatomEP035,N_399,16172C 16223T 16293T 16311C 16355T 16362C 16399G 16530T 73G 146C 152C 244G 263G 309.1C 315.1C 391C
EtNyangatomEP036,N_358,16248T 16530T 73G 214G 263G 315.1C
EtNyangatomEP037,N_415,16003C 16004T 16051G 16063C 16148T 16164G 16170C 16172C 16182d 16183d 16186.1T 16189C 16223T 16230G 16249C 16278T 16311C 16530T 93G 146C 152C 236C 247A 263G 315.1C
EtNyangatomEP038,N_252,16148T 16168T 16172C 16187T 16188G 16189C 16223T 16230G 16287T 16293G 16311C 16320T 16530T 93G 152C 185A 189G 236C 247A 263G 309.1C 315.1C
EtDaasanachEP016,D_763,16168T 16172C 16223T 16293T 16311C 16355T 16362C 16399G 16530T 73G 146C 244G 263G 315.1C 356.1C 401d
EtNyangatomEP039,N_256,16153A 16172C 16174T 16223T 16319A 16530T 73G 150T 263G 309.1C 315.1C
EtNyangatomEP040,N_413,16129A 16148T 16168T 16172C 16187T 16188G 16189C 16223T 16230G 16293G 16311C 16530T 89C 93G 95C 152C 185A 189G 195C 236C 247A 263G 315.1C
EtNyangatomEP041,N_412,16111T 16129A 16148T 16166G 16176T 16187T 16189C 16223T 16254G 16278T 16291T 16360T 16530T 73G 182T 185A 195C 247d 263G 315.1C
EtNyangatomEP042,N_258,16189C 16192T 16213A 16223T 16256T 16278T 16294T 16309G 16390A 16530T 73G 143A 146C 152C 195C 263G 309.1C 315.1C
EtNyangatomEP043,N_344,16114A 16129A 16153A 16213A 16223T 16278T 16311C 16362C 16390A 16530T 73G 146C 150T 152C 182T 183G 195C 198T 204C 263G 309.1C 315.1C 385G
KeTurkanaEP004,T_K34,16148T 16172C 16184T 16187T 16188G 16189C 16223T 16230G 16311C 16320T 16368C 16530T 64T 93G 95C 152C 189G 236C 247A 263G 315.1C
EtNyangatomEP044,N_128,16124C 16223T 16278T 16362C 16530T 73G 263G 286G 315.1C
EtNyangatomEP045,N_321,16093C 16148T 16172C 16184T 16187T 16188G 16189C 16223T 16230G 16311C 16320T 16530T 64T 89C 93G 95C 146C 152C 189G 236C 247A 263G 315.1C
EtNyangatomEP046,N_320,16124C 16223T 16319A 73G 152C 263G 309.1C 315.1C
EtNyangatomEP047,N_127,16126C 16294T 16296T 16304C 16530T 73G 263G 309.1C 315.1C
EtNyangatomEP048,N_126,16066G 16136C 16169T 16223T 16278T 16368C 16530T 16536G 73G 150T 263G 309.1C 315.1C
EtDaasanachEP017,D_711,16175G 16192T 16223T 16311C 16399G 16530T 16536G 73G 146C 263G 315.1C 357C 385G
EtNyangatomEP049,N_404,16185T 16223T 16311C 16327T 16530T 73G 150T 185A 189G 200G 263G 315.1C
EtDaasanachEP018,D_776,16129A 16166G 16187T 16223T 16254G 16278T 16368C 16530T 73G 247A 263G 309.1C 309.2C 315.1C
EtDaasanachEP019,D_777,16138T 16153A 16174T 16223T 16319A 16530T 73G 150T 152C 189G 263G 309.1C 315.1C
EtNyangatomEP050,N_400,16223T 16224C 16278T 16390A 16399G 16530T 73G 146C 152C 182T 183G 186T 263G 315.1C
EtNyangatomEP051,N_244,16111T 16129A 16148T 16166G 16187T 16189C 16223T 16233G 16254G 16278T 16360T 16530T 73G 195C 247d 263G 309.1C 315.1C
EtNyangatomEP052,N_245,16148T 16168T 16172C 16187T 16188G 16189C 16223T 16230G 16287T 16293G 16311C 16320T 16530T 93G 152C 185A 236C 247A 263G 309.1C 315.1C
EtDaasanachEP020,D_778,16179T 16223T 16256A 16289G 16311C 16354T 16530T 73G 150T 152C 189C 195C 263G 309.1C 315.1C
EtNyangatomEP053,N_240,16093C 16148T 16172C 16184T 16187T 16188G 16189C 16223T 16230G 16311C 16320T 16530T 64T 89C 93G 95C 146C 152C 189G 236C 247A 263G 315.1C
EtNyangatomEP054,N_242,16189C 16223T 16229C 16270Y 16278T 16291T 16294T 16311C 16390A 16530T 73G 152C 182T 199C 263G 315.1C
EtNyangatomEP055,N_243,16185T 16223T 16311C 16327T 16530T 73G 150T 185A 189G 200G 263G 315.1C
EtNyangatomEP056,N_189,16093C 16124C 16223T 16278T 16362C 16530T 73G 263G 315.1C
EtDaasanachEP021,D_214,16124C 16183C 16189C 16192T 16223T 16278T 16294T 16309G 16390A 16530T 73G 143A 146C 152C 195C 263G 315.1C
EtDaasanachEP022,D_217,16093C 16148T 16172C 16184T 16187T 16188G 16189C 16223T 16230G 16311C 16320T 16530T 64T 89C 93G 95C 146C 152C 189G 236C 247A 263G 315.1C
EtDaasanachEP023,D_211,16129A 16148T 16172C 16188A 16189C 16223T 16230G 16289G 16311C 16320T 16530T 73G 93G 146C 152C 185A 189G 195C 236C 247d 263G 315.1C
EtDaasanachEP024,D_213,16129A 16148T 16168T 16172C 16187T 16188G 16189C 16223T 16230G 16293G 16311C 16530T 93G 151T 152C 185A 189G 236C 247A 263G 315.1C
EtNyangatomEP057,N_160,16185T 16223T 16311C 16327T 16530T 73G 150T 185A 189G 200G 263G 315.1C
EtDaasanachEP025,D_691,16189C 16192T 16223T 16293T 16294T 16311C 16344T 16355T 16362C 16399G 73G 146C 182T 183G 244G 263G 315.1C
EtDaasanachEP026,D_692,16129A 16169T 16172C 16173T 16187T 16189C 16223T 16230G 16278T 16311C 16327T 16368C 16530T 73G 93G 143A 146C 152C 185A 189G 247A 263G 309.1C 315.1C
EtDaasanachEP027,D_760,16175G 16192T 16223T 16311C 16399G 16530T 73G 146C 263G 315.1C 385G
EtDaasanachEP028,D_756,16129A 16148T 16166G 16183d 16187T 16189C 16278T 16311C 16355T 16362C 16530T 73G 182T 196d 247A 263G 315.1C
EtNyangatomEP058,N_139,16189C 16192T 16223T 16293T 16294T 16311C 16344T 16355T 16362C 16399G 16530T 73G 146C 182T 183G 244G 263G 315.1C 410A
EtNyangatomEP059,N_135,16066G 16136C 16169T 16223T 16278T 16368C 16530T 16540N 16542N 73G 150T 263G 309.1C 315.1C
EtNyangatomEP060,N_133,16189C 16192T 16223T 16293T 16294T 16311C 16344T 16355T 16362C 16399G 16530T 73G 150T 195C 263G 309.1C 315.1C
EtNyangatomEP061,N_239,16124C 16223T 16316G 16362C 16530T 73G 152C 263G 315.1C
EtDaasanachEP029,D_543,16183C 16189C 16192T 16223T 16278T 16294T 16390A 16530T 73G 143A 146C 152C 195C 263G 315.1C
EtDaasanachEP030,D_746,16093C 16172C 16223T 16293T 16311C 16355T 16362C 16399G 16530T 73G 146C 244G 263G 315.1C 391C
EtDaasanachEP031,D_745,16129A 16148T 16166G 16183d 16187T 16189C 16223T 16278T 16311C 16355T 16362C 16530T 73G 152C 182T 195C 247A 263G 309.1C 315.1C
EtDaasanachEP032,D_744,16221T 16223T 16293T 16301T 16311C 16320T 16355T 16362C 16399G 16530T 73G 146C 244G 263G 315.1C
EtDaasanachEP033,D_743,16221T 16223T 16293T 16301T 16311C 16320T 16355T 16362C 16399G 16530T 73G 146C 244G 263G 315.1C
EtDaasanachEP034,D_742,16221T 16223T 16293T 16301T 16311C 16320T 16355T 16362C 16399G 16530T 73G 146C 244G 263G 315.1C
EtNyangatomEP062,N_237,16066G 16153A 16174T 16223T 16319A 16530T 73G 150T 263G 315.1C
EtNyangatomEP063,N_281,16153A 16172C 16174T 16223T 16319A 16530T 73G 150T 263G 309.1C 315.1C
EtNyangatomEP064,N_100,16066G 16136C 16169T 16223T 16278T 16368C 16530T 73G 152C 263G 315.1C
EtDaasanachEP035,D_759,16093C 16129A 16148T 16166G 16183d 16187T 16189C 16223T 16278T 16311C 16355T 16362C 16530T 73G 189G 263G 315.1C 318C
EtNyangatomEP065,N_182,16114A 16213A 16223T 16278T 16354T 16390A 16530T 73G 146C 150T 152C 182T 195C 198T 204C 263G 315.1C
EtNyangatomEP066,N_228,16148T 16172C 16187T 16188G 16189C 16223T 16230G 16311C 16320T 16530T 64T 93G 146C 152C 189G 207A 236C 247A 263G 309.1C 315.1C
EtNyangatomEP067,N_229,16111T 16129A 16148T 16166G 16187T 16189C 16223T 16254G 16278T 16311C 16319A 16360T 16530T 16564N 16565N 73G 182T 195C 247d 263G 309.1C 315.1C
EtNyangatomEP068,N_341,16172C 16223T 16293T 16311C 16355T 16362C 16399G 16530T 73G 146C 195C 244G 263G 315.1C 391C
EtNyangatomEP069,N_186,16093C 16111A 16145A 16184T 16223T 16234T 16239T 16278T 16292T 16311C 16355T 16390A 16399G 16530T 73G 146C 263G 315.1C
EtDaasanachEP036,D_751,16004T 16172C 16223T 16293T 16311C 16355T 16362C 16399G 16530T 73G 146C 244G 263G 315.1C
EtDaasanachEP037,D_752,16153A 16174T 16223T 16319A 16530T 73G 150T 263G 309.1C 315.1C
EtNyangatomEP070,N_224,16153A 16172C 16174T 16223T 16319A 16530T 73G 146C 263G 315.1C
EtNyangatomEP071,N_423,16169T 16193T 16195C 16223T 16235G 16243C 16530T 73G 150T 189G 249d 263G 315.1C
KeTurkanaEP005,T_K06,16017C 16129A 16158G 16163G 16187T 16189C 16223T 16278T 16293G 16294T 16311C 16360T 16530T 73G 151T 152C 182T 186A 189C 247A 263G 315.1C 316A
EtNyangatomEP072,N_230,16223T 16224C 16278T 16309G 16390A 16399G 16530T 73G 146C 152C 182T 183G 186T 263G 309.1C 315.1C
KeTurkanaEP006,T_K110,16189C 16192T 16223T 16278T 16294T 16309G 16390A 16530T 73G 143A 146C 152C 234G 263G 315.1C
EtNyangatomEP073,N_322,16037G 16129A 16223T 16278T 16294T 16309G 16390A 16530T 73G 143A 146C 152C 195C 263G 315.1C
