TdDazaEP001,DAZ_18,16114A 16129C 16148G 16168G 16172A 16184G 16187G 16188G 16189A 16223G 16230T 16311A 16320G 16519A 93T 152A 185C 189T 194G 195A 236A 247C 263T 315.1C 523d
TdDazaEP002,DAZ_38,16129C 16148G 16168G 16172A 16187G 16188G 16189A 16223G 16230T 16311A 16320G 16519A 64G 93T 152A 189T 236A 247C 263T 310C 311.1A 311.2C 523d
TdDazaEP003,DAZ_16,16086A 16129C 16148G 16168G 16172A 16187G 16188G 16189A 16223G 16230T 16311A 16320G 64G 93T 151G 152A 185C 189T 200T 236A 247C 263T 309.1C 315.1C 523d
TdDazaEP004,DAZ_11,16129C 16148G 16168G 16172A 16187G 16188G 16189A 16223G 16230T 16278G 16293T 16311A 16320G 93T 95C 185C 189T 236A 247C 263T 315.1C 523d 593A
TdDazaEP005,DAZ_39,16129C 16148G 16168G 16172A 16187G 16188G 16189A 16223G 16230T 16278G 16293T 16311A 16320G 93T 95C 185C 189T 236A 247C 263T 309.1C 315.1C 523d 593A
TdDazaEP006,DAZ_30,16126A 16187G 16189A 16223G 16264G 16270G 16278G 16289T 16293T 16311A 16519A 73T 152A 185T 195A 247C 263T 315.1C 357T 523d
TdDazaEP007,DAZ_08,16223G 16278G 16294G 16309T 16390C 16519A 73T 143C 146A 152A 195A 263T 315.1C 398A
TdDazaEP008,DAZ_12,16086A 16223G 16278G 16294G 16309T 16360G 16390C 73T 143C 146A 152A 195A 263T 315.1C
TdDazaEP009,DAZ_17,16223G 16278G 16294G 16309T 16390C 16519A 73T 143C 146A 152A 195A 263T 315.1C 398A
TdDazaEP010,DAZ_24,16223G 16278G 16294G 16309T 16390C 16519A 73T 143C 146A 152A 195A 263T 315.1C 398A
TdDazaEP011,DAZ_25,16223G 16278G 16294G 16309T 16390C 16519A 73T 143C 146A 152A 195A 263T 315.1C 398A
TdDazaEP012,DAZ_32,16223G 16249A 16278G 16294G 16309T 16390C 16519A 73T 143C 146A 152A 195A 263T 315.1C 398A
TdDazaEP013,DAZ_33,16189A 16223G 16278G 16294G 16309T 16390C 73T 143C 146A 152A 195A 263T 309.1C 309.2C 315.1C
TdDazaEP014,DAZ_06,16189A 16192G 16223G 16278G 16294G 16309T 16390C 73T 143C 146A 152A 195A 263T 309.1C 315.1C
TdDazaEP015,DAZ_31,16189A 16192G 16223G 16278G 16294G 16309T 16355G 16390C 73T 143C 146A 152A 195A 263T 309.1C 315.1C
TdDazaEP016,DAZ_36,16093A 16189A 16192G 16223G 16278G 16294G 16309T 16390C 73T 143C 146A 152A 195A 263T 309.1C 315.1C
TdDazaEP017,DAZ_37,16189A 16192G 16223G 16278G 16294G 16309T 16355G 16390C 73T 143C 146A 152A 195A 263T 309.1C 315.1C
TdDazaEP018,DAZ_05,16223G 16274C 16278G 16294G 16390C 16497T 73T 143C 146A 152A 195A 263T 311.1A
TdDazaEP019,DAZ_19,16183C 16189A 16223G 16278G 16294G 16390C 73T 143C 146A 152A 189T 195A 263T 309.1C 315.1C
TdDazaEP020,DAZ_41,16131A 16223G 16278G 16294G 16355G 16390C 73T 143C 146A 152A 195A 263T 315.1C
TdDazaEP021,DAZ_10,16189A 16209A 16223G 16271A 16278G 16294G 16301G 16354G 16390C 73T 143C 146A 152A 182G 189T 195A 263T 315.1C 522d
TdDazaEP022,DAZ_20,16209A 16278G 16294G 16301G 16354G 16390C 73T 143C 146A 152A 182G 195A 263T 315.1C 523d
TdDazaEP023,DAZ_23,16183C 16189A 16209A 16223G 16271A 16278G 16294G 16301G 16354G 16390C 73T 143C 146A 152A 182G 189T 195A 263T 315.1C 523d
TdDazaEP024,DAZ_28,16189A 16209A 16223G 16271A 16278G 16294G 16301G 16354G 16390C 73T 143C 146A 152A 182G 189T 195A 263T 315.1C 523d
TdDazaEP025,DAZ_22,16114A 16129C 16148G 16213C 16223G 16278G 16355G 16362A 16390C 73T 146A 150G 152A 182G 195A 198G 204A 260C 263T 315.1C 418G 523d
TdDazaEP026,DAZ_09,15944d 16124A 16189A 16223G 16278G 16362A 16519A 73T 152A 263T 315.1C 522d
TdDazaEP027,DAZ_01,15944d 16209A 16218G 16223G 16292G 16311A 16519A 73T 189T 200T 263T 309.1C 315.1C
TdDazaEP028,DAZ_02,15944d 16209A 16223G 16292G 16311A 16519A 73T 189T 263T 315.1C
TdDazaEP029,DAZ_07,15944d 16209A 16213C 16223G 16292G 16311A 16519A 73T 189T 263T 310.1A
TdDazaEP030,DAZ_15,15944d 16209A 16213C 16223G 16292G 16311A 16519A 73T 189T 263T 315.1C
TdDazaEP031,DAZ_27,15944d 16209A 16223G 16292G 16311A 16519A 73T 200T 263T 315.1C
TdDazaEP032,DAZ_29,15944d 16209A 16223G 16292G 16311A 16519A 73T 200T 263T 315.1C
TdDazaEP033,DAZ_13,16129C 16182C 16183C 16184G 16189A 16223G 16249A 16311A 16519A 73T 195A 263T 309.1C 315.1C 489A
TdDazaEP034,DAZ_14,16129C 16182C 16183C 16184G 16189A 16223G 16249A 16311A 16519A 73T 195A 263T 309.1C 315.1C 489A
TdDazaEP035,DAZ_21,16129C 16182C 16183C 16184G 16189A 16223G 16249A 16311A 16519A 73T 195A 263T 315.1C 489A
TdDazaEP036,DAZ_35,16129C 16183C 16189A 16249A 16311A 16519A 73T 263T 315.1C 489A
TdDazaEP037,DAZ_04,16129C 16183C 16189A 16223G 16249A 16278G 16311A 16399T 16519A 73T 195A 263T 309.1C 315.1C 489A
TdDazaEP038,DAZ_26,16129C 16183C 16189A 16223G 16249A 16278G 16311A 16399T 16519A 73T 195A 263T 309.1C 315.1C 489A
TdDazaEP039,DAZ_34,16129C 16183C 16189A 16223G 16249A 16278G 16311A 16399T 16519A 73T 195A 198G 263T 309.1C 315.1C 489A
TdDazaEP040,DAZ_03,16172A 16219T 16311A 16519A 73T 263T 315.1C 573.1C 573.2C 573.3C 573.4C 573.5C
