BwHereroLV001,105,16185T 16209C 16223T 16327T 57C 73G 150T 152C 189G 195C 200G 207A 263G 309.1C 315.1C
BwHereroLV002,105,16185T 16209C 16223T 16327T 57C 73G 150T 152C 189G 195C 200G 207A 263G 309.1C 315.1C
CdMbutiLV001,73,16172C 16189C 16223T 16229C 16278T 16291T 16294T 16311C 49G 73G 152C 263G 315.1C
CdMbutiLV002,73,16172C 16189C 16223T 16229C 16278T 16291T 16294T 16311C 49G 73G 152C 263G 315.1C
CdMbutiLV003,72,16172C 16183N 16184N 16185N 16186N 16187N 16188N 16189N 16190N 16191N 16193d 16223T 16229C 16278T 16291T 16294T 16311C 40G 73G 152C 263G 315.1C
CdMbutiLV004,71,16172C 16183N 16184N 16185N 16186N 16187N 16189C 16223T 16229C 16278T 16291T 16294T 16311C 73G 152C 263G 309.1C 315.1C
CdMbutiLV005,70,16095G 16096C 16172C 16189C 16223T 16229C 16278T 16291T 16294T 16311C 73G 152C 263G 315.1C
CdMbutiLV006,69,16172C 16189C 16223T 16229C 16278T 16291T 16294T 16311C 73G 152C 204C 207C 263G 309.1C 315.1C
CdMbutiLV007,68,16170G 16189C 16223T 16229C 16278T 16294T 16311C 44G 73G 152C 182T 195C 263G 315.1C
CdMbutiLV008,68,16170G 16189C 16223T 16229C 16278T 16294T 16311C 44G 73G 152C 182T 195C 263G 315.1C
CdMbutiLV009,67,16119G 16183N 16184N 16185N 16186N 16187N 16188N 16189N 16190N 16191N 16192N 16193d 16223T 16229C 16274A 16278T 16291T 16294T 16311C 73G 146C 152C 182T 195C 263G 315.1C
CdMbutiLV010,66,16182C 16183N 16184N 16185N 16186N 16189d 16190d 16223T 16229C 16274A 16278T 16291T 16294T 16311C 73G 152C 182T 235G 263G 309.1C 309.2C 309.3C 315.1C
CdMbutiLV011,65,16182d 16183d 16185N 16186N 16187N 16188N 16189N 16190N 16191N 16192N 16223T 16229C 16278T 16294T 16311C 73G 263G 315.1C 318C
TzHadzaLV001,64,16172C 16223T 16278T 16293T 16294T 16311C 16355T 73G 146C 244G 263G 315.1C
TzHadzaLV002,64,16172C 16223T 16278T 16293T 16294T 16311C 16355T 73G 146C 244G 263G 315.1C
TzHadzaLV003,64,16172C 16223T 16278T 16293T 16294T 16311C 16355T 73G 146C 244G 263G 315.1C
TzHadzaLV004,64,16172C 16223T 16278T 16293T 16294T 16311C 16355T 73G 146C 244G 263G 315.1C
TzHadzaLV005,64,16172C 16223T 16278T 16293T 16294T 16311C 16355T 73G 146C 244G 263G 315.1C
TzHadzaLV006,64,16172C 16223T 16278T 16293T 16294T 16311C 16355T 73G 146C 244G 263G 315.1C
TzHadzaLV007,64,16172C 16223T 16278T 16293T 16294T 16311C 16355T 73G 146C 244G 263G 315.1C
TzHadzaLV008,64,16172C 16223T 16278T 16293T 16294T 16311C 16355T 73G 146C 244G 263G 315.1C
TzHadzaLV009,64,16172C 16223T 16278T 16293T 16294T 16311C 16355T 73G 146C 244G 263G 315.1C
TzHadzaLV010,64,16172C 16223T 16278T 16293T 16294T 16311C 16355T 73G 146C 244G 263G 315.1C
TzHadzaLV011,61,16185N 16186N 16187N 16188N 16189N 16190N 16191N 16192N 16223T 16278T 16294T 16309G 73G 146C 152C 263G 315.1C
BwHereroLV003,56,16186N 16187N 16188N 16189N 16190N 16191N 16192N 16223T 16278T 16311C 73G 152C 263G 315.1C
BwHereroLV004,54,16124C 16185N 16186N 16187N 16188N 16189N 16190N 16191N 16192N 16223T 16278T 16304C 16311C 73G 152C 263G 309.1C 315.1C
BwHereroLV005,53,16124C 16148T 16185N 16186N 16187N 16188N 16189N 16190N 16191N 16192N 16223T 16278T 16304C 16311C 53N 54N 73G 152C 263G 315.1C
BwHereroLV006,52,16124C 16145N 16146N 16185N 16186N 16187N 16188N 16189N 16190N 16191N 16192N 16223T 16278T 16304C 16311C 73G 152C 189G 263G 315.1C
CfBiakaLV001,48,16129A 16187T 16189C 16223T 16274A 16278T 16293G 16294T 16311C 16360T 44G 73G 93G 95C 182T 186A 189C 195C 236C 247A 263G 297G 309.1C 315.1C 316A
CfBiakaLV002,48,16129A 16187T 16189C 16223T 16274A 16278T 16293G 16294T 16311C 16360T 44G 73G 93G 95C 182T 186A 189C 195C 236C 247A 263G 297G 309.1C 315.1C 316A
CfBiakaLV003,47,16129A 16187T 16189C 16223T 16274A 16278T 16293G 16294T 16311C 16360T 73G 93G 95C 152C 182T 186A 189C 195C 236C 247A 263G 297G 315.1C 316A
CfBiakaLV004,46,16129A 16187T 16189C 16223T 16274A 16278T 16293G 16294T 16311C 73G 95C 182T 186A 189C 195C 236C 247A 263G 297G 315.1C
CfBiakaLV005,45,16129A 16187T 16189A 16214T 16234T 16249C 16274A 16278T 16294T 16311C 16360T 39d 44.1C 73G 151T 152C 186A 189C 195C 204C 247A 263G 297G 315.1C
CfBiakaLV006,44,16129A 16187T 16189C 16214T 16234T 16249C 16274A 16278T 16294T 16311C 16360T 42G 73G 151T 152C 186A 189C 195C 204C 247A 263G 297G 315.1C 316A
CfBiakaLV007,43,16051G 16129A 16187T 16189C 16214T 16234T 16249C 16258G 16274A 16278T 16293G 16294T 16311C 16360T 41G 42C 73G 151T 152C 186A 189C 195C 247A 315.1C
CfBiakaLV008,42,16051G 16129A 16187T 16189C 16214T 16234T 16249C 16258G 16274A 16278T 16293G 16294T 16311C 16360T 39d 44.1C 73G 151T 152C 186A 189C 195C 247A 263G 297G 315.1C 316A
CfBiakaLV009,41,16051G 16129A 16187T 16189C 16214T 16234T 16249C 16258G 16274A 16278T 16293G 16294T 16311C 16360T 73G 151T 152C 186A 189C 195C 247A 263G 297G 309.1C 315.1C 316A
CfBiakaLV010,40,16129A 16184T 16187T 16189C 16223T 16278T 16294T 16301T 16311C 16360T 73G 146C 152C 182T 186A 189C 195C 247A 256T 263G 291d 297G 315.1C 316A
CfBiakaLV011,39,16129A 16184T 16187T 16189C 16223T 16278T 16294T 16301T 16311C 16360T 73G 146C 152C 182T 186A 189C 195C 247A 256T 263G 291d 297G 315.1C
CfBiakaLV012,38,16129A 16184T 16187T 16189C 16223T 16278T 16294T 16301T 16311C 16360T 73G 146C 152C 182T 186A 189C 195C 247A 256T 263G 291d 315.1C 316A
CfBiakaLV013,37,16129A 16184T 16187T 16189C 16223T 16278T 16294T 16301T 16311C 16360T 41G 73G 146C 152C 182T 186A 189C 194T 195C 247A 256T 263G 291d 297G 315.1C 316A
CdMbutiLV012,32,16129A 16148T 16166G 16183d 16186T 16187T 16188T 16223T 16278T 16311C 16355T 16362C 73G 125G 152C 182T 195C 247A 263G 315.1C
CdMbutiLV013,30,16129A 16148T 16183N 16184N 16185N 16186N 16187N 16188N 16189N 16190N 16191N 16192N 16223T 16278T 16311C 16355T 16362C 41G 73G 152C 182T 195C 247A 263G 309.1C 315.1C
BwKungLV001,22,16172C 16187T 16189C 16209C 16214T 16223T 16230G 16278T 16291T 16311C 73G 146C 150T 152C 189G 195C 198T 207A 247A 276N 277N 315.1C
BwKungLV002,21,16167T 16185N 16186N 16187N 16188N 16189N 16190N 16191N 16192N 16223T 16230G 16234T 16311C 73G 146C 152C 195C 198T 247A 309.1C 315.1C
BwKungLV003,20,16129A 16187T 16189C 16223T 16230G 16243C 16311C 73G 146C 152C 195C 198T 247A 309.1C 315.1C
BwKungLV004,20,16129A 16187T 16189C 16223T 16230G 16243C 16311C 73G 146C 152C 195C 198T 247A 309.1C 315.1C
BwKungLV005,19,16129A 16187T 16189C 16223T 16230G 16243C 16311C 73G 146C 152C 195N 198N 247N 309.1C 315.1C
BwKungLV006,18,16129A 16187T 16189C 16212G 16223T 16230G 16243C 16311C 73G 125C 127C 146C 150T 152C 195C 247A 315.1C
BwKungLV007,17,16093C 16129A 16187T 16189C 16230G 16234T 16243C 16260T 16266G 16311C 73G 146C 152C 195C 199C 247A 315.1C
BwKungLV008,16,16093C 16129A 16187T 16189C 16214T 16230G 16234T 16243C 16266G 16311C 54T 73G 146C 152C 195C 199C 247A 315.1C
BwKungLV009,15,16129A 16187T 16189C 16223T 16230G 16243C 16294T 16311C 70C 73G 146C 152C 195C 247d 315.1C
BwKungLV010,14,16129A 16153A 16187T 16189C 16223T 16230G 16243C 16294T 16311C 71T 73G 146C 152C 195C 247A 315.1C
BwKungLV011,14,16129A 16153A 16187T 16189C 16223T 16230G 16243C 16294T 16311C 71T 73G 146C 152C 195C 247A 315.1C
BwKungLV012,14,16129A 16153A 16187T 16189C 16223T 16230G 16243C 16294T 16311C 71T 73G 146C 152C 195C 247A 315.1C
BwKungLV013,14,16129A 16153A 16187T 16189C 16223T 16230G 16243C 16294T 16311C 71T 73G 146C 152C 195C 247A 315.1C
BwKungLV014,13,16129A 16153A 16187T 16189C 16223T 16230G 16243C 16294T 16311C 73G 146C 152C 195C 207A 247A 315.1C
BwKungLV015,12,16129A 16153A 16187T 16189C 16223T 16230G 16243C 16294T 16311C 58G 73G 146C 152C 195C 247d 309.1C 315.1C
BwKungLV016,11,16129A 16153A 16187T 16189C 16223T 16230G 16243C 16294T 16311C 49G 73G 146C 152C 195C 247A 315.1C
BwKungLV017,10,16129A 16153A 16187T 16189C 16223T 16230G 16243C 16294T 16311C 49G 73G 146C 195C 247A 315.1C
BwKungLV018,9,16129A 16187T 16189C 16223T 16230G 16239T 16294T 16311C 70C 73G 146C 189G 195C 247A 315.1C
BwKungLV019,8,16129A 16187T 16189C 16223T 16230G 16239T 16294T 16311C 73G 146C 195C 247A 315.1C
BwKungLV020,7,16129A 16187T 16189C 16223T 16230G 16239T 16243C 16294T 16311C 73G 146C 195C 247A 315.1C
BwKungLV021,7,16129A 16187T 16189C 16223T 16230G 16239T 16243C 16294T 16311C 73G 146C 195C 247A 315.1C
BwKungLV022,7,16129A 16187T 16189C 16223T 16230G 16239T 16243C 16294T 16311C 73G 146C 195C 247A 315.1C
BwKungLV023,7,16129A 16187T 16189C 16223T 16230G 16239T 16243C 16294T 16311C 73G 146C 195C 247A 315.1C
BwKungLV024,7,16129A 16187T 16189C 16223T 16230G 16239T 16243C 16294T 16311C 73G 146C 195C 247A 315.1C
BwKungLV025,7,16129A 16187T 16189C 16223T 16230G 16239T 16243C 16294T 16311C 73G 146C 195C 247A 315.1C
CdMbutiLV014,6,16148T 16172C 16187T 16188A 16189C 16223T 16230G 16242T 16311C 16320T 41G 64T 93G 132G 236C 247A 263G 309.1C 309.2C 315.1C
CdMbutiLV015,5,16148T 16172C 16187T 16188A 16189C 16223T 16230G 16242T 16311C 16320T 64T 93G 236C 247A 263G 309.1C 309.2C 315.1C
CdMbutiLV016,5,16148T 16172C 16187T 16188A 16189C 16223T 16230G 16242T 16311C 16320T 64T 93G 236C 247A 263G 309.1C 309.2C 315.1C
CdMbutiLV017,5,16148T 16172C 16187T 16188A 16189C 16223T 16230G 16242T 16311C 16320T 64T 93G 236C 247A 263G 309.1C 309.2C 315.1C
CdMbutiLV018,4,16148T 16172C 16187T 16188A 16189C 16223T 16230G 16242T 16311C 16320T 64T 93G 236C 247A 263G 309.1C 315.1C
CdMbutiLV019,4,16148T 16172C 16187T 16188A 16189C 16223T 16230G 16242T 16311C 16320T 64T 93G 236C 247A 263G 309.1C 315.1C
CfBiakaLV014,2,16093C 16148T 16172C 16187T 16188G 16189C 16223T 16230G 16311C 16320T 43G 93G 152C 189G 236C 247A 263G 309.1C 315.1C
CfBiakaLV015,2,16093C 16148T 16172C 16187T 16188G 16189C 16223T 16230G 16311C 16320T 43G 93G 152C 189G 236C 247A 263G 309.1C 315.1C
CfBiakaLV016,2,16093C 16148T 16172C 16187T 16188G 16189C 16223T 16230G 16311C 16320T 43G 93G 152C 189G 236C 247A 263G 309.1C 315.1C
CfBiakaLV017,1,16093C 16129A 16148T 16172C 16187T 16188G 16189C 16223T 16230G 16311C 16320T 93G 152C 189G 236C 247A 309.1C 315.1C 316A
