MlBambaraAG001,H1,15898A 16222G 16311A 263T 309.1C 315.1C 509G 750T
MlBambaraAG002,H2,15944d 16124A 16218G 16223G 16362A 73T 249.1A 263T 315.1C 523d 524d 750T
MlSonrhaiAG001,H3,15944d 16124A 16223G 16278G 16362A 16519A 73T 263T 315.1C 523d 524d 750T
MlMalinkeAG001,H4,15944d 16124A 16223G 16278G 16362A 16519A 73T 151G 152A 263T 315.1C 523d 524d 544G 750T
MlBambaraAG003,H5,15944d 16124A 16278G 16355G 16362A 16527G 73T 263T 315.1C 523d 524d 750T
MlSonrhaiAG002,H6,15944d 16093A 16124A 16223G 16278G 16362A 16519A 73T 263T 309.1C 315.1C 523d 524d 750T
MlBambaraAG004,H7,15944d 16093A 16124A 16223G 16278G 16362A 16527G 73T 263T 315.1C 523d 524d 750T
MlMalinkeAG002,H8,15944d 16051T 16124A 16183C 16189A 16223G 16278G 16362A 73T 152A 263T 315.1C 523d 524d 750T
MlPeulAG001,H9,15944d 16124A 16209A 16223G 16278G 16362A 16384C 73T 263T 309.1C 315.1C 523d 524d 750T
MlBambaraAG005,H10,15944d 16124A 16223G 16278G 16291G 16362A 16519A 73T 195A 263T 315.1C 523d 524d 750T
MlBambaraAG006,H11,15916A 15944d 16124A 16223G 16278G 16355G 16362A 16527G 73T 263T 315.1C 523d 524d 750T
MlBambaraAG007,H12,15944d 16124A 16145C 16182C 16183C 16189A 16223G 16278G 16362A 73T 263T 315.1C 523d 524d 750T
MlBambaraAG008,H13,15944d 16124A 16156C 16176G 16223G 16278G 16362A 16519A 73T 263T 315.1C 523d 524d 750T
MlBambaraAG009,H14,15944d 16093A 16124A 16182C 16183C 16189A 16223G 16270G 16278G 16294G 16362A 73T 263T 309.1C 315.1C 523d 524d 750T
MlBambaraAG010,H15,15944d 16223G 16278G 16362A 73T 263T 309.1C 315.1C 523d 524d 750T
MlBambaraAG011,H16,15944d 16223G 16278G 16362A 16519A 35C 73T 263T 315.1C 523d 524d 750T
MlBambaraAG012,H17,15944d 16223G 16278G 16362A 16519A 73T 263T 315.1C 523d 524d 750T
MlPeulAG002,H18,15944d 16093A 16223G 16278G 16362A 16519A 73T 263T 315.1C 523d 524d 750T
MlPeulAG003,H19,15944d 16223G 16234G 16278G 16362A 16519A 73T 263T 315.1C 523d 524d 750T
MlSoninkeAG001,H19,15944d 16223G 16234G 16278G 16362A 16519A 73T 263T 315.1C 523d 524d 750T
MlPeulAG004,H20,15944d 16051T 16223G 16278G 16318T 16362A 16519A 73T 261G 263T 315.1C 523d 524d 750T
MlMalinkeAG003,H21,15944d 16093A 16223G 16234G 16278G 16362A 16519A 73T 263T 315.1C 523d 524d 750T
MlPeulAG005,H22,16124A 16223G 73T 152A 263T 315.1C 523d 524d 709C 750T 921A
MlMalinkeAG004,H23,16124A 16223G 16399T 73T 150G 263T 315.1C 523d 524d 750T 851T 921A
MlDogonAG001,H24,16124A 16166T 16223G 73T 152A 263T 315.1C 523d 524d 750T 921A
MlMalinkeAG005,H25,16124A 16183C 16189A 16223G 16399T 73T 150G 152A 263T 315.1C 523d 524d 750T 921A
MlBambaraAG013,H26,16124A 16223G 16286A 16519A 73T 150G 152A 263T 309.1C 315.1C 523d 524d 750T 921A
MlBambaraAG014,H27,16124A 16223G 16325A 16399T 73T 150G 152A 263T 309.1C 315.1C 523d 524d 750T 921A
MlBambaraAG015,H28,16124A 16223G 16256G 73T 146A 263T 309.1C 315.1C 523d 524d 574T 750T 921A
MlBambaraAG016,H29,16124A 16223G 16256G 73T 146A 152A 263T 315.1C 523d 524d 750T 921A
MlMalinkeAG006,H30,16124A 16223G 16256G 16355G 73T 146A 152A 263T 315.1C 523d 524d 750T 921A
MlBambaraAG017,H31,16124A 16183C 16189A 16223G 16278G 16304A 16311A 73T 151G 152A 263T 309.1C 315.1C 750T 921A
MlBambaraAG018,H32,15942A 16172A 16223G 16327G 16399T 73T 150G 189T 200T 263T 315.1C 750T
MlMalinkeAG007,H33,15927C 16223G 16320G 16519A 73T 150G 195A 263T 309.1C 315.1C 750T
MlBambaraAG019,H33,15927C 16223G 16320G 16519A 73T 150G 195A 263T 309.1C 315.1C 750T
MlSonrhaiAG003,H34,15924T 16223G 16320G 16519A 73T 150G 189T 195A 198G 263T 315.1C 750T
MlBambaraAG020,H35,16148G 16223G 16320G 16519A 73T 150G 195A 198G 263T 315.1C 750T
MlBoboAG001,H36,16189C 16190A 16192.1G 16278G 16320G 73T 150G 263T 315.1C 750T
MlPeulAG006,H37,16172A 16189A 16223G 16320G 16519A 60A 61G 64G 73T 150G 195A 263T 315.1C 523d 524d 620d 750T
MlSoninkeAG002,H38,16172A 16183C 16189A 16223G 16320G 16519A 73T 150G 152A 195A 263T 315.1C 750T
MlSoninkeAG003,H39,16172A 16183C 16189A 16223G 16320G 16519A 73T 150G 152A 195A 263T 315.1C 523d 524d 750T
MlSonrhaiAG004,H40,16172A 16183C 16189A 16223G 16320G 16519A 73T 150G 195A 263T 309.1C 315.1C 750T
MlBambaraAG021,H41,16172A 16183C 16189A 16223G 16320G 16519A 15G 73T 150G 263T 315.1C 523d 524d 750T
MlPeulAG007,H42,16172A 16183C 16187.1G 16189A 16223G 16320G 16519A 73T 114G 150G 195A 263T 309.1C 315.1C 750T
MlBambaraAG022,H43,16172A 16183C 16189A 16223G 16259G 16320G 16519A 73T 150G 195A 263T 309.1C 315.1C 750T
MlDogonAG002,H44,16214G 16223G 16265T 16311A 73T 150G 195A 263T 309.1C 315.1C 523d 524d
MlMalinkeAG008,H45,16051T 16223G 16264G 16519A 73T 150G 263T 315.1C 523d 524d
MlPeulAG008,H46,16041T 16223G 16355G 16519A 73T 150G 263T 315.1C 398A 523d 524d 750T
MlBambaraAG023,H47,15944d 16129C 16209A 16223G 16311A 16519A 73T 189T 200T 263T 309.1C 315.1C 750T
MlPeulAG009,H48,15944d 16209A 16223G 16292G 16311A 16519A 73T 150G 189T 200T 263T 750T 761T
MlBambaraAG024,H49,16129C 16148G 16168G 16172A 16187G 16188G 16189A 16223G 16230T 16293T 16311A 16320G 16519A 64G 93T 152A 185C 189T 236A 247C 263T 315.1C 523d 524d 574T 750T 769C 825A
MlBambaraAG025,H50,16129C 16148G 16168G 16172A 16187G 16188G 16230T 16311A 16320G 64G 93T 185C 189T 195A 200T 236A 247C 263T 315.1C 523d 524d 750T 769C 825A
MlMalinkeAG009,H51,16129C 16148G 16168G 16172A 16187G 16188G 16230T 16241T 16311A 16320G 64G 93T 152A 185C 189T 200T 236A 247C 263T 309.1C 315.1C 523d 524d 750T 769C 825A
MlMalinkeAG010,H52,16126A 16187G 16189A 16223G 16264G 16270G 16278G 16311A 16519A 73T 150G 152A 182G 185T 189T 195A 247C 263T 315.1C 357T 523d 524d 709C 710A 750T 769C 825A
MlBambaraAG026,H53,16126A 16187G 16189A 16223G 16264G 16270G 16278G 16311A 16519A 73T 152A 182G 185T 195A 247C 263T 315.1C 357T 523d 524d 709C 710A 750T 769C 825A
MlMalinkeAG011,H54,16126A 16187G 16189A 16223G 16264G 16270G 16278G 16311A 16519A 73T 152A 182G 185T 189T 195A 247C 263T 309.1C 315.1C 357T 523d 524d 709C 710A 750T 769C 825A
MlBoboAG002,H56,16126A 16187G 16189A 16223G 16239G 16264G 16270G 16278G 16311A 16519A 73T 152A 182G 185T 189T 247C 263T 315.1C 357T 523d 524d 709C 710A 750T 769C 825A
MlPeulAG010,H57,16126A 16187G 16189A 16223G 16264G 16270G 16278G 16293T 16311A 73T 151G 152A 182G 185T 189T 195A 247C 263T 315.1C 357T 523d 524d 709C 710A 750T 769C 825A
MlMalinkeAG012,H58,16126A 16187G 16189A 16223G 16264G 16270G 16278G 16293T 16311A 16399T 73T 151G 152A 182G 185T 189T 195A 247C 263T 315.1C 357T 523d 524d 709C 710A 750T 769C 825A
MlMalinkeAG013,H60,16126A 16187G 16189A 16223G 16264G 16270G 16278G 16293T 16311A 16519A 73T 146A 152A 182G 185T 189T 195A 247C 263T 309.1C 315.1C 357T 523d 524d 709C 710A 750T 769C 825A
MlBambaraAG027,H61,16126A 16187G 16189A 16223G 16264G 16270G 16278G 16293T 16311A 16519A 73T 152A 182G 185T 195A 247C 263T 291d 315.1C 357T 523d 524d 709C 710A 750T 769C 825A
MlPeulAG011,H62,16126A 16187G 16189A 16223G 16264G 16270G 16278G 16293T 16311A 16519A 73T 152A 182G 185T 247C 263T 309.1C 315.1C 357T 523d 524d 709C 710A 723T 750T 769C 825A
MlTuaregAG001,H63,16093A 16126A 16187G 16189A 16223G 16264G 16270G 16278G 16293T 16311A 16519A 73T 152A 182G 185T 195A 247C 263T 315.1C 357T 523d 524d 709C 710A 750T 769C 825A
MlBambaraAG028,H64,16114G 16126A 16187G 16189A 16223G 16264G 16270G 16278G 16293T 16311A 16519A 73T 152A 182G 185T 195A 247C 263T 309.1C 315.1C 357T 523d 524d 709C 710A 750T 769C 825A
MlMalinkeAG014,H65,16126A 16187G 16189A 16223G 16264G 16270G 16278G 16293T 16311A 16318T 16519A 73T 152A 182G 185T 195A 247C 263T 315.1C 357T 523d 524d 709C 710A 750T 769C 825A
MlBambaraAG029,H66,15941A 16093A 16129C 16187G 16189A 16223G 16261G 16274C 16278G 16311A 16360G 16519A 73T 151G 152A 182G 186A 189C 247C 263T 291T 297T 315.1C 316C 523d 524d 750T 769C 825A
MlBambaraAG030,H67,15905A 15978G 16129C 16183C 16189A 16215T 16223G 16278G 16294G 16311A 16360G 16519A 73T 151G 152A 182G 186A 189C 247C 263T 315.1C 316C 514G 523d 524d 750T 769C 825A
MlBambaraAG031,H68,15905A 15978G 16093A 16129C 16183C 16189A 16215T 16223G 16278G 16294G 16311A 16360G 16519A 73T 151G 152A 182G 186A 189C 247C 263T 297T 315.1C 316C 523d 524d 750T 769C 772T 825A
MlBambaraAG032,H69,15905A 15978G 16017A 16129C 16163T 16187G 16189A 16223G 16278G 16293T 16294G 16311A 16360G 16519A 73T 152A 182G 186A 189C 247C 263T 315.1C 316C 523d 524d 629A 750T 769C 825A
MlBambaraAG033,H70,15905A 15978G 15998T 16017A 16129C 16163T 16187G 16189A 16223G 16278G 16293T 16294G 16311A 16360G 16519A 73T 152A 182G 186A 189C 247C 263T 315.1C 316C 523d 524d 629A 750T 769C 825A
MlBambaraAG034,H71,16223G 16278G 16294G 16390C 16519A 73T 146A 152A 195A 263T 315.1C 750T 769C
MlBambaraAG035,H72,16278G 16294G 16309T 16390C 16519A 73T 146A 152A 195A 263T 315.1C 750T 769C
MlMalinkeAG015,H73,16223G 16278G 16294G 16309T 16390C 73T 146A 152A 195A 263T 309.1C 315.1C 523d 524d 750T 769C
MlMalinkeAG016,H74,16223G 16278G 16294G 16309T 16390C 73T 143C 146A 152A 195A 198G 263T 315.1C 670G 750T 769C
MlPeulAG012,H75,16223G 16278G 16294G 16309T 16390C 73T 146A 152A 195A 200T 263T 315.1C 523d 524d 670G 750T 769C
MlSonrhaiAG005,H76,16223G 16278G 16294G 16309T 16390C 16519A 73T 146A 152A 195A 263T 315.1C 750T 769C
MlMalinkeAG017,H77,16223G 16278G 16294G 16309T 16390C 16519A 73T 146A 152A 195A 263T 309.1C 315.1C 750T 769C
MlMalinkeAG018,H78,16223G 16278G 16294G 16309T 16390C 16519A 73T 146A 152A 195A 263T 315.1C 513C 750T 769C
MlBambaraAG036,H79,16223G 16278G 16294G 16309T 16390C 16519A 73T 146A 152A 195A 249d 263T 309.1C 315.1C 750T 769C
MlPeulAG013,H80,16042C 16223G 16278G 16294G 16309T 16390C 16519A 73T 146A 152A 195A 263T 315.1C 670G 750T 769C
MlMalinkeAG019,H81,16223G 16278G 16294G 16309T 16368A 16390C 16519A 73T 146A 152A 195A 263T 315.1C 509G 514.1C 514.2A 750T 769C
MlBambaraAG037,H82,16223G 16278G 16294G 16309T 16390C 16427G 16519A 73T 146A 152A 195A 263T 309.1C 315.1C 506G 750T 769C
MlBambaraAG038,H83,16129C 16223G 16278G 16294G 16309T 16390C 16519A 73T 146A 152A 195A 263T 315.1C 670G 750T 769C
MlMalinkeAG020,H84,16183C 16189A 16223G 16278G 16294G 16309T 16390C 73T 143C 146A 152A 195A 263T 315.1C 523d 524d 750T 769C
MlBoboAG003,H85,16189A 16223G 16278G 16294G 16309T 16390C 16519A 73T 146A 152A 195A 263T 309.1C 315.1C 750T 769C
MlMalinkeAG021,H86,16189A 16223G 16278G 16294G 16309T 16390C 16519A 73T 146A 152A 195A 263T 315.1C 750T 769C
MlBambaraAG039,H87,16223G 16278G 16292G 16294G 16309T 16368A 16390C 16519A 73T 146A 150G 152A 182G 195A 263T 315.1C 514.1C 514.2A 750T 769C
MlBambaraAG040,H88,16086A 16183C 16189A 16223G 16269T 16278G 16294G 16309T 16390C 73T 146A 150G 152A 195A 263T 315.1C 731T 750T 769C
MlBambaraAG041,H89,15993T 16189A 16223G 16270G 16278G 16292G 16294G 16309T 16356A 16390C 73T 143C 146A 152A 195A 263T 309.1C 315.1C 534G 750T
MlPeulAG014,H90,16223G 16278G 16286G 16294G 16309T 16390C 16519A 73T 146A 152A 195A 263T 315.1C 750T 769C
MlBambaraAG042,H91,16223G 16278G 16286G 16294G 16309T 16390C 16519A 73T 146A 152A 195A 263T 315.1C 523d 524d 750T 769C
MlBambaraAG043,H93,16189A 16192G 16223G 16278G 16294G 16309T 16390C 73T 143C 146A 152A 195A 263T 315.1C 534G 750T 769C
MlBambaraAG044,H94,16189A 16192G 16223G 16278G 16294G 16309T 16390C 16519A 73T 146A 263T 315.1C 534G 750T 769C
MlMalinkeAG022,H95,16189A 16192.1G 16223G 16278G 16293T 16294G 16309T 16390C 73T 146A 152A 195A 263T 315.1C 523d 524d 750T 769C
MlSonrhaiAG006,H96,15924T 16213C 16223G 16278G 16291G 16294G 16309T 16390C 16519A 73T 143C 146A 152A 195A 263T 309d 315.1C 750T 769C
MlBambaraAG045,H97,16093A 16114A 16129C 16213C 16223G 16278G 16390C 73T 146A 150G 152A 182G 195A 198G 204A 263T 315.1C 709C 750T 769C 867G
MlMalinkeAG023,H98,16114A 16129C 16212T 16213C 16223G 16278G 16390C 73T 146A 150G 152A 182G 195A 198G 204A 263T 315.1C 523d 524d 709C 750T 769C
MlDogonAG003,H99,16114A 16129C 16213C 16223G 16278G 16362A 16390C 73T 146A 150G 152A 182G 195A 198G 204A 263T 315.1C 418G 523d 524d 750T 769C
MlDogonAG004,H100,16114A 16129C 16213C 16223G 16278G 16362A 16390C 73T 146A 150G 152A 182G 195A 198G 204A 263T 315.1C 418G 523d 524d 750T 769C
MlMalinkeAG024,H102,15897C 15944.1T 15947T 16114A 16129C 16213C 16223G 16278G 16355G 16390C 16519A 73T 146A 150G 152A 182G 185C 195A 198G 204A 207C 263T 315.1C 523d 524d 750T 769C
MlPeulAG015,H103,16223G 16278G 73T 93T 146A 150G 152A 182G 198G 263T 315.1C 325G 523d 524d 680A 709C 750T 769C
MlMalinkeAG025,H104,16223G 16278G 16390C 73T 93T 146A 150G 152A 182G 195A 198G 263T 315.1C 325G 523d 524d 680A 709C 750T 769C
MlMalinkeAG026,H105,16223G 16278G 16390C 73T 146A 150G 152A 182G 195A 199A 263T 315.1C 325G 680A 709C 750T 769C
MlMalinkeAG027,H106,16223G 16278G 16390C 73T 93T 146A 150G 152A 195A 198G 263T 309.1C 315.1C 325G 513d 515d 680A 709C 750T 769C
MlBambaraAG046,H107,16093A 16192G 16278G 16390C 73T 93T 146A 150G 152A 182G 195A 198G 263T 315.1C 325G 523d 524d 680A 709C 750T 769C
MlBambaraAG047,H108,16051T 16223G 16261G 16278G 16519A 73T 93T 146A 150G 152A 182G 195A 198G 263T 309.1C 315.1C 325G 523d 524d 680A 709C 750T 769C
MlDogonAG005,H109,16223G 16278G 16293T 16390C 16519A 73T 93T 150G 152A 182G 195A 198G 263T 315.1C 325G 499C 523d 524d 680A 709C 750T 769C
MlBambaraAG048,H110,16223G 16278G 16311A 16390C 73T 93T 146A 150G 152A 182G 195A 198G 263T 292A 315.1C 325G 523d 524d 680A 709C 750T 769C
MlBoboAG004,H111,16223G 16278G 16355G 16390C 16519A 73T 93T 146A 150G 152A 182G 195A 198G 263T 315.1C 325G 523d 524d 680A 709C 750T 769C
MlBoboAG005,H112,16126A 16223G 16274C 16278G 16390C 73T 89A 93T 146A 150G 152A 182G 195A 198G 263T 315.1C 325G 523d 524d 680A 709C 750T 769C 798G 886G
MlBambaraAG049,H113,15947T 16172A 16223G 16278G 16362A 16390C 73T 93T 146A 150G 152A 182G 195A 198G 263T 315.1C 325G 680A 709C 750T 769C
MlSenoufoAG001,H114,16177T 16223G 16241T 16278G 16390C 16519A 73T 146A 150G 152A 163C 309.1C 315.1C 325G 523d 524d 680A 709C 750T 769C
MlMalinkeAG028,H115,15883C 16093A 16189A 16223G 16278G 16355G 16390C 73T 93T 146A 150G 152A 182G 195A 198G 263T 315.1C 325G 523d 524d 680A 709C 750T 769C
MlBambaraAG050,H116,16164T 16223G 16256G 16278G 16294G 16390C 73T 93T 146A 150G 152A 182G 195A 263T 315.1C 325G 513d 515d 680A 709C 750T 769C
MlMalinkeAG029,H117,16189A 16223G 16278G 16318T 16390C 73T 89A 93T 146A 150G 152A 182G 195A 198G 263T 309.1C 315.1C 352T 523d 524d 680A 709C 750T 769C
MlMalinkeAG030,H118,16192G 16223G 16264G 16278G 16390C 73T 93T 146A 150G 152A 182G 195A 198G 263T 315.1C 325G 523d 524d 680A 709C 750T 769C
MlMalinkeAG031,H119,16093A 16126A 16223G 16264G 16274C 16278G 16390C 73T 93T 146A 150G 182G 195A 263T 315.1C 325G 508T 523d 524d 680A 709C 750T 769C
MlBambaraAG051,H120,16093A 16126A 16223G 16264G 16274C 16278G 16390C 73T 93T 146A 150G 152A 182G 195A 263T 315.1C 325G 523d 524d 680A 709C 750T 769C
MlDogonAG006,H121,16126A 16188G 16209A 16223G 16264G 16278G 16390C 73T 93T 146A 150G 152A 182G 195A 198G 263T 315.1C 325G 523d 524d 680A 709C 750T 769C
MlBambaraAG052,H122,16129C 16183C 16189A 16274C 16278G 16300T 16354G 16390C 16399T 16519A 73T 146A 150G 195A 263T 309.1C 315.1C 456G 750T 769C 870G
