StForrosMT001,H1,16148G 16172A 16187G 16188G 16189A 16223G 16230T 16311A 16320G 93T 152A 189T 204A 207C 236A 247C 263T 315.1C
StTongasMT001,H2,16129C 16148G 16168G 16172A 16187G 16188G 16189A 16209A 16213C 16223G 16230* 93T 185C 189T 236A 247C 263T 309.1C 315.1C
StForrosMT002,H3,16093A 16129C 16148G 16168G 16172A 16187G 16188G 16189A 16223G 16230T 16278G 16293T 16311A 16320G 93T 95C 185C 189T 236A 247C 263T 315.1C
StTongasMT002,H4,16129C 16148G 16168G 16172A 16187G 16188G 16189A 16223G 16230T 16278G 16293T 16311A 16320G 93T 95C 185C 189T 236A 247C 263T 309.1C 315.1C 320G
StTongasMT003,H4,16129C 16148G 16168G 16172A 16187G 16188G 16189A 16223G 16230T 16278G 16293T 16311A 16320G 93T 95C 185C 189T 236A 247C 263T 309.1C 315.1C 320G
StAngolaresMT001,H5,16129C 16148G 16168G 16172A 16187G 16188G 16189A 16223G 16230T 16311A 16320G 93T 185C 189T 236A 247C 263T 315.1C
StForrosMT003,H5,16129C 16148G 16168G 16172A 16187G 16188G 16189A 16223G 16230T 16311A 16320G 93T 185C 189T 236A 247C 263T 315.1C
StForrosMT004,H6,16126A 16187G 16189A 16223G 16264G 16270G 16278G 16311A 73T 152A 182G 185T 195A 247C 263T 315.1C
StForrosMT005,H6,16126A 16187G 16189A 16223G 16264G 16270G 16278G 16311A 73T 152A 182G 185T 195A 247C 263T 315.1C
StTongasMT004,H6,16126A 16187G 16189A 16223G 16264G 16270G 16278G 16311A 73T 152A 182G 185T 195A 247C 263T 315.1C
StAngolaresMT002,H7,16111G 16126A 16187G 16189A 16223G 16239G 16270G 16278G 16293T 16311A 73T 146A 152A 182G 185T 189T 247C 263T 315.1C
StAngolaresMT003,H7,16111G 16126A 16187G 16189A 16223G 16239G 16270G 16278G 16293T 16311A 73T 146A 152A 182G 185T 189T 247C 263T 315.1C
StAngolaresMT004,H7,16111G 16126A 16187G 16189A 16223G 16239G 16270G 16278G 16293T 16311A 73T 146A 152A 182G 185T 189T 247C 263T 315.1C
StForrosMT006,H7,16111G 16126A 16187G 16189A 16223G 16239G 16270G 16278G 16293T 16311A 73T 146A 152A 182G 185T 189T 247C 263T 315.1C
StAngolaresMT005,H8,16111G 16187G 16189A 16223G 16239G 16270G 16278G 16293T 16311A 73T 146A 152A 182G 185T 189T 247C 263T 315.1C
StTongasMT005,H9,16114A 16126A 16189A 16223G 16264G 16270G 16274C 16278G 16293T 16311A 73T 152A 182G 185T 195A 247C 263T 309.1C 315.1C
StAngolaresMT006,H10,16114G 16126A 16187G 16189A 16223G 16264G 16270G 16278G 16293T 16311A 73T 152A 182G 185T 195A 247C 263T 315.1C
StForrosMT007,H11,16126A 16187G 16189A 16223G 16264G 16270G 16278G 16293T 16311A 73T 152A 182G 185T 189T 195A 247C 263T 309.1C 315.1C
StForrosMT008,H12,16126A 16187G 16189A 16223G 16264G 16270G 16278G 16293T 16311A 73T 152A 182G 185T 189T 195A 247d 263T 309.1C 315.1C
StForrosMT009,H12,16126A 16187G 16189A 16223G 16264G 16270G 16278G 16293T 16311A 73T 152A 182G 185T 189T 195A 247d 263T 309.1C 315.1C
StTongasMT006,H13,16129C 16163T 16187G 16189A 16209A 16223G 16278G 16293T 16294G 16298A 16311A 16360G 73T 152A 182G 186A 189C 194G 198G 247d 263T 309.1C 315.1C 316C
StTongasMT007,H14,16129C 16163T 16187G 16189A 16223G 16278G 16293T 16294G 16304A 16311A 16360G 73T 151G 152A 182G 186A 189C 195A 247C 263T 315.1C 316C
StTongasMT008,H15,16129C 16163T 16187G 16189A 16223G 16278G 16293T 16294G 16304A 16311A 16360G 73T 151G 152A 182G 186A 189C 195A 198G 247C 263T 315.1C 316C
StAngolaresMT007,H16,16129C 16187G 16189A 16223G 16278G 16293T 16294G 16311A 16360G 73T 152A 186A 189T 195A 247C 250.1*
StForrosMT010,H17,16093A 16129C 16187G 16189A 16223G 16263A 16278G 16293T 16294G 16311A 16360G 16368A 73T 151G 152A 182G 186A 189C 195A 247C 263T 297T 315.1C 316C
StTongasMT009,H18,16093A 16129C 16187G 16189A 16223G 16263A 16278G 16293T 16294G 16311A 16360G 16368A 73T 182G 186A 189C 195A 247C 263T 297T 315.1C 316C
StAngolaresMT008,H19,16129C 16187G 16189A 16223G 16274C 16278G 16293T 16294G 16311A 16360G 73T 93T 95C 152A 182G 186A 189C 195A 236A 247C 263T 297T 315.1C 316C
StAngolaresMT009,H19,16129C 16187G 16189A 16223G 16274C 16278G 16293T 16294G 16311A 16360G 73T 93T 95C 152A 182G 186A 189C 195A 236A 247C 263T 297T 315.1C 316C
StAngolaresMT010,H20,16129C 16187G 16189A 16223G 16274C 16278G 16293T 16294G 16311A 16360G 73T 95C 152A 182G 186A 189C 195A 236A 247C 263T 297T 315.1C 316C
StAngolaresMT011,H21,16129C 16187G 16189A 16214G 16234G 16249A 16258T 16274C 16278G 16293T 16294G 16311A 73T 151G 152A 186A 189C 195A 247C 263T 297T 315.1C 316C
StAngolaresMT012,H22,16051T 16129C 16187G 16189A 16214G 16234G 16249A 16258T 16274C 16278G 16293T 16294G 16311A 73T 186A 189C 195A 247C 263T 297T 315.1C 316C
StAngolaresMT013,H23,16129C 16163T 16187G 16189A 16265C 16278G 16286G 16294G 16311A 16320G 16360G 73T 151G 152A 186A 189C 195A 198G 247C 263T 297T 315.1C 316C
StTongasMT010,H24,16129C 16187G 16189A 16214G 16223G 16265C 16278G 16286A 16291G 16294G 16311A 16360G 73T 151G 152A 182G 186A 189C 195A 198G 247C 263T 297T 315.1C 316C
StTongasMT011,H25,16129C 16187G 16189A 16223G 16265C 16278G 16286G 16294G 16311A 16343T 16360G 73T 151G 152A 182G 186A 189C 195A 198G 247C 263T 297T 315.1C 316C
StTongasMT012,H25,16129C 16187G 16189A 16223G 16265C 16278G 16286G 16294G 16311A 16343T 16360G 73T 151G 152A 182G 186A 189C 195A 198G 247C 263T 297T 315.1C 316C
StAngolaresMT014,H26,16129C 16187G 16189A 16223G 16265C 16286A 16292G 16294G 16311A 16360G 73T 152A 182G 186A 189C 195A 198G 247C 263T 297T 309.1C 315.1C 316C
StAngolaresMT015,H26,16129C 16187G 16189A 16223G 16265C 16286A 16292G 16294G 16311A 16360G 73T 152A 182G 186A 189C 195A 198G 247C 263T 297T 309.1C 315.1C 316C
StAngolaresMT016,H26,16129C 16187G 16189A 16223G 16265C 16286A 16292G 16294G 16311A 16360G 73T 152A 182G 186A 189C 195A 198G 247C 263T 297T 309.1C 315.1C 316C
StForrosMT011,H27,16172A 16187G 16189A 16223G 16265C 16278G 16286G 16294G 16311A 16360G 73T 151G 152A 182G 186A 189C 195A 198G 247C 263T 297T 309.1C 315.1C 316C
StTongasMT013,H28,16129C 16183C 16189A 16215T 16223G 16278G 16294G 16311A 16360G 73T 152A 182G 186A 189C 247C 263T 309.1C 315.1C 316C
StTongasMT014,H28,16129C 16183C 16189A 16215T 16223G 16278G 16294G 16311A 16360G 73T 152A 182G 186A 189C 247C 263T 309.1C 315.1C 316C
StTongasMT015,H29,16129C 16166T 16187G 16189A 16223G 16254T 16278G 16311A 73T 146A 152A 182G 195A 198G 247C 263T 315.1C
StForrosMT012,H30,16111G 16223G 16278G 16294G 16309T 16311A 16390C 73T 152A 195A 315.1C
StForrosMT013,H31,16129C 16223G 16278G 16294G 16309T 16390C 73T 143C 146A 152A 195A 263T 315.1C
StAngolaresMT017,H32,16189A 16192G 16223G 16239A 16278G 16279A 16294G 16309* 73T 195A 263T 315.1C
StForrosMT014,H33,16189A 16192G 16223G 16278G 16294G 16309T 16390C 73T 143C 146A 152A 195A 263T 309.1C 315.1C
StTongasMT016,H34,16189A 16192G 16223G 16278G 16294G 16309T 16390C 73T 146A 152A 195A 263T 309.1C 315.1C
StTongasMT017,H34,16189A 16192G 16223G 16278G 16294G 16309T 16390C 73T 146A 152A 195A 263T 309.1C 315.1C
StForrosMT015,H35,16193G 16213C 16223G 16239G 16278G 16294G 16309T 16390C 73T 146A 152A 195A 263T 308.1G 315.1C
StTongasMT018,H36,16223G 16278G 16294G 16309T 16390C 73T 143C 146A 152A 195A 198G 263T 309.1C 315.1C
StForrosMT016,H37,16223G 16278G 16294G 16309T 16390C 73T 146A 152A 195A 263T 309.1C 315.1C
StForrosMT017,H37,16223G 16278G 16294G 16309T 16390C 73T 146A 152A 195A 263T 309.1C 315.1C
StTongasMT019,H38,16223G 16278G 16286G 16294G 16309T 16390C 73T 146A 152A 195A 263T 309.1C 315.1C
StTongasMT020,H38,16223G 16278G 16286G 16294G 16309T 16390C 73T 146A 152A 195A 263T 309.1C 315.1C
StTongasMT021,H39,16114A 16129C 16213C 16223G 16278G 16355G 16362A 16390C 73T 150G 152A 182G 195A 198G 204A 249d 263T 309.1C 315.1C
StTongasMT022,H39,16114A 16129C 16213C 16223G 16278G 16355G 16362A 16390C 73T 150G 152A 182G 195A 198G 204A 249d 263T 309.1C 315.1C
StTongasMT023,H40,16114A 16213C 16223G 16278G 16362A 16390C 73T 150G 152A 182G 195A 198G 204A 263T 315.1C
StForrosMT018,H41,16081T 16093A 16175T 16223G 16278G 16320G 16390C 73T 146A 150G 182G 195A 198G 263T 309.1C 315.1C 325G
StForrosMT019,H41,16081T 16093A 16175T 16223G 16278G 16320G 16390C 73T 146A 150G 182G 195A 198G 263T 309.1C 315.1C 325G
StAngolaresMT018,H42,16081T 16093A 16175T 16223G 16278G 16320G 16390C 73T 93T 146A 150G 182G 195A 198G 263T 309.1C 315.1C 325G
StForrosMT020,H43,16114G 16223G 16278G 16318T 16390C 73T 93T 146A 150G 152A 182G 195A 198G 263T 309.1C 315.1C 325G
StAngolaresMT019,H44,16223G 16264G 16278G 16390C 73T 146A 150G 152A 182G 195A 198G 263T 309.1C 315.1C 325G
StTongasMT024,H45,16084C 16093A 16220T 16223G 16264G 16278G 16311A 16390C 73T 93T 146A 150G 152A 182G 195A 198G 263T 315.1C 325G
StAngolaresMT020,H46,16093A 16223G 16264G 16278G 16390C 73T 93T 146A 150G 152A 182G 195A 198G 263T 309.1C 315.1C 325G
StTongasMT025,H47,16111A 16145C 16184G 16223G 16239G 16278G 16292G 16355G 16390C 73T 146A 150G 152A 182G 263T 315.1C
StForrosMT021,H48,16223G 16290G 16355G 73T 150G 152A 235T 263T 309.1C 315.1C
StTongasMT026,H48,16223G 16290G 16355G 73T 150G 152A 235T 263T 309.1C 315.1C
StForrosMT022,H49,16223G 16278G 16362A 73T 263T 315.1C
StTongasMT027,H50,16124A 16183C 16189A 16214G 16223G 16278G 73T 263T 309.1C 315.1C
StForrosMT023,H51,16124A 16223G 16278G 16362A 73T 263T 315.1C
StForrosMT024,H51,16124A 16223G 16278G 16362A 73T 263T 315.1C
StForrosMT025,H52,16124A 16223G 16278G 16311A 16362A 73T 257T 263T 309.1C 315.1C
StForrosMT026,H53,16124A 16223G 16311A 73T 101C 150G 152A 263T 309.1C 315.1C
StTongasMT028,H54,16124A 16223G 16311A 73T 152A 200T 263T 309.1C 315.1C
StTongasMT029,H54,16124A 16223G 16311A 73T 152A 200T 263T 309.1C 315.1C
StTongasMT030,H54,16124A 16223G 16311A 73T 152A 200T 263T 309.1C 315.1C
StTongasMT031,H55,16124A 16209A 16223G 16319C 16362A 73T 152A 263T 315.1C
StTongasMT032,H56,16124A 16223G 16300T 16319C 73T 152A 263T 315.1C
StTongasMT033,H57,16104G 16129C 16183C 16189A 16223G 16260G 16327G 73T 150G 263T 309.1C 315.1C
StAngolaresMT021,H58,16172A 16223G 16327G 73T 150G 189T 200T 207C 263T 309.1C 315.1C
StAngolaresMT022,H58,16172A 16223G 16327G 73T 150G 189T 200T 207C 263T 309.1C 315.1C
StAngolaresMT023,H58,16172A 16223G 16327G 73T 150G 189T 200T 207C 263T 309.1C 315.1C
StAngolaresMT024,H58,16172A 16223G 16327G 73T 150G 189T 200T 207C 263T 309.1C 315.1C
StAngolaresMT025,H58,16172A 16223G 16327G 73T 150G 189T 200T 207C 263T 309.1C 315.1C
StAngolaresMT026,H58,16172A 16223G 16327G 73T 150G 189T 200T 207C 263T 309.1C 315.1C
StAngolaresMT027,H58,16172A 16223G 16327G 73T 150G 189T 200T 207C 263T 309.1C 315.1C
StAngolaresMT028,H58,16172A 16223G 16327G 73T 150G 189T 200T 207C 263T 309.1C 315.1C
StForrosMT027,H59,16207T 16223G 16327G 73T 150G 183T 189T 200T 263T 309.1C 315.1C
StForrosMT028,H60,16223G 16325d 16327G 73T 150G 185C 189T 209A 263T 309.1C 315.1C
StForrosMT029,H61,16185G 16209A 16223G 16327G 73T 150G 152A 189T 195A 200T 263T 309.1C 315.1C
StAngolaresMT029,H62,16223G 16258T 16320G 73T 150G 189T 195A 315.1C
StForrosMT030,H63,16223G 16320G 73T 150G 195A 198G 263T 309.1C 315.1C
StAngolaresMT030,H64,16223G 16320G 73T 150G 195A 198G 263T 315.1C
StTongasMT034,H64,16223G 16320G 73T 150G 195A 198G 263T 315.1C
StTongasMT035,H64,16223G 16320G 73T 150G 195A 198G 263T 315.1C
StForrosMT031,H65,16126A 16172A 16182C 16183C 16189A 16223G 16320G 73T 150G 195A 263T 315.1C
StForrosMT032,H66,16223G 16265T 73T 150G 195A 263T 315.1C
StTongasMT036,H66,16223G 16265T 73T 150G 195A 263T 315.1C
StTongasMT037,H67,16051T 16223G 16264G 73T 150G 263T 309.1C 315.1C
StTongasMT038,H68,16051T 16223G 16264G 16299T 73T 150G 263T 309.1C 315.1C
StForrosMT033,H69,16129C 16209A 16223G 16311A 73T 189T 200T 263T 315.1C
StForrosMT034,H70,16209A 16223G 16311A 73T 150G 189T 200T 263T 309.1C 315.1C
StForrosMT035,H71,16209A 16215T 16223G 16256G 16292G 16311A 73T 185C 189T 195A 263T 309.1C 315.1C
