CgBatekeVM001,Hap_2,16185T 16223T 16327T
CgBatekeVM002,Hap_2,16185T 16223T 16327T
CgBatekeVM003,Hap_3,16223T 16265T
CgBatekeVM004,Hap_3,16223T 16265T
CgBatekeVM005,Hap_3,16223T 16265T
CgBatekeVM006,Hap_3,16223T 16265T
CgBatekeVM007,Hap_3,16223T 16265T
CgBetiVM001,Hap_3,16223T 16265T
CgBetiVM002,Hap_3,16223T 16265T
NgTivVM001,Hap_3,16223T 16265T
NgTivVM002,Hap_3,16223T 16265T
NgTivVM003,Hap_3,16223T 16265T
NgIdomaVM001,Hap_3,16223T 16265T
NgIdomaVM002,Hap_3,16223T 16265T
NgIdomaVM003,Hap_3,16223T 16265T
CgBatekeVM008,Hap_4,16102C 16129A 16184T 16187T 16189C 16223T 16278T 16294T 16301T 16311C 16360T
CgBatekeVM009,Hap_4,16102C 16129A 16184T 16187T 16189C 16223T 16278T 16294T 16301T 16311C 16360T
CgBatekeVM010,Hap_5,16223T 16278T 16311C 16362C
CgBatekeVM011,Hap_6,16129A 16189C 16278T 16300G 16319C 16354T
CgBatekeVM012,Hap_7,16129A 16187T 16189C 16223T 16278T 16293G 16294T 16311C 16360T
NgTivVM004,Hap_7,16129A 16187T 16189C 16223T 16278T 16293G 16294T 16311C 16360T
CgBatekeVM013,Hap_8,16187T 16223T 16265T
CgBatekeVM014,Hap_9,16185T 16223T 16327T 16355T
CgBatekeVM015,Hap_10,16189C 16278T
CgBatekeVM016,Hap_11,16129A 16134T 16168T 16172C 16187T 16188G 16189C 16223T 16230G 16278T 16293G 16311C 16320T
CgBatekeVM017,Hap_12,16094C 16223T 16278T 16294T 16309G
CgBatekeVM018,Hap_13,16209C 16223T 16301T
CgBatekeVM019,Hap_14,16124C 16223T 16278T 16311C 16362C
CgBatekeVM020,Hap_14,16124C 16223T 16278T 16311C 16362C
CgBetiVM003,Hap_14,16124C 16223T 16278T 16311C 16362C
CgBatekeVM021,Hap_15,16126C 16187T 16189C 16223T 16264T 16270T 16278T 16293G 16311C
NgTivVM005,Hap_15,16126C 16187T 16189C 16223T 16264T 16270T 16278T 16293G 16311C
NgTivVM006,Hap_15,16126C 16187T 16189C 16223T 16264T 16270T 16278T 16293G 16311C
NgIgalaVM001,Hap_15,16126C 16187T 16189C 16223T 16264T 16270T 16278T 16293G 16311C
NgIgalaVM002,Hap_15,16126C 16187T 16189C 16223T 16264T 16270T 16278T 16293G 16311C
NgIdomaVM004,Hap_15,16126C 16187T 16189C 16223T 16264T 16270T 16278T 16293G 16311C
NgIdomaVM005,Hap_15,16126C 16187T 16189C 16223T 16264T 16270T 16278T 16293G 16311C
NgIdomaVM006,Hap_15,16126C 16187T 16189C 16223T 16264T 16270T 16278T 16293G 16311C
NgIdomaVM007,Hap_15,16126C 16187T 16189C 16223T 16264T 16270T 16278T 16293G 16311C
CgBatekeVM022,Hap_16,16223T 16278T 16286T 16294T 16309G
NgTivVM007,Hap_16,16223T 16278T 16286T 16294T 16309G
CgBatekeVM023,Hap_17,16124C 16223T 16319A
CgBatekeVM024,Hap_18,16092C 16223T 16278T 16286T 16294T
CgBatekeVM025,Hap_19,16189C 16192T 16223T 16278T 16294T 16309G
NgTivVM008,Hap_19,16189C 16192T 16223T 16278T 16294T 16309G
NgIgalaVM003,Hap_19,16189C 16192T 16223T 16278T 16294T 16309G
NgIdomaVM008,Hap_19,16189C 16192T 16223T 16278T 16294T 16309G
CgBatekeVM026,Hap_20,16185T 16327T
CgBatekeVM027,Hap_21,16129A 16148T 16172C 16187T 16188G 16189C 16192T 16223T 16230G 16291T 16311C 16317G 16320T
CgBatekeVM028,Hap_21,16129A 16148T 16172C 16187T 16188G 16189C 16192T 16223T 16230G 16291T 16311C 16317G 16320T
CgBetiVM004,Hap_21,16129A 16148T 16172C 16187T 16188G 16189C 16192T 16223T 16230G 16291T 16311C 16317G 16320T
CgBetiVM005,Hap_21,16129A 16148T 16172C 16187T 16188G 16189C 16192T 16223T 16230G 16291T 16311C 16317G 16320T
CgBatekeVM029,Hap_22,16086C 16124C 16223T 16256T 16368C
CgBatekeVM030,Hap_23,16184A 16189C 16234T 16245G 16249C 16278T 16294T 16295T
CgBatekeVM031,Hap_24,16092C 16223T 16278T 16286T 16294T 16309G
CgBatekeVM032,Hap_24,16092C 16223T 16278T 16286T 16294T 16309G
NgTivVM009,Hap_24,16092C 16223T 16278T 16286T 16294T 16309G
NgIdomaVM009,Hap_24,16092C 16223T 16278T 16286T 16294T 16309G
CgBatekeVM033,Hap_25,16093C 16129A 16148T 16168T 16172C 16187T 16188G 16189C 16209C 16223T 16230G 16278T 16293G 16311C 16320T
CgBatekeVM034,Hap_26,16129A 16187T 16189C 16223T 16274A 16278T 16293G 16294T 16311C
CgBatekeVM035,Hap_27,16129A 16148T 16168T 16172C 16187T 16188G 16189C 16223T 16230G 16278T 16293G 16311C 16320T
NgIdomaVM010,Hap_27,16129A 16148T 16168T 16172C 16187T 16188G 16189C 16223T 16230G 16278T 16293G 16311C 16320T
CgBatekeVM036,Hap_28,16189C 16223T 16311C 16327T
CgBatekeVM037,Hap_29,16189C 16223T 16278T 16304C 16311C
CgBatekeVM038,Hap_30,16129A 16185T 16223T 16327T
CgBatekeVM039,Hap_31,16172C 16189C 16213A 16223T 16309G 16320T
CgBatekeVM040,Hap_32,16093C 16124C 16223T 16256T 16368C
CgBatekeVM041,Hap_33,16209C 16223T 16311C
CgBetiVM006,Hap_33,16209C 16223T 16311C
CgBatekeVM042,Hap_34,16094C 16129A 16148T 16168T 16172C 16187T 16188G 16189C 16223T 16230G 16278T 16293G 16301T 16320T
CgBatekeVM043,Hap_35,16223T 16327T
NgTivVM010,Hap_35,16223T 16327T
CgBatekeVM044,Hap_36,16223T 16320T
CgBatekeVM045,Hap_36,16223T 16320T
NgIdomaVM011,Hap_36,16223T 16320T
CgBatekeVM046,Hap_37,16059G 16071T 16129A 16145A 16187T 16189C 16213A 16223T 16234T 16265C 16278T 16286T 16294T 16311C 16360T
CgBatekeVM047,Hap_38,16129A 16148T 16168T 16172C 16187T 16188G 16189C 16223T 16230G 16274A 16278T 16311C 16320T
CgBatekeVM048,Hap_39,16172C 16183C 16189C 16223T 16320T
NgIgalaVM004,Hap_39,16172C 16183C 16189C 16223T 16320T
CgBatekeVM049,Hap_40,16129A 16148T 16168T 16172C 16187T 16188G 16189C 16223T 16230G 16278T 16311C 16320T
CgBatekeVM050,Hap_41,16051G 16104A 16129A 16187T 16189C 16214T 16234T 16249C 16258G 16274A 16278T 16293G 16294T 16311C 16360T
CgBatekeVM051,Hap_42,16129A 16223T 16278T 16294T 16309G
CgBatekeVM052,Hap_42,16129A 16223T 16278T 16294T 16309G
NgIgalaVM005,Hap_42,16129A 16223T 16278T 16294T 16309G
NgIgalaVM006,Hap_42,16129A 16223T 16278T 16294T 16309G
CgBatekeVM053,Hap_43,16187T 16189C 16278T 16293G 16294T 16311C
CgBetiVM007,Hap_44,16102C 16129A 16184T 16187T 16189C 16223T 16294T 16301T 16311C 16360T
CgBetiVM008,Hap_45,16129A 16187T 16189C 16223T 16274A 16278T 16293G 16294T 16311C 16360T 16363T
CgBetiVM009,Hap_46,16124C 16183C 16189C 16223T 16278T 16304C 16311C
CgBetiVM010,Hap_47,16209C 16218T 16223T 16256T 16292T 16311C
CgBetiVM011,Hap_47,16209C 16218T 16223T 16256T 16292T 16311C
CgBetiVM012,Hap_47,16209C 16218T 16223T 16256T 16292T 16311C
CgBetiVM013,Hap_48,16131C 16189C 16223T 16225T 16234T 16278T 16294T 16309G
CgBetiVM014,Hap_48,16131C 16189C 16223T 16225T 16234T 16278T 16294T 16309G
CgBetiVM015,Hap_48,16131C 16189C 16223T 16225T 16234T 16278T 16294T 16309G
CgBetiVM016,Hap_49,16185T 16223T
CgBetiVM017,Hap_50,16189C 16192T 16223T 16278T 16294T
CgBetiVM018,Hap_51,16093C 16129A 16187T 16189C 16223T 16271C 16278T 16293G 16294T 16311C 16360T
CgBetiVM019,Hap_51,16093C 16129A 16187T 16189C 16223T 16271C 16278T 16293G 16294T 16311C 16360T
CgBetiVM020,Hap_52,16184T 16187T 16189C 16278T 16293G 16294T 16311C
CgBetiVM021,Hap_53,16172C 16189C 16223T
CgBetiVM022,Hap_54,16129A 16187T 16189C 16223T 16274A 16278T 16293G 16294T 16311C 16360T
CgBetiVM023,Hap_54,16129A 16187T 16189C 16223T 16274A 16278T 16293G 16294T 16311C 16360T
CgBetiVM024,Hap_54,16129A 16187T 16189C 16223T 16274A 16278T 16293G 16294T 16311C 16360T
CgBetiVM025,Hap_54,16129A 16187T 16189C 16223T 16274A 16278T 16293G 16294T 16311C 16360T
CgBetiVM026,Hap_55,16129A 16209C 16223T 16292T 16295T 16311C
CgBetiVM027,Hap_55,16129A 16209C 16223T 16292T 16295T 16311C
CgBetiVM028,Hap_55,16129A 16209C 16223T 16292T 16295T 16311C
CgBetiVM029,Hap_55,16129A 16209C 16223T 16292T 16295T 16311C
CgBetiVM030,Hap_55,16129A 16209C 16223T 16292T 16295T 16311C
CgBetiVM031,Hap_55,16129A 16209C 16223T 16292T 16295T 16311C
NgTivVM011,Hap_55,16129A 16209C 16223T 16292T 16295T 16311C
NgTivVM012,Hap_55,16129A 16209C 16223T 16292T 16295T 16311C
NgIgalaVM007,Hap_55,16129A 16209C 16223T 16292T 16295T 16311C
NgIgalaVM008,Hap_55,16129A 16209C 16223T 16292T 16295T 16311C
NgIgalaVM009,Hap_55,16129A 16209C 16223T 16292T 16295T 16311C
CgBetiVM032,Hap_56,16129A 16209C 16223T 16292T 16295T 16311C 16360T
CgBetiVM033,Hap_57,16172C 16183C 16189C 16194C 16223T 16320T
CgBetiVM034,Hap_58,16093C 16129A 16187T 16189C 16223T 16274A 16278T 16293G 16294T 16311C 16360T
CgBetiVM035,Hap_59,16223T 16278T 16294T 16309G
NgTivVM013,Hap_59,16223T 16278T 16294T 16309G
NgTivVM014,Hap_59,16223T 16278T 16294T 16309G
CgBetiVM036,Hap_60,16223T 16278T 16294T 16309G 16368C
CgBetiVM037,Hap_60,16223T 16278T 16294T 16309G 16368C
CgBetiVM038,Hap_60,16223T 16278T 16294T 16309G 16368C
NgIdomaVM012,Hap_60,16223T 16278T 16294T 16309G 16368C
CgBetiVM039,Hap_61,16111A 16145A 16184T 16223T 16239T 16278T 16292T 16355T 16362C
CgBetiVM040,Hap_62,16131C 16189C 16223T 16225T 16234T 16294T 16309G
CgBetiVM041,Hap_63,16111T 16126C 16172C 16187T 16189C 16223T 16239T 16270T 16278T 16293G 16311C
CgBetiVM042,Hap_64,16129A 16184T 16187T 16189C 16223T 16278T 16294T 16301T 16311C 16360T
CgBetiVM043,Hap_64,16129A 16184T 16187T 16189C 16223T 16278T 16294T 16301T 16311C 16360T
CgBetiVM044,Hap_64,16129A 16184T 16187T 16189C 16223T 16278T 16294T 16301T 16311C 16360T
CgBetiVM045,Hap_65,16183d 16184d 16193.1T 16193.2C 16223T 16278T 16294T 16309G
CgBetiVM046,Hap_66,16223T 16247G 16264T 16278T 16311C
CgBetiVM047,Hap_67,16223T 16264T 16278T 16311C
CgBetiVM048,Hap_68,16086C 16129A 16187T 16189C 16223T 16241G 16278T 16291T 16294T 16311C
NgTivVM015,Hap_69,16126C 16187T 16189C 16223T 16264T 16270T 16274A 16278T 16293G 16311C
NgTivVM016,Hap_70,16172C 16189C 16223T 16320T 16326G
NgTivVM017,Hap_71,16114A 16129A 16213A 16223T 16278T 16355T 16362C
NgTivVM018,Hap_72,16124C 16215C 16223T 16249C 16278T 16362C
NgTivVM019,Hap_73,16148T 16172C 16187T 16188G 16189C 16223T 16230G 16311C 16320T
NgTivVM020,Hap_74,16124C 16223T 16278T 16362C
NgIdomaVM013,Hap_74,16124C 16223T 16278T 16362C
NgTivVM021,Hap_75,16092C 16223T 16278T 16294T 16309G
NgTivVM022,Hap_75,16092C 16223T 16278T 16294T 16309G
NgTivVM023,Hap_75,16092C 16223T 16278T 16294T 16309G
NgTivVM024,Hap_76,16129A 16183C 16189C 16215G 16223T 16278T 16294T 16311C 16360G
NgTivVM025,Hap_77,16129A 16145A 16209C 16223T 16235G 16274A 16292T
NgTivVM026,Hap_78,16223T 16264T 16278T
NgTivVM027,Hap_79,16129A 16148T 16168T 16172C 16187T 16188G 16189C 16223T 16230G 16311C 16320T
NgTivVM028,Hap_80,16093C 16223T 16265T
NgIgalaVM010,Hap_80,16093C 16223T 16265T
NgIgalaVM011,Hap_80,16093C 16223T 16265T
NgIdomaVM014,Hap_80,16093C 16223T 16265T
NgTivVM029,Hap_81,16193T 16223T 16278T 16294T 16309G
NgTivVM030,Hap_82,16129A 16209C 16223T 16227G 16292T 16295T 16311C
NgTivVM031,Hap_83,16093C 16148T 16172C 16187T 16188G 16189C 16223T 16230G 16311C 16320T
NgTivVM032,Hap_84,16167T 16189C 16223T 16278T 16290T 16294T 16309G
NgTivVM033,Hap_85,16093C 16187T 16189C 16223T 16265C 16278T 16286G 16291T 16294T 16311C 16320T 16360T
NgTivVM034,Hap_86,16223T 16355T
NgTivVM035,Hap_86,16223T 16355T
NgTivVM036,Hap_87,16189C 16192T 16223T 16278T 16294T 16362C
NgTivVM037,Hap_88,16086C 16223T 16274A 16278T 16293G 16294T 16309G
NgTivVM038,Hap_89,16187T 16189C 16223T 16265C 16278T 16286G 16288C 16294T 16311C 16360T
NgTivVM039,Hap_90,16124C 16223T 16256T 16368C
NgIgalaVM012,Hap_90,16124C 16223T 16256T 16368C
NgTivVM040,Hap_91,16129A 16223T 16311C 16327T
NgTivVM041,Hap_92,16189C 16223T 16278T 16294T 16309G
NgIgalaVM013,Hap_92,16189C 16223T 16278T 16294T 16309G
NgIgalaVM014,Hap_92,16189C 16223T 16278T 16294T 16309G
NgTivVM042,Hap_93,16189C 16192T 16214T 16223T 16278T 16294T 16309G
NgTivVM043,Hap_94,16223T 16278T 16293G 16294T 16309G 16368C
NgTivVM044,Hap_95,16129A 16148T 16172C 16187T 16188G 16189C 16223T 16230G 16311C 16320T
NgTivVM045,Hap_96,16172C 16223T 16278T 16311C 16318G 16320T
NgIdomaVM015,Hap_96,16172C 16223T 16278T 16311C 16318G 16320T
NgTivVM046,Hap_97,16124C 16183C 16189C 16223T 16278T 16362C
NgTivVM047,Hap_98,16093G 16223T 16243C 16287A 16293T 16301T 16311C 16355T 16362C
NgTivVM048,Hap_99,16129A 16187T 16189C 16223T 16265C 16278T 16286G 16294T 16311C 16360T
NgTivVM049,Hap_100,16129A 16183C 16189C 16223T 16260T 16327T
NgTivVM050,Hap_101,16172C 16183C 16189C 16192T 16223T 16320T
NgTivVM051,Hap_102,16176T 16223T 16327T
NgIgalaVM015,Hap_103,16129A 16223T 16278T 16292T 16294T 16309G
NgIgalaVM016,Hap_104,16086C 16223T 16278T 16294T 16309G 16368C
NgIgalaVM017,Hap_105,16172C 16223T 16278T 16294T 16309G
NgIgalaVM018,Hap_105,16172C 16223T 16278T 16294T 16309G
NgIgalaVM019,Hap_106,16179T 16223T 16327T
NgIgalaVM020,Hap_107,16124C 16176T 16223T 16241G 16278T 16362C
NgIgalaVM021,Hap_108,16124C 16223T 16274A 16278T
NgIgalaVM022,Hap_109,16172C 16189C 16223T 16320T
NgIgalaVM023,Hap_110,16051C 16172C 16223T 16264T 16311C
NgIgalaVM024,Hap_111,16223T 16309G 16327T
NgIgalaVM025,Hap_112,16124C 16223T 16278T
NgIdomaVM016,Hap_112,16124C 16223T 16278T
NgIgalaVM026,Hap_113,16114A 16129A 16213A 16223T 16278T 16355T 16356C 16362C
NgIgalaVM027,Hap_114,16114A 16129A 16213A 16223T 16278T
NgIgalaVM028,Hap_115,16114A 16129A 16213A 16223T 16278T 16362C
NgIgalaVM029,Hap_116,16129A 16183C 16189C 16223T 16278T 16294T
NgIgalaVM030,Hap_117,16223T 16294T 16320T
NgIgalaVM031,Hap_118,16185T 16223T 16264T 16269G 16327T
NgIgalaVM032,Hap_119,16129A 16150T 16187T 16189C 16223T 16260T 16278T 16293G 16294T 16311C 16360T
NgIgalaVM033,Hap_120,16223T 16288C 16320T
NgIgalaVM034,Hap_121,16051G 16189C 16223T 16264T
NgIgalaVM035,Hap_122,16172C 16183T 16223T 16320T
NgIgalaVM036,Hap_123,16129A 16187T 16189C 16223T 16265C 16286G 16294T 16311C 16360T
NgIgalaVM037,Hap_124,16111T 16124C 16223T
NgIgalaVM038,Hap_125,16209C 16223T 16292T 16311C
NgIdomaVM017,Hap_125,16209C 16223T 16292T 16311C
NgIgalaVM039,Hap_126,16093C 16172C 16183C 16189C 16223T 16320T
NgIgalaVM040,Hap_127,16223T 16301T
NgIgalaVM041,Hap_128,16221T 16223T 16278T
NgIdomaVM018,Hap_129,16176T 16223T 16311C 16327T
NgIdomaVM019,Hap_129,16176T 16223T 16311C 16327T
NgIdomaVM020,Hap_129,16176T 16223T 16311C 16327T
NgIdomaVM021,Hap_130,16126C 16187T 16189C 16223T 16261T 16264T 16270T 16278T 16293G 16311C
NgIdomaVM022,Hap_131,16066G 16223T 16264T 16266T 16270T 16278T
NgIdomaVM023,Hap_132,16111T 16124C 16223T 16309G
NgIdomaVM024,Hap_132,16111T 16124C 16223T 16309G
NgIdomaVM025,Hap_133,16172C 16184T 16189C 16219G 16234T 16278T
NgIdomaVM026,Hap_134,16051G 16223T 16264T
NgIdomaVM027,Hap_134,16051G 16223T 16264T
NgIdomaVM028,Hap_135,16111T 16126C 16187T 16189C 16223T 16239T 16270T 16278T 16293G 16311C
NgIdomaVM029,Hap_136,16126C 16187T 16189C 16223T 16264T 16270T 16278T 16311C
NgIdomaVM030,Hap_137,16223T 16256T 16278T 16294T 16309G
NgIdomaVM031,Hap_138,16124C 16223T 16288C 16311C
NgIdomaVM032,Hap_139,16209C 16223T 16235G 16274A 16292T 16311C
NgIdomaVM033,Hap_140,16124C 16223T 16260T 16278T 16362C
NgIdomaVM034,Hap_141,16223T 16304C 16327T
NgIdomaVM035,Hap_142,16086C 16223T 16278T 16294T 16309G
NgIdomaVM036,Hap_143,16172C 16183C 16189C 16216G 16223T 16320T
NgIdomaVM037,Hap_144,16172C 16223T 16327T
