ZmKundaCF001,ZAMK21,16129A 16148T 16169T 16172C 16188A 16189C 16223T 16230G 16278T 16311C 16320T 93G 146C 152C 185A 189G 195C 204C 207A 236C 247A 263G
ZmKundaCF002,ZAMK10,16129A 16148T 16168T 16172C 16187T 16188G 16189C 16223T 16230G 16311C 16320T 93G 185A 189G 236C 247A 263G
ZmKundaCF003,ZAMK30,16129A 16148T 16168T 16172C 16187T 16188G 16189C 16223T 16230G 16311C 16320T 93G 185A 189G 236C 247A 263G
ZmKundaCF004,ZAMK12,16129A 16148T 16168T 16172C 16187T 16188G 16189C 16223T 16230G 16278T 16293G 16311C 16320T 93G 95C 185A 189G 200G 236C 247A 263G
ZmBisaCF001,ZAMB03,16129A 16148T 16168T 16172C 16187T 16188G 16189C 16223T 16230G 16278T 16293G 16311C 16320T 93G 95C 185A 189G 236C 247A 263G
ZmBisaCF002,ZAMB09,16129A 16148T 16168T 16172C 16187T 16188G 16189C 16223T 16230G 16278T 16293G 16311C 16320T 93G 95C 185A 189G 236C 247A 263G
ZmBisaCF003,ZAMB22,16129A 16148T 16168T 16172C 16187T 16188G 16189C 16223T 16230G 16278T 16293G 16311C 16320T 93G 95C 185A 189G 236C 247A 263G
ZmBisaCF004,ZAMB27,16129A 16148T 16168T 16172C 16187T 16188G 16189C 16223T 16230G 16278T 16293G 16311C 16320T 93G 95C 185A 189G 236C 247A 263G
ZmBisaCF005,ZAMB33,16129A 16148T 16168T 16172C 16187T 16188G 16189C 16223T 16230G 16278T 16293G 16311C 16320T 93G 95C 185A 189G 236C 247A 263G
ZmBisaCF006,ZAMB40,16129A 16148T 16168T 16172C 16187T 16188G 16189C 16223T 16230G 16278T 16293G 16311C 16320T 93G 95C 185A 189G 236C 247A 263G
ZmKundaCF005,ZAMK27,16129A 16148T 16168T 16172C 16187T 16188G 16189C 16223T 16230G 16278T 16293G 16311C 16320T 93G 95C 185A 189G 236C 247A 263G
ZmKundaCF006,ZAMK23,16148T 16172C 16187T 16188G 16189C 16223T 16230G 16261T 16311C 16320T 64T 93G 152C 189G 204C 207A 236C 247A 263G
ZmKundaCF007,ZAMK17,16148T 16172C 16187T 16188G 16189C 16223T 16230G 16311C 16320T 64T 93G 152C 189G 204C 207A 236C 247A 263G
ZmKundaCF008,ZAMK16,16093C 16148T 16172C 16187T 16188G 16189C 16223T 16230G 16311C 16320T 64T 93G 152C 189G 236C 247A 263G
ZmBisaCF007,ZAMB14,16148T 16172C 16187T 16188G 16189C 16223T 16230G 16311C 16320T 64T 93G 152C 189G 236C 247A 263G
ZmKundaCF009,ZAMK36,16148T 16172C 16187T 16188G 16189C 16223T 16230G 16311C 16320T 64T 93G 152C 189G 236C 247A 263G
ZmKundaCF010,ZAMK13,16086C 16187T 16189C 16223T 16230G 16234T 16243C 16244A 16265G 16266T 16311C 73G 146C 152C 189G 195C 247A
ZmBisaCF008,ZAMB17,16070G 16129A 16169T 16172C 16182C 16183C 16223T 16230G 16278T 16294T 16311C 16327T 16368C 146C 152C 185A 189G 194T 198T 204C 247A 263G 316C
ZmBisaCF009,ZAMB35,16070G 16129A 16169T 16172C 16182C 16183C 16223T 16230G 16278T 16294T 16311C 16327T 16368C 146C 152C 185A 189G 194T 198T 204C 247A 263G
ZmKundaCF011,ZAMK09,16129A 16169T 16172C 16182C 16183C 16223T 16230G 16278T 16294T 16311C 16327T 16368C 146C 152C 185A 189G 194T 204C 247A 263G
ZmBisaCF010,ZAMB25,16129A 16169T 16172C 16182C 16183C 16223T 16230G 16278T 16294T 16311C 16327T 16368C 146C 152C 185A 189G 194T 204C 247A 263G
ZmBisaCF011,ZAMB02,16129A 16169T 16172C 16188T 16189C 16223T 16230G 16278T 16311C 16327T 16368C 93G 146C 152C 185A 189G 194T 205A 247A 263G
ZmKundaCF012,ZAMK11,16129A 16169T 16172C 16188T 16189C 16223T 16230G 16278T 16311C 16327T 16368C 93G 146C 152C 185A 189G 194T 205A 247A 263G
ZmBisaCF012,ZAMB11,16126C 16187T 16189C 16223T 16264T 16270T 16278T 16293G 16311C 73G 146C 152C 182T 185T 189G 195C 247A 263G 357G
ZmKundaCF013,ZAMK35,16038G 16093C 16129A 16187T 16189C 16223T 16278T 16293G 16294T 16311C 16360T 73G 151T 152C 182T 186A 189C 195C 198T 247A 263G 297G 316A
ZmBisaCF013,ZAMB08,16129A 16172C 16173T 16188A 16189C 16223T 16256T 16278T 16293G 16294T 16311C 16360T 16368C 73G 151T 152C 182T 186A 189G 195C 198T 247A 263G 297G 316A
ZmBisaCF014,ZAMB38,16129A 16172C 16173T 16188A 16189C 16223T 16256T 16278T 16293G 16294T 16311C 16360T 16368C 73G 151T 152C 182T 186A 189G 195C 198T 247A 263G 297G 316A
ZmBisaCF015,ZAMB37,16071T 16129A 16145A 16187T 16189C 16209C 16213A 16223T 16234T 16265C 16278T 16286G 16294T 16311C 16320T 16360T 73G 151T 152C 182T 186A 189C 195C 198T 247A 263G 297G 316A
ZmBisaCF016,ZAMB18,16093C 16129A 16187T 16189C 16223T 16265C 16278T 16286G 16294T 16311C 16320T 16360T 73G 151T 152C 182T 186A 189C 195C 198T 247A 263G 297G 316A
ZmBisaCF017,ZAMB01,16129A 16145A 16187T 16189C 16213A 16223T 16265C 16278T 16286G 16294T 16311C 16360T 73G 151T 152C 182T 186A 189C 195C 198T 247A 263G 297G 316A
ZmKundaCF014,ZAMK08,16129A 16187T 16189C 16223T 16259T 16265C 16278T 16286G 16292T 16294T 16311C 16320T 16360T 73G 151T 152C 182T 186A 189C 195C 198T 247A 263G 297G 316A
ZmKundaCF015,ZAMK34,16129A 16163G 16187T 16189C 16209C 16223T 16278T 16293G 16294T 16311C 16360T 73G 146C 151T 152C 182T 186A 189C 247A 263G 316A
ZmBisaCF018,ZAMB10,16129A 16163G 16187T 16189C 16209C 16223T 16278T 16293G 16294T 16311C 16360T 73G 151T 152C 182T 186A 189C 247A 263G 316A
ZmBisaCF019,ZAMB26,16129A 16187T 16189C 16209C 16223T 16278T 16293G 16294T 16311C 16360T 73G 151T 152C 182T 186A 189C 247A 263G 316A
ZmBisaCF020,ZAMB12,16093C 16129A 16183C 16189C 16215G 16223T 16278T 16294T 16311C 16327T 16355T 16360T 73G 151T 152C 182T 186A 189C 247A 263G 316A
ZmBisaCF021,ZAMB31,16189C 16223T 16234T 16249C 16278T 16294T 16295T 73G 143A 146C 152C 195C 263G
ZmBisaCF022,ZAMB28,16129A 16223T 16278T 16294T 73G 143A 146C 152C 182T 195C 263G
ZmBisaCF023,ZAMB41,16129A 16223T 16278T 16294T 73G 143A 146C 152C 182T 195C 263G
ZmBisaCF024,ZAMB06,16223T 16278T 16294T 73G 143A 146C 152C 182T 195C 263G
ZmBisaCF025,ZAMB07,16189C 16223T 16278T 16294T 16309G 73G 146C 152C 195C 198T 263G
ZmBisaCF026,ZAMB23,16189C 16223T 16278T 16294T 16309G 73G 146C 152C 195C 198T 263G
ZmKundaCF016,ZAMK01,16093C 16189C 16223T 16278T 16294T 16309G 73G 146C 152C 195C 263G
ZmBisaCF027,ZAMB42,16182C 16183C 16189C 16192T 16223T 16278T 16290T 16294T 16309G 73G 146C 152C 195C 263G
ZmBisaCF028,ZAMB32,16223T 16278T 16294T 16309G 73G 146C 152C 195C 263G
ZmBisaCF029,ZAMB36,16223T 16278T 16294T 16309G 73G 146C 152C 195C 263G
ZmBisaCF030,ZAMB16,16223T 16278T 16286? 16294T 16309G 73G 146C 152C 195C 263G
ZmBisaCF031,ZAMB04,16223T 16278T 16286T 16294T 16309G 73G 146C 152C 195C 263G
ZmBisaCF032,ZAMB29,16223T 16278T 16286T 16294T 16309G 73G 146C 152C 195C 263G
ZmBisaCF033,ZAMB30,16223T 16278T 16286T 16294T 16309G 73G 146C 152C 195C 263G
ZmBisaCF034,ZAMB43,16223T 16278T 16286T 16294T 16309G 73G 146C 152C 195C 263G
ZmKundaCF017,ZAMK15,16182C 16183C 16189C 16192? 16223T 16278T 16290T 16294T 16309G 73G 146C 152C 195C 263G
ZmKundaCF018,ZAMK03,16182C 16183C 16189C 16223T 16278T 16290T 16294T 16309G 73G 146C 152C 195C 263G
ZmKundaCF019,ZAMK31,16182C 16183C 16189C 16223T 16278T 16290T 16294T 16309G 73G 146C 152C 195C 263G
ZmKundaCF020,ZAMK05,16129A 16189C 16278T 16300G 16311C 16354T 73G 146C 150T 195C 263G
ZmKundaCF021,ZAMK32,16124N 16223T 16278T 16311C 16362C 73G 152C 199C 263G
ZmKundaCF022,ZAMK22,16124C 16223T 16278T 16311C 16362C 73G 152C 263G
ZmKundaCF023,ZAMK26,16124C 16223T 16278T 16311C 16362C 73G 152C 263G
ZmKundaCF024,ZAMK25,16093C 16124C 16223T 16278T 16362C 73G 263G
ZmBisaCF035,ZAMB24,16124C 16223T 16278T 16293G 16311C 16362C 73G 263G
ZmKundaCF025,ZAMK20,16124C 16223T 16291T 16311C 73G 152C 263G
ZmKundaCF026,ZAMK04,16124C 16223T 16278T 73G 263G
ZmKundaCF027,ZAMK18,16124C 16223T 16319A 73G 150T 152C 263G
ZmKundaCF028,ZAMK24,16124C 16223T 16319A 73G 150T 152C 263G
ZmBisaCF036,ZAMB13,16124C 16183C 16189C 16223T 16278T 16304C 16311C 73G 152C 263G
ZmKundaCF029,ZAMK06,16176T 16223T 16327T 73G 150T 152C 189G 200G 263G
ZmBisaCF037,ZAMB20,16185T 16223T 16327T 73G 150T 189G 263G
ZmBisaCF038,ZAMB05,16172C 16189C 16223T 16301T 16320T 73G 150T 195N 263G
ZmKundaCF030,ZAMK02,16223T 16265T 73G 150T 195C 263G
ZmKundaCF031,ZAMK07,16223T 16265T 73G 150T 195C 263G
ZmKundaCF032,ZAMK14,16223T 16265T 73G 150T 195C 263G
ZmKundaCF033,ZAMK19,16223T 16265T 73G 150T 195C 263G
ZmKundaCF034,ZAMK33,16223T 16265T 73G 150T 195C 263G
ZmKundaCF035,ZAMK29,16051G 16223T 16264T 73G 151T 152C 182T 186A 189C 195C 198T 247A 263G 297G 316A
ZmBisaCF039,ZAMB15,16129A 16209C 16223T 16292T 16295T 16311C 73G 189G 200G 263G 272G
ZmBisaCF040,ZAMB21,16129A 16209C 16223T 16292T 16295T 16311C 73G 189G 200G 263G 272G
ZmKundaCF036,ZAMK28,16129A 16209C 16223T 16292T 16295T 16311C 73G 189G 200G 263G 272G
ZmBisaCF041,ZAMB34,16223T 16233G 16271C 16293T 16311C 16355T 16362C 73G 146C 152C 244G 263G
ZmBisaCF042,ZAMB19,16223T 16271C 16293T 16311C 16355T 16362C 73G 146C 152C 244G 263G
